reaction_id,post_id,user_id,created_at,reaction_type
r0000001,post000001,u00037,2025-03-03T00:17:45,like
r0000002,post000002,u00112,2025-03-03T00:28:41,like
r0000003,post000002,u00033,2025-03-03T00:28:42,like
r0000004,post000002,u00050,2025-03-03T00:33:44,like
r0000005,post000002,u00006,2025-03-03T00:35:48,like
r0000006,post000002,u00308,2025-03-03T00:54:54,like
r0000007,post000002,u00370,2025-03-03T01:25:42,like
r0000008,post000001,u00052,2025-03-03T01:26:32,support
r0000009,post000001,u00117,2025-03-03T01:31:18,like
r0000010,post000001,u00046,2025-03-03T01:37:36,like
r0000011,post000001,u00105,2025-03-03T01:44:42,like
r0000012,post000001,u00105,2025-03-03T01:45:55,like
r0000013,post000001,u00397,2025-03-03T01:54:44,insightful
r0000014,post000001,u00157,2025-03-03T02:00:18,like
r0000015,post000001,u00098,2025-03-03T02:03:43,insightful
r0000016,post000001,u00090,2025-03-03T02:05:34,insightful
r0000017,post000001,u00205,2025-03-03T02:10:52,celebrate
r0000018,post000002,u00023,2025-03-03T02:11:15,support
r0000019,post000001,u00020,2025-03-03T02:23:02,like
r0000020,post000001,u00034,2025-03-03T02:33:45,like
r0000021,post000002,u00197,2025-03-03T02:35:28,support
r0000022,post000001,u00098,2025-03-03T02:36:34,like
r0000023,post000002,u00212,2025-03-03T02:39:58,like
r0000024,post000001,u00367,2025-03-03T02:48:04,like
r0000025,post000001,u00175,2025-03-03T02:57:32,like
r0000026,post000002,u00337,2025-03-03T03:09:53,like
r0000027,post000002,u00249,2025-03-03T03:16:22,like
r0000028,post000002,u00159,2025-03-03T03:20:07,like
r0000029,post000001,u00080,2025-03-03T03:23:23,like
r0000030,post000002,u00067,2025-03-03T03:29:35,like
r0000031,post000001,u00286,2025-03-03T03:34:35,like
r0000032,post000001,u00129,2025-03-03T03:34:36,like
r0000033,post000002,u00174,2025-03-03T03:34:48,celebrate
r0000034,post000003,u00211,2025-03-03T03:45:24,like
r0000035,post000003,u00108,2025-03-03T03:48:28,like
r0000036,post000003,u00290,2025-03-03T03:50:13,like
r0000037,post000002,u00308,2025-03-03T03:56:00,like
r0000038,post000001,u00157,2025-03-03T03:58:31,like
r0000039,post000001,u00249,2025-03-03T03:58:51,like
r0000040,post000001,u00290,2025-03-03T04:01:33,like
r0000041,post000001,u00003,2025-03-03T04:12:47,insightful
r0000042,post000001,u00064,2025-03-03T04:24:07,like
r0000043,post000001,u00192,2025-03-03T04:26:52,like
r0000044,post000002,u00311,2025-03-03T04:31:25,celebrate
r0000045,post000003,u00112,2025-03-03T04:43:00,like
r0000046,post000003,u00123,2025-03-03T04:50:22,like
r0000047,post000001,u00189,2025-03-03T04:52:19,like
r0000048,post000002,u00344,2025-03-03T05:02:03,like
r0000049,post000003,u00329,2025-03-03T05:23:33,like
r0000050,post000001,u00364,2025-03-03T05:31:09,like
r0000051,post000001,u00244,2025-03-03T05:31:37,like
r0000052,post000002,u00046,2025-03-03T05:42:36,like
r0000053,post000003,u00011,2025-03-03T05:42:40,like
r0000054,post000003,u00080,2025-03-03T05:46:14,like
r0000055,post000002,u00311,2025-03-03T05:49:24,like
r0000056,post000003,u00221,2025-03-03T06:06:01,like
r0000057,post000003,u00105,2025-03-03T06:10:32,like
r0000058,post000003,u00335,2025-03-03T06:21:09,like
r0000059,post000002,u00185,2025-03-03T06:29:23,like
r0000060,post000003,u00112,2025-03-03T06:31:08,like
r0000061,post000002,u00006,2025-03-03T06:41:01,insightful
r0000062,post000001,u00126,2025-03-03T07:06:08,like
r0000063,post000002,u00003,2025-03-03T07:16:13,insightful
r0000064,post000004,u00265,2025-03-03T07:16:14,like
r0000065,post000001,u00046,2025-03-03T07:25:44,celebrate
r0000066,post000001,u00201,2025-03-03T07:31:03,celebrate
r0000067,post000003,u00197,2025-03-03T07:32:26,like
r0000068,post000001,u00127,2025-03-03T07:32:58,support
r0000069,post000003,u00037,2025-03-03T07:34:18,celebrate
r0000070,post000003,u00318,2025-03-03T07:37:01,like
r0000071,post000003,u00355,2025-03-03T07:39:48,like
r0000072,post000001,u00306,2025-03-03T07:40:51,like
r0000073,post000002,u00258,2025-03-03T07:45:12,like
r0000074,post000001,u00158,2025-03-03T07:45:26,insightful
r0000075,post000002,u00006,2025-03-03T07:46:43,like
r0000076,post000001,u00212,2025-03-03T07:47:48,insightful
r0000077,post000002,u00120,2025-03-03T07:47:50,like
r0000078,post000003,u00197,2025-03-03T07:48:58,like
r0000079,post000003,u00192,2025-03-03T07:52:31,like
r0000080,post000001,u00345,2025-03-03T07:57:15,like
r0000081,post000001,u00152,2025-03-03T08:01:11,like
r0000082,post000001,u00020,2025-03-03T08:05:08,like
r0000083,post000001,u00089,2025-03-03T08:06:20,insightful
r0000084,post000004,u00262,2025-03-03T08:11:21,like
r0000085,post000007,u00225,2025-03-03T08:15:50,support
r0000086,post000006,u00018,2025-03-03T08:17:20,like
r0000087,post000001,u00137,2025-03-03T08:18:31,like
r0000088,post000003,u00330,2025-03-03T08:18:40,like
r0000089,post000006,u00089,2025-03-03T08:20:55,like
r0000090,post000005,u00335,2025-03-03T08:22:16,insightful
r0000091,post000005,u00067,2025-03-03T08:22:47,like
r0000092,post000004,u00186,2025-03-03T08:23:15,like
r0000093,post000006,u00255,2025-03-03T08:23:22,insightful
r0000094,post000003,u00107,2025-03-03T08:24:41,like
r0000095,post000003,u00259,2025-03-03T08:26:18,like
r0000096,post000005,u00205,2025-03-03T08:28:01,like
r0000097,post000006,u00399,2025-03-03T08:29:26,celebrate
r0000098,post000002,u00112,2025-03-03T08:30:53,celebrate
r0000099,post000007,u00160,2025-03-03T08:33:10,insightful
r0000100,post000007,u00011,2025-03-03T08:34:59,like
r0000101,post000001,u00174,2025-03-03T08:37:28,like
r0000102,post000003,u00250,2025-03-03T08:45:16,like
r0000103,post000007,u00192,2025-03-03T08:47:00,like
r0000104,post000002,u00129,2025-03-03T08:48:00,support
r0000105,post000007,u00249,2025-03-03T08:50:50,like
r0000106,post000003,u00129,2025-03-03T08:53:43,like
r0000107,post000001,u00350,2025-03-03T08:54:14,like
r0000108,post000002,u00197,2025-03-03T08:57:38,like
r0000109,post000006,u00399,2025-03-03T08:58:12,support
r0000110,post000001,u00221,2025-03-03T08:58:24,insightful
r0000111,post000006,u00213,2025-03-03T08:59:00,like
r0000112,post000005,u00061,2025-03-03T08:59:01,like
r0000113,post000007,u00221,2025-03-03T09:00:03,like
r0000114,post000007,u00039,2025-03-03T09:01:15,like
r0000115,post000003,u00324,2025-03-03T09:02:14,like
r0000116,post000007,u00223,2025-03-03T09:02:17,like
r0000117,post000003,u00276,2025-03-03T09:04:03,like
r0000118,post000005,u00175,2025-03-03T09:04:34,like
r0000119,post000007,u00339,2025-03-03T09:04:57,like
r0000120,post000004,u00190,2025-03-03T09:06:23,like
r0000121,post000003,u00199,2025-03-03T09:07:25,like
r0000122,post000004,u00160,2025-03-03T09:08:32,like
r0000123,post000007,u00329,2025-03-03T09:10:49,celebrate
r0000124,post000003,u00006,2025-03-03T09:12:15,support
r0000125,post000005,u00339,2025-03-03T09:12:31,insightful
r0000126,post000002,u00380,2025-03-03T09:16:43,like
r0000127,post000006,u00195,2025-03-03T09:22:41,support
r0000128,post000004,u00155,2025-03-03T09:23:48,like
r0000129,post000004,u00188,2025-03-03T09:24:31,like
r0000130,post000003,u00259,2025-03-03T09:25:46,like
r0000131,post000007,u00272,2025-03-03T09:29:16,insightful
r0000132,post000006,u00009,2025-03-03T09:29:16,like
r0000133,post000005,u00246,2025-03-03T09:29:22,like
r0000134,post000005,u00333,2025-03-03T09:34:13,celebrate
r0000135,post000002,u00040,2025-03-03T09:38:39,like
r0000136,post000007,u00329,2025-03-03T09:38:47,like
r0000137,post000006,u00196,2025-03-03T09:39:06,support
r0000138,post000006,u00244,2025-03-03T09:40:26,like
r0000139,post000002,u00213,2025-03-03T09:44:36,insightful
r0000140,post000002,u00052,2025-03-03T09:48:22,like
r0000141,post000004,u00397,2025-03-03T09:49:21,like
r0000142,post000002,u00210,2025-03-03T09:49:50,like
r0000143,post000006,u00023,2025-03-03T09:50:39,like
r0000144,post000004,u00045,2025-03-03T09:51:29,like
r0000145,post000007,u00185,2025-03-03T09:57:46,like
r0000146,post000008,u00023,2025-03-03T10:01:33,like
r0000147,post000007,u00390,2025-03-03T10:02:13,like
r0000148,post000003,u00022,2025-03-03T10:03:06,like
r0000149,post000001,u00074,2025-03-03T10:05:28,like
r0000150,post000005,u00331,2025-03-03T10:05:51,like
r0000151,post000006,u00349,2025-03-03T10:08:05,like
r0000152,post000006,u00205,2025-03-03T10:08:16,like
r0000153,post000004,u00395,2025-03-03T10:08:48,like
r0000154,post000005,u00278,2025-03-03T10:08:49,like
r0000155,post000005,u00344,2025-03-03T10:09:47,like
r0000156,post000004,u00023,2025-03-03T10:12:32,like
r0000157,post000008,u00021,2025-03-03T10:12:38,like
r0000158,post000004,u00103,2025-03-03T10:12:50,like
r0000159,post000006,u00159,2025-03-03T10:14:45,like
r0000160,post000006,u00337,2025-03-03T10:22:24,like
r0000161,post000001,u00338,2025-03-03T10:25:58,celebrate
r0000162,post000007,u00276,2025-03-03T10:27:46,support
r0000163,post000007,u00163,2025-03-03T10:28:08,insightful
r0000164,post000006,u00090,2025-03-03T10:28:09,celebrate
r0000165,post000006,u00243,2025-03-03T10:28:53,like
r0000166,post000007,u00395,2025-03-03T10:30:41,support
r0000167,post000008,u00003,2025-03-03T10:33:01,like
r0000168,post000006,u00050,2025-03-03T10:33:03,like
r0000169,post000001,u00197,2025-03-03T10:35:10,like
r0000170,post000004,u00129,2025-03-03T10:38:42,support
r0000171,post000009,u00098,2025-03-03T10:40:04,like
r0000172,post000007,u00395,2025-03-03T10:42:53,like
r0000173,post000007,u00250,2025-03-03T10:43:27,celebrate
r0000174,post000001,u00380,2025-03-03T10:45:37,like
r0000175,post000007,u00193,2025-03-03T10:45:42,like
r0000176,post000009,u00054,2025-03-03T10:46:09,like
r0000177,post000001,u00383,2025-03-03T10:48:50,celebrate
r0000178,post000009,u00050,2025-03-03T10:49:22,like
r0000179,post000010,u00073,2025-03-03T10:52:55,support
r0000180,post000004,u00063,2025-03-03T10:53:33,like
r0000181,post000010,u00268,2025-03-03T10:58:15,like
r0000182,post000006,u00399,2025-03-03T11:01:42,like
r0000183,post000008,u00203,2025-03-03T11:04:57,like
r0000184,post000001,u00029,2025-03-03T11:05:52,celebrate
r0000185,post000005,u00023,2025-03-03T11:05:59,support
r0000186,post000007,u00290,2025-03-03T11:10:32,like
r0000187,post000007,u00390,2025-03-03T11:10:45,insightful
r0000188,post000001,u00192,2025-03-03T11:15:55,like
r0000189,post000007,u00038,2025-03-03T11:16:51,like
r0000190,post000007,u00112,2025-03-03T11:19:19,like
r0000191,post000003,u00397,2025-03-03T11:23:57,support
r0000192,post000003,u00078,2025-03-03T11:24:03,like
r0000193,post000011,u00129,2025-03-03T11:30:25,celebrate
r0000194,post000007,u00335,2025-03-03T11:32:18,like
r0000195,post000001,u00223,2025-03-03T11:33:01,like
r0000196,post000007,u00051,2025-03-03T11:37:15,like
r0000197,post000001,u00005,2025-03-03T11:38:47,like
r0000198,post000010,u00306,2025-03-03T11:39:56,like
r0000199,post000003,u00054,2025-03-03T11:43:52,support
r0000200,post000008,u00063,2025-03-03T11:45:33,like
r0000201,post000011,u00251,2025-03-03T11:48:10,like
r0000202,post000001,u00268,2025-03-03T11:49:02,like
r0000203,post000003,u00174,2025-03-03T11:49:18,like
r0000204,post000005,u00006,2025-03-03T11:57:15,insightful
r0000205,post000009,u00006,2025-03-03T11:58:45,like
r0000206,post000003,u00350,2025-03-03T12:02:11,like
r0000207,post000012,u00050,2025-03-03T12:04:38,like
r0000208,post000009,u00006,2025-03-03T12:07:13,like
r0000209,post000005,u00214,2025-03-03T12:09:09,like
r0000210,post000009,u00063,2025-03-03T12:09:16,like
r0000211,post000004,u00175,2025-03-03T12:09:23,insightful
r0000212,post000006,u00054,2025-03-03T12:10:41,insightful
r0000213,post000012,u00325,2025-03-03T12:10:54,like
r0000214,post000012,u00203,2025-03-03T12:12:16,support
r0000215,post000012,u00050,2025-03-03T12:17:36,like
r0000216,post000001,u00053,2025-03-03T12:25:35,like
r0000217,post000004,u00265,2025-03-03T12:27:04,like
r0000218,post000006,u00355,2025-03-03T12:28:47,like
r0000219,post000009,u00053,2025-03-03T12:29:30,like
r0000220,post000002,u00035,2025-03-03T12:39:34,like
r0000221,post000008,u00018,2025-03-03T12:40:15,like
r0000222,post000011,u00171,2025-03-03T12:41:31,support
r0000223,post000006,u00153,2025-03-03T12:44:46,celebrate
r0000224,post000008,u00328,2025-03-03T12:50:02,like
r0000225,post000011,u00054,2025-03-03T12:50:44,like
r0000226,post000001,u00281,2025-03-03T12:52:10,support
r0000227,post000008,u00052,2025-03-03T12:52:50,like
r0000228,post000006,u00215,2025-03-03T12:54:04,like
r0000229,post000010,u00311,2025-03-03T12:54:25,like
r0000230,post000004,u00065,2025-03-03T12:56:01,celebrate
r0000231,post000009,u00103,2025-03-03T12:58:01,insightful
r0000232,post000013,u00108,2025-03-03T12:58:20,support
r0000233,post000010,u00126,2025-03-03T13:04:26,celebrate
r0000234,post000007,u00221,2025-03-03T13:09:27,like
r0000235,post000001,u00129,2025-03-03T13:10:31,like
r0000236,post000002,u00245,2025-03-03T13:12:35,support
r0000237,post000006,u00205,2025-03-03T13:15:07,like
r0000238,post000008,u00350,2025-03-03T13:15:22,like
r0000239,post000001,u00103,2025-03-03T13:15:46,insightful
r0000240,post000006,u00067,2025-03-03T13:16:31,like
r0000241,post000002,u00238,2025-03-03T13:19:37,like
r0000242,post000013,u00138,2025-03-03T13:20:56,like
r0000243,post000009,u00129,2025-03-03T13:24:26,like
r0000244,post000004,u00246,2025-03-03T13:28:37,like
r0000245,post000010,u00260,2025-03-03T13:28:55,like
r0000246,post000008,u00246,2025-03-03T13:29:11,like
r0000247,post000010,u00281,2025-03-03T13:34:57,like
r0000248,post000001,u00335,2025-03-03T13:35:43,like
r0000249,post000002,u00255,2025-03-03T13:39:12,support
r0000250,post000004,u00089,2025-03-03T13:39:49,like
r0000251,post000006,u00308,2025-03-03T13:40:27,like
r0000252,post000013,u00030,2025-03-03T13:41:04,celebrate
r0000253,post000011,u00032,2025-03-03T13:43:13,like
r0000254,post000006,u00192,2025-03-03T13:44:35,support
r0000255,post000001,u00098,2025-03-03T13:48:27,like
r0000256,post000010,u00231,2025-03-03T13:50:19,like
r0000257,post000007,u00175,2025-03-03T13:50:42,like
r0000258,post000005,u00329,2025-03-03T13:53:06,like
r0000259,post000006,u00101,2025-03-03T13:54:11,like
r0000260,post000008,u00118,2025-03-03T13:54:42,support
r0000261,post000012,u00225,2025-03-03T13:55:11,celebrate
r0000262,post000012,u00249,2025-03-03T13:56:55,like
r0000263,post000003,u00264,2025-03-03T14:01:15,like
r0000264,post000011,u00035,2025-03-03T14:03:32,like
r0000265,post000004,u00120,2025-03-03T14:04:46,like
r0000266,post000003,u00052,2025-03-03T14:07:46,like
r0000267,post000013,u00254,2025-03-03T14:15:50,like
r0000268,post000012,u00197,2025-03-03T14:18:48,like
r0000269,post000006,u00150,2025-03-03T14:18:48,like
r0000270,post000010,u00164,2025-03-03T14:23:43,support
r0000271,post000012,u00245,2025-03-03T14:29:55,celebrate
r0000272,post000004,u00120,2025-03-03T14:30:33,like
r0000273,post000007,u00067,2025-03-03T14:31:28,like
r0000274,post000010,u00048,2025-03-03T14:33:05,like
r0000275,post000005,u00221,2025-03-03T14:36:49,like
r0000276,post000004,u00054,2025-03-03T14:40:34,like
r0000277,post000004,u00089,2025-03-03T14:41:02,celebrate
r0000278,post000010,u00380,2025-03-03T14:43:23,like
r0000279,post000009,u00381,2025-03-03T14:45:21,insightful
r0000280,post000011,u00067,2025-03-03T14:48:49,like
r0000281,post000002,u00308,2025-03-03T14:49:22,celebrate
r0000282,post000008,u00073,2025-03-03T14:53:47,like
r0000283,post000002,u00117,2025-03-03T14:54:32,like
r0000284,post000010,u00053,2025-03-03T14:57:16,insightful
r0000285,post000001,u00117,2025-03-03T14:57:55,like
r0000286,post000010,u00212,2025-03-03T14:58:05,like
r0000287,post000010,u00153,2025-03-03T15:04:52,like
r0000288,post000003,u00209,2025-03-03T15:10:35,celebrate
r0000289,post000013,u00335,2025-03-03T15:13:58,like
r0000290,post000003,u00333,2025-03-03T15:15:26,like
r0000291,post000008,u00234,2025-03-03T15:18:00,like
r0000292,post000009,u00225,2025-03-03T15:18:18,like
r0000293,post000012,u00117,2025-03-03T15:20:47,like
r0000294,post000011,u00399,2025-03-03T15:20:59,like
r0000295,post000004,u00399,2025-03-03T15:21:29,like
r0000296,post000007,u00225,2025-03-03T15:27:09,like
r0000297,post000002,u00098,2025-03-03T15:28:45,like
r0000298,post000008,u00046,2025-03-03T15:28:57,like
r0000299,post000006,u00159,2025-03-03T15:37:56,like
r0000300,post000012,u00166,2025-03-03T15:40:29,like
r0000301,post000012,u00032,2025-03-03T15:42:57,like
r0000302,post000004,u00044,2025-03-03T15:45:17,like
r0000303,post000008,u00117,2025-03-03T15:48:30,like
r0000304,post000008,u00133,2025-03-03T15:50:36,like
r0000305,post000010,u00306,2025-03-03T15:53:34,celebrate
r0000306,post000001,u00221,2025-03-03T15:53:47,like
r0000307,post000014,u00190,2025-03-03T15:54:41,like
r0000308,post000004,u00259,2025-03-03T15:54:50,like
r0000309,post000012,u00355,2025-03-03T16:02:01,insightful
r0000310,post000012,u00265,2025-03-03T16:05:09,celebrate
r0000311,post000012,u00118,2025-03-03T16:05:51,support
r0000312,post000014,u00254,2025-03-03T16:07:47,like
r0000313,post000006,u00107,2025-03-03T16:10:14,like
r0000314,post000015,u00067,2025-03-03T16:11:53,like
r0000315,post000006,u00126,2025-03-03T16:12:18,like
r0000316,post000013,u00280,2025-03-03T16:13:59,like
r0000317,post000014,u00349,2025-03-03T16:17:40,like
r0000318,post000002,u00339,2025-03-03T16:23:06,celebrate
r0000319,post000005,u00046,2025-03-03T16:26:34,like
r0000320,post000014,u00221,2025-03-03T16:35:53,like
r0000321,post000015,u00211,2025-03-03T16:36:09,celebrate
r0000322,post000010,u00097,2025-03-03T16:42:56,like
r0000323,post000004,u00280,2025-03-03T16:45:08,like
r0000324,post000009,u00215,2025-03-03T17:01:09,celebrate
r0000325,post000009,u00187,2025-03-03T17:03:42,like
r0000326,post000012,u00163,2025-03-03T17:04:29,support
r0000327,post000004,u00192,2025-03-03T17:08:54,like
r0000328,post000012,u00355,2025-03-03T17:19:53,insightful
r0000329,post000005,u00096,2025-03-03T17:23:19,like
r0000330,post000004,u00325,2025-03-03T17:28:17,like
r0000331,post000007,u00335,2025-03-03T17:32:21,insightful
r0000332,post000003,u00123,2025-03-03T17:45:40,support
r0000333,post000003,u00185,2025-03-03T18:04:38,like
r0000334,post000015,u00109,2025-03-03T18:17:29,like
r0000335,post000003,u00117,2025-03-03T18:21:33,insightful
r0000336,post000001,u00087,2025-03-03T18:29:18,like
r0000337,post000016,u00268,2025-03-03T18:34:47,like
r0000338,post000004,u00090,2025-03-03T18:35:45,like
r0000339,post000015,u00262,2025-03-03T18:52:56,insightful
r0000340,post000013,u00122,2025-03-03T18:57:21,insightful
r0000341,post000008,u00046,2025-03-03T19:00:47,insightful
r0000342,post000012,u00344,2025-03-03T19:03:14,insightful
r0000343,post000005,u00011,2025-03-03T19:15:04,like
r0000344,post000001,u00050,2025-03-03T19:22:33,celebrate
r0000345,post000010,u00159,2025-03-03T19:24:31,like
r0000346,post000002,u00163,2025-03-03T19:25:56,like
r0000347,post000004,u00249,2025-03-03T19:28:04,like
r0000348,post000001,u00158,2025-03-03T19:33:00,like
r0000349,post000002,u00003,2025-03-03T19:35:58,insightful
r0000350,post000014,u00331,2025-03-03T19:39:37,celebrate
r0000351,post000009,u00268,2025-03-03T19:55:28,like
r0000352,post000009,u00227,2025-03-03T19:56:43,like
r0000353,post000006,u00185,2025-03-03T19:57:57,like
r0000354,post000016,u00190,2025-03-03T20:24:10,support
r0000355,post000005,u00196,2025-03-03T20:27:29,like
r0000356,post000011,u00097,2025-03-03T20:28:42,like
r0000357,post000011,u00353,2025-03-03T20:30:55,insightful
r0000358,post000010,u00246,2025-03-03T20:34:03,like
r0000359,post000015,u00054,2025-03-03T20:34:08,celebrate
r0000360,post000015,u00193,2025-03-03T20:37:56,like
r0000361,post000004,u00260,2025-03-03T20:46:01,like
r0000362,post000009,u00196,2025-03-03T20:49:42,like
r0000363,post000001,u00173,2025-03-03T20:55:22,like
r0000364,post000010,u00065,2025-03-03T21:02:02,like
r0000365,post000017,u00040,2025-03-03T21:02:42,like
r0000366,post000002,u00211,2025-03-03T21:10:10,celebrate
r0000367,post000002,u00376,2025-03-03T21:11:36,like
r0000368,post000008,u00281,2025-03-03T21:18:33,like
r0000369,post000010,u00127,2025-03-03T21:24:52,support
r0000370,post000007,u00074,2025-03-03T21:57:20,celebrate
r0000371,post000012,u00193,2025-03-03T22:09:16,like
r0000372,post000020,u00249,2025-03-03T22:12:22,like
r0000373,post000014,u00280,2025-03-03T22:13:21,like
r0000374,post000011,u00090,2025-03-03T22:15:13,celebrate
r0000375,post000009,u00096,2025-03-03T22:16:01,celebrate
r0000376,post000010,u00039,2025-03-03T22:28:14,like
r0000377,post000009,u00108,2025-03-03T22:38:42,like
r0000378,post000008,u00127,2025-03-03T22:38:58,support
r0000379,post000009,u00053,2025-03-03T22:42:47,like
r0000380,post000008,u00215,2025-03-03T23:00:50,insightful
r0000381,post000001,u00329,2025-03-03T23:00:50,like
r0000382,post000011,u00288,2025-03-03T23:00:58,like
r0000383,post000007,u00157,2025-03-03T23:03:45,support
r0000384,post000019,u00120,2025-03-03T23:05:51,like
r0000385,post000012,u00333,2025-03-03T23:06:06,like
r0000386,post000012,u00080,2025-03-03T23:07:45,like
r0000387,post000008,u00249,2025-03-03T23:08:13,like
r0000388,post000014,u00117,2025-03-03T23:08:19,like
r0000389,post000010,u00268,2025-03-03T23:10:40,like
r0000390,post000014,u00163,2025-03-03T23:17:09,like
r0000391,post000020,u00117,2025-03-03T23:30:57,like
r0000392,post000009,u00003,2025-03-03T23:31:12,celebrate
r0000393,post000013,u00209,2025-03-03T23:33:15,support
r0000394,post000008,u00117,2025-03-03T23:42:27,celebrate
r0000395,post000020,u00120,2025-03-03T23:47:08,like
r0000396,post000002,u00160,2025-03-03T23:52:04,insightful
r0000397,post000006,u00157,2025-03-04T00:14:21,like
r0000398,post000002,u00357,2025-03-04T00:15:20,like
r0000399,post000021,u00265,2025-03-04T00:19:52,insightful
r0000400,post000020,u00396,2025-03-04T00:30:34,like
r0000401,post000001,u00011,2025-03-04T00:39:22,celebrate
r0000402,post000021,u00271,2025-03-04T00:55:02,support
r0000403,post000005,u00120,2025-03-04T00:55:46,support
r0000404,post000011,u00209,2025-03-04T00:58:32,celebrate
r0000405,post000002,u00325,2025-03-04T01:03:56,support
r0000406,post000007,u00213,2025-03-04T01:05:36,like
r0000407,post000003,u00337,2025-03-04T01:11:25,support
r0000408,post000013,u00006,2025-03-04T01:22:17,like
r0000409,post000016,u00118,2025-03-04T01:27:27,like
r0000410,post000017,u00105,2025-03-04T01:31:10,support
r0000411,post000004,u00246,2025-03-04T01:39:34,like
r0000412,post000023,u00032,2025-03-04T02:21:04,support
r0000413,post000004,u00126,2025-03-04T02:22:36,like
r0000414,post000006,u00304,2025-03-04T02:28:53,support
r0000415,post000013,u00157,2025-03-04T02:37:45,like
r0000416,post000020,u00157,2025-03-04T02:49:29,like
r0000417,post000009,u00196,2025-03-04T02:50:06,celebrate
r0000418,post000003,u00210,2025-03-04T02:50:09,like
r0000419,post000002,u00276,2025-03-04T02:55:08,support
r0000420,post000008,u00192,2025-03-04T03:01:05,like
r0000421,post000018,u00366,2025-03-04T03:09:40,celebrate
r0000422,post000006,u00240,2025-03-04T03:11:12,support
r0000423,post000025,u00104,2025-03-04T03:17:51,like
r0000424,post000012,u00355,2025-03-04T03:19:14,insightful
r0000425,post000004,u00382,2025-03-04T03:22:38,like
r0000426,post000003,u00192,2025-03-04T03:24:05,support
r0000427,post000009,u00133,2025-03-04T03:27:15,like
r0000428,post000006,u00196,2025-03-04T03:43:08,like
r0000429,post000010,u00354,2025-03-04T03:53:36,like
r0000430,post000010,u00020,2025-03-04T04:08:35,like
r0000431,post000025,u00125,2025-03-04T04:12:15,like
r0000432,post000026,u00188,2025-03-04T04:17:14,insightful
r0000433,post000018,u00221,2025-03-04T04:17:31,like
r0000434,post000007,u00350,2025-03-04T04:21:39,celebrate
r0000435,post000023,u00120,2025-03-04T04:29:35,like
r0000436,post000006,u00020,2025-03-04T04:30:50,like
r0000437,post000018,u00060,2025-03-04T04:38:58,insightful
r0000438,post000021,u00212,2025-03-04T04:43:41,support
r0000439,post000026,u00138,2025-03-04T04:51:44,insightful
r0000440,post000009,u00317,2025-03-04T04:55:59,insightful
r0000441,post000025,u00325,2025-03-04T05:03:41,support
r0000442,post000004,u00238,2025-03-04T05:07:57,like
r0000443,post000009,u00065,2025-03-04T05:26:33,like
r0000444,post000023,u00304,2025-03-04T05:33:00,like
r0000445,post000017,u00002,2025-03-04T05:41:27,like
r0000446,post000015,u00157,2025-03-04T05:47:25,like
r0000447,post000007,u00083,2025-03-04T06:12:19,like
r0000448,post000007,u00133,2025-03-04T06:16:18,like
r0000449,post000023,u00128,2025-03-04T06:19:41,like
r0000450,post000016,u00105,2025-03-04T06:21:34,like
r0000451,post000005,u00172,2025-03-04T06:25:58,like
r0000452,post000012,u00271,2025-03-04T06:31:29,like
r0000453,post000012,u00308,2025-03-04T06:38:01,celebrate
r0000454,post000003,u00329,2025-03-04T06:38:33,insightful
r0000455,post000023,u00133,2025-03-04T06:44:39,celebrate
r0000456,post000006,u00048,2025-03-04T06:47:02,like
r0000457,post000015,u00127,2025-03-04T06:49:49,like
r0000458,post000025,u00277,2025-03-04T06:50:18,like
r0000459,post000002,u00333,2025-03-04T06:55:45,insightful
r0000460,post000004,u00048,2025-03-04T07:02:51,like
r0000461,post000024,u00175,2025-03-04T07:05:01,like
r0000462,post000017,u00067,2025-03-04T07:05:38,like
r0000463,post000004,u00173,2025-03-04T07:07:35,like
r0000464,post000020,u00006,2025-03-04T07:08:20,like
r0000465,post000007,u00035,2025-03-04T07:14:46,like
r0000466,post000006,u00397,2025-03-04T07:21:24,like
r0000467,post000015,u00127,2025-03-04T07:21:55,like
r0000468,post000004,u00380,2025-03-04T07:22:17,like
r0000469,post000002,u00032,2025-03-04T07:24:40,like
r0000470,post000008,u00380,2025-03-04T07:26:16,like
r0000471,post000003,u00268,2025-03-04T07:31:21,like
r0000472,post000002,u00212,2025-03-04T07:31:38,insightful
r0000473,post000020,u00156,2025-03-04T07:33:30,support
r0000474,post000012,u00212,2025-03-04T07:35:56,like
r0000475,post000017,u00003,2025-03-04T07:39:25,like
r0000476,post000026,u00268,2025-03-04T07:42:45,like
r0000477,post000006,u00311,2025-03-04T07:49:57,celebrate
r0000478,post000015,u00279,2025-03-04T07:55:45,like
r0000479,post000005,u00048,2025-03-04T07:59:29,support
r0000480,post000011,u00168,2025-03-04T08:05:35,like
r0000481,post000019,u00053,2025-03-04T08:10:33,insightful
r0000482,post000003,u00035,2025-03-04T08:12:12,insightful
r0000483,post000008,u00171,2025-03-04T08:12:58,celebrate
r0000484,post000021,u00094,2025-03-04T08:13:44,like
r0000485,post000012,u00125,2025-03-04T08:14:55,like
r0000486,post000010,u00098,2025-03-04T08:16:48,like
r0000487,post000011,u00046,2025-03-04T08:20:30,like
r0000488,post000001,u00214,2025-03-04T08:26:21,like
r0000489,post000008,u00280,2025-03-04T08:27:03,like
r0000490,post000007,u00193,2025-03-04T08:28:25,like
r0000491,post000020,u00083,2025-03-04T08:30:45,like
r0000492,post000002,u00032,2025-03-04T08:31:29,like
r0000493,post000004,u00293,2025-03-04T08:31:35,like
r0000494,post000018,u00085,2025-03-04T08:32:35,like
r0000495,post000014,u00230,2025-03-04T08:36:32,like
r0000496,post000005,u00065,2025-03-04T08:37:04,like
r0000497,post000014,u00168,2025-03-04T08:41:27,like
r0000498,post000018,u00344,2025-03-04T08:41:51,like
r0000499,post000006,u00188,2025-03-04T08:42:08,like
r0000500,post000021,u00192,2025-03-04T08:43:02,celebrate
r0000501,post000004,u00330,2025-03-04T08:47:21,like
r0000502,post000008,u00046,2025-03-04T08:51:07,insightful
r0000503,post000002,u00138,2025-03-04T08:51:34,like
r0000504,post000024,u00120,2025-03-04T08:53:01,celebrate
r0000505,post000003,u00282,2025-03-04T08:54:46,like
r0000506,post000028,u00006,2025-03-04T08:56:55,like
r0000507,post000002,u00035,2025-03-04T08:59:38,like
r0000508,post000022,u00288,2025-03-04T09:00:53,like
r0000509,post000027,u00343,2025-03-04T09:04:28,like
r0000510,post000019,u00343,2025-03-04T09:07:07,like
r0000511,post000004,u00253,2025-03-04T09:08:00,like
r0000512,post000021,u00291,2025-03-04T09:09:41,like
r0000513,post000015,u00337,2025-03-04T09:16:53,support
r0000514,post000016,u00291,2025-03-04T09:18:16,like
r0000515,post000021,u00146,2025-03-04T09:20:13,like
r0000516,post000018,u00246,2025-03-04T09:21:07,like
r0000517,post000024,u00011,2025-03-04T09:21:18,like
r0000518,post000004,u00097,2025-03-04T09:22:33,like
r0000519,post000017,u00050,2025-03-04T09:23:19,support
r0000520,post000019,u00344,2025-03-04T09:25:07,celebrate
r0000521,post000027,u00053,2025-03-04T09:25:53,support
r0000522,post000001,u00050,2025-03-04T09:27:03,insightful
r0000523,post000028,u00204,2025-03-04T09:28:08,like
r0000524,post000022,u00126,2025-03-04T09:29:10,like
r0000525,post000017,u00205,2025-03-04T09:31:35,like
r0000526,post000010,u00310,2025-03-04T09:32:28,like
r0000527,post000019,u00308,2025-03-04T09:33:07,support
r0000528,post000011,u00236,2025-03-04T09:34:20,like
r0000529,post000026,u00159,2025-03-04T09:34:22,like
r0000530,post000008,u00035,2025-03-04T09:34:50,celebrate
r0000531,post000022,u00293,2025-03-04T09:36:26,like
r0000532,post000004,u00022,2025-03-04T09:48:16,like
r0000533,post000001,u00350,2025-03-04T09:50:07,like
r0000534,post000004,u00331,2025-03-04T09:53:30,like
r0000535,post000022,u00305,2025-03-04T09:53:45,support
r0000536,post000010,u00350,2025-03-04T10:00:22,support
r0000537,post000017,u00236,2025-03-04T10:01:19,like
r0000538,post000004,u00196,2025-03-04T10:02:32,like
r0000539,post000011,u00034,2025-03-04T10:03:11,like
r0000540,post000004,u00053,2025-03-04T10:03:27,like
r0000541,post000016,u00125,2025-03-04T10:07:25,insightful
r0000542,post000016,u00305,2025-03-04T10:08:29,insightful
r0000543,post000022,u00173,2025-03-04T10:08:41,like
r0000544,post000019,u00223,2025-03-04T10:09:48,like
r0000545,post000003,u00197,2025-03-04T10:13:40,celebrate
r0000546,post000023,u00168,2025-03-04T10:14:51,support
r0000547,post000027,u00065,2025-03-04T10:14:53,like
r0000548,post000001,u00196,2025-03-04T10:16:30,insightful
r0000549,post000001,u00159,2025-03-04T10:20:20,like
r0000550,post000019,u00185,2025-03-04T10:22:00,like
r0000551,post000019,u00172,2025-03-04T10:29:12,insightful
r0000552,post000009,u00132,2025-03-04T10:32:38,like
r0000553,post000022,u00128,2025-03-04T10:33:18,like
r0000554,post000014,u00090,2025-03-04T10:35:55,like
r0000555,post000028,u00168,2025-03-04T10:36:05,insightful
r0000556,post000010,u00209,2025-03-04T10:40:24,support
r0000557,post000006,u00035,2025-03-04T10:40:29,celebrate
r0000558,post000002,u00052,2025-03-04T10:44:22,celebrate
r0000559,post000001,u00291,2025-03-04T10:47:12,like
r0000560,post000019,u00006,2025-03-04T10:50:05,celebrate
r0000561,post000014,u00192,2025-03-04T10:50:23,celebrate
r0000562,post000027,u00397,2025-03-04T10:51:39,like
r0000563,post000010,u00256,2025-03-04T10:51:58,celebrate
r0000564,post000010,u00329,2025-03-04T10:54:12,like
r0000565,post000022,u00006,2025-03-04T10:54:40,like
r0000566,post000013,u00341,2025-03-04T10:55:27,like
r0000567,post000015,u00329,2025-03-04T10:56:25,insightful
r0000568,post000027,u00282,2025-03-04T10:58:24,like
r0000569,post000002,u00237,2025-03-04T11:06:10,support
r0000570,post000013,u00283,2025-03-04T11:09:10,like
r0000571,post000002,u00139,2025-03-04T11:09:31,like
r0000572,post000007,u00066,2025-03-04T11:10:15,like
r0000573,post000006,u00020,2025-03-04T11:13:25,like
r0000574,post000025,u00197,2025-03-04T11:15:38,like
r0000575,post000012,u00358,2025-03-04T11:16:52,like
r0000576,post000030,u00392,2025-03-04T11:17:27,support
r0000577,post000007,u00009,2025-03-04T11:19:03,like
r0000578,post000030,u00328,2025-03-04T11:20:00,like
r0000579,post000018,u00343,2025-03-04T11:23:55,insightful
r0000580,post000032,u00244,2025-03-04T11:26:13,like
r0000581,post000006,u00291,2025-03-04T11:26:20,like
r0000582,post000030,u00328,2025-03-04T11:30:35,like
r0000583,post000024,u00124,2025-03-04T11:33:10,insightful
r0000584,post000032,u00094,2025-03-04T11:33:32,like
r0000585,post000002,u00337,2025-03-04T11:33:45,like
r0000586,post000021,u00192,2025-03-04T11:35:47,like
r0000587,post000033,u00329,2025-03-04T11:37:55,like
r0000588,post000019,u00341,2025-03-04T11:39:51,like
r0000589,post000030,u00333,2025-03-04T11:45:38,insightful
r0000590,post000004,u00074,2025-03-04T11:46:42,like
r0000591,post000032,u00114,2025-03-04T11:51:24,like
r0000592,post000032,u00277,2025-03-04T11:53:27,like
r0000593,post000029,u00329,2025-03-04T11:54:13,like
r0000594,post000009,u00205,2025-03-04T11:55:02,like
r0000595,post000014,u00065,2025-03-04T11:56:30,celebrate
r0000596,post000011,u00268,2025-03-04T12:01:49,like
r0000597,post000012,u00337,2025-03-04T12:02:04,like
r0000598,post000017,u00253,2025-03-04T12:06:45,like
r0000599,post000024,u00067,2025-03-04T12:06:51,support
r0000600,post000013,u00006,2025-03-04T12:09:10,like
r0000601,post000014,u00156,2025-03-04T12:10:17,insightful
r0000602,post000007,u00173,2025-03-04T12:11:58,like
r0000603,post000006,u00020,2025-03-04T12:12:19,like
r0000604,post000008,u00250,2025-03-04T12:19:08,insightful
r0000605,post000019,u00081,2025-03-04T12:21:29,celebrate
r0000606,post000018,u00268,2025-03-04T12:21:30,like
r0000607,post000006,u00277,2025-03-04T12:24:05,like
r0000608,post000010,u00333,2025-03-04T12:28:41,like
r0000609,post000027,u00301,2025-03-04T12:33:38,like
r0000610,post000027,u00022,2025-03-04T12:35:25,support
r0000611,post000003,u00350,2025-03-04T12:40:31,like
r0000612,post000015,u00067,2025-03-04T12:43:17,insightful
r0000613,post000012,u00392,2025-03-04T12:43:34,celebrate
r0000614,post000032,u00138,2025-03-04T12:45:00,like
r0000615,post000002,u00168,2025-03-04T12:45:52,like
r0000616,post000011,u00308,2025-03-04T12:46:14,like
r0000617,post000011,u00060,2025-03-04T12:47:12,support
r0000618,post000036,u00352,2025-03-04T12:48:34,like
r0000619,post000003,u00268,2025-03-04T12:52:07,like
r0000620,post000033,u00299,2025-03-04T12:53:31,insightful
r0000621,post000007,u00274,2025-03-04T12:55:01,like
r0000622,post000012,u00101,2025-03-04T12:57:15,like
r0000623,post000006,u00246,2025-03-04T13:02:30,celebrate
r0000624,post000005,u00060,2025-03-04T13:08:53,like
r0000625,post000006,u00034,2025-03-04T13:11:55,like
r0000626,post000002,u00096,2025-03-04T13:12:44,like
r0000627,post000020,u00306,2025-03-04T13:13:14,like
r0000628,post000018,u00066,2025-03-04T13:14:43,like
r0000629,post000014,u00231,2025-03-04T13:15:21,like
r0000630,post000014,u00193,2025-03-04T13:16:37,like
r0000631,post000029,u00369,2025-03-04T13:20:51,like
r0000632,post000022,u00351,2025-03-04T13:20:55,like
r0000633,post000026,u00156,2025-03-04T13:21:23,celebrate
r0000634,post000020,u00093,2025-03-04T13:23:41,like
r0000635,post000030,u00166,2025-03-04T13:24:04,insightful
r0000636,post000033,u00146,2025-03-04T13:26:39,celebrate
r0000637,post000036,u00393,2025-03-04T13:29:02,like
r0000638,post000006,u00003,2025-03-04T13:29:22,like
r0000639,post000024,u00087,2025-03-04T13:30:32,support
r0000640,post000035,u00264,2025-03-04T13:32:34,like
r0000641,post000022,u00225,2025-03-04T13:34:14,like
r0000642,post000023,u00307,2025-03-04T13:37:08,like
r0000643,post000013,u00282,2025-03-04T13:41:41,like
r0000644,post000028,u00066,2025-03-04T13:42:01,like
r0000645,post000007,u00291,2025-03-04T13:42:48,insightful
r0000646,post000037,u00126,2025-03-04T13:47:24,celebrate
r0000647,post000013,u00110,2025-03-04T13:50:39,like
r0000648,post000023,u00366,2025-03-04T13:57:35,like
r0000649,post000016,u00160,2025-03-04T14:08:47,like
r0000650,post000038,u00231,2025-03-04T14:10:01,like
r0000651,post000028,u00246,2025-03-04T14:11:52,like
r0000652,post000030,u00318,2025-03-04T14:14:07,like
r0000653,post000014,u00344,2025-03-04T14:16:00,like
r0000654,post000005,u00246,2025-03-04T14:17:32,insightful
r0000655,post000008,u00255,2025-03-04T14:18:50,support
r0000656,post000002,u00067,2025-03-04T14:20:21,support
r0000657,post000026,u00225,2025-03-04T14:20:43,like
r0000658,post000024,u00098,2025-03-04T14:21:03,insightful
r0000659,post000012,u00126,2025-03-04T14:23:30,like
r0000660,post000020,u00341,2025-03-04T14:30:33,like
r0000661,post000010,u00020,2025-03-04T14:35:34,like
r0000662,post000037,u00097,2025-03-04T14:36:17,like
r0000663,post000025,u00107,2025-03-04T14:43:26,like
r0000664,post000004,u00110,2025-03-04T14:45:39,celebrate
r0000665,post000002,u00098,2025-03-04T14:46:13,celebrate
r0000666,post000011,u00258,2025-03-04T14:50:45,insightful
r0000667,post000029,u00329,2025-03-04T14:51:44,like
r0000668,post000004,u00397,2025-03-04T14:52:37,like
r0000669,post000029,u00210,2025-03-04T14:59:12,support
r0000670,post000028,u00325,2025-03-04T15:00:49,like
r0000671,post000025,u00127,2025-03-04T15:02:37,celebrate
r0000672,post000005,u00185,2025-03-04T15:05:21,like
r0000673,post000003,u00225,2025-03-04T15:11:26,like
r0000674,post000017,u00187,2025-03-04T15:14:11,like
r0000675,post000020,u00089,2025-03-04T15:14:26,like
r0000676,post000018,u00268,2025-03-04T15:16:22,like
r0000677,post000027,u00101,2025-03-04T15:16:40,support
r0000678,post000025,u00067,2025-03-04T15:18:46,like
r0000679,post000018,u00236,2025-03-04T15:18:46,like
r0000680,post000035,u00268,2025-03-04T15:22:29,celebrate
r0000681,post000033,u00125,2025-03-04T15:29:03,like
r0000682,post000008,u00196,2025-03-04T15:30:56,insightful
r0000683,post000007,u00317,2025-03-04T15:31:39,like
r0000684,post000011,u00213,2025-03-04T15:34:53,like
r0000685,post000030,u00308,2025-03-04T15:35:10,like
r0000686,post000008,u00254,2025-03-04T15:35:32,like
r0000687,post000017,u00020,2025-03-04T15:37:32,like
r0000688,post000034,u00074,2025-03-04T15:38:59,insightful
r0000689,post000021,u00065,2025-03-04T15:42:27,like
r0000690,post000012,u00168,2025-03-04T15:43:46,celebrate
r0000691,post000029,u00308,2025-03-04T15:45:15,like
r0000692,post000037,u00240,2025-03-04T15:47:08,like
r0000693,post000016,u00231,2025-03-04T15:48:03,like
r0000694,post000002,u00307,2025-03-04T15:50:38,like
r0000695,post000029,u00193,2025-03-04T15:50:56,celebrate
r0000696,post000007,u00125,2025-03-04T15:57:31,like
r0000697,post000003,u00343,2025-03-04T16:02:24,like
r0000698,post000003,u00265,2025-03-04T16:03:36,like
r0000699,post000035,u00230,2025-03-04T16:06:55,support
r0000700,post000011,u00020,2025-03-04T16:15:55,insightful
r0000701,post000033,u00020,2025-03-04T16:17:51,insightful
r0000702,post000028,u00156,2025-03-04T16:21:38,like
r0000703,post000013,u00311,2025-03-04T16:24:57,like
r0000704,post000003,u00330,2025-03-04T16:26:31,like
r0000705,post000025,u00099,2025-03-04T16:26:44,like
r0000706,post000005,u00120,2025-03-04T16:40:15,like
r0000707,post000021,u00173,2025-03-04T16:43:36,like
r0000708,post000015,u00274,2025-03-04T16:48:30,like
r0000709,post000019,u00057,2025-03-04T16:53:13,like
r0000710,post000003,u00318,2025-03-04T16:55:33,like
r0000711,post000015,u00023,2025-03-04T16:58:16,support
r0000712,post000021,u00291,2025-03-04T17:02:30,support
r0000713,post000035,u00301,2025-03-04T17:06:28,like
r0000714,post000005,u00083,2025-03-04T17:09:58,like
r0000715,post000029,u00197,2025-03-04T17:12:50,like
r0000716,post000037,u00337,2025-03-04T17:20:23,insightful
r0000717,post000037,u00328,2025-03-04T17:22:05,like
r0000718,post000024,u00264,2025-03-04T17:35:33,like
r0000719,post000027,u00011,2025-03-04T17:41:08,like
r0000720,post000019,u00094,2025-03-04T17:42:38,like
r0000721,post000001,u00020,2025-03-04T17:46:32,support
r0000722,post000040,u00065,2025-03-04T18:06:02,celebrate
r0000723,post000007,u00114,2025-03-04T18:11:10,celebrate
r0000724,post000041,u00328,2025-03-04T18:15:21,like
r0000725,post000033,u00018,2025-03-04T18:37:14,like
r0000726,post000010,u00291,2025-03-04T18:44:01,support
r0000727,post000044,u00003,2025-03-04T18:55:53,like
r0000728,post000043,u00249,2025-03-04T19:08:08,like
r0000729,post000026,u00308,2025-03-04T19:11:39,like
r0000730,post000001,u00132,2025-03-04T19:11:53,like
r0000731,post000023,u00380,2025-03-04T19:39:28,like
r0000732,post000013,u00131,2025-03-04T19:39:56,like
r0000733,post000032,u00341,2025-03-04T19:40:07,insightful
r0000734,post000036,u00254,2025-03-04T19:40:45,like
r0000735,post000018,u00237,2025-03-04T19:50:19,celebrate
r0000736,post000008,u00350,2025-03-04T19:59:26,insightful
r0000737,post000015,u00329,2025-03-04T20:09:48,celebrate
r0000738,post000015,u00185,2025-03-04T20:11:11,celebrate
r0000739,post000025,u00071,2025-03-04T20:11:48,celebrate
r0000740,post000020,u00350,2025-03-04T20:14:34,support
r0000741,post000020,u00065,2025-03-04T20:21:17,like
r0000742,post000030,u00318,2025-03-04T20:23:43,like
r0000743,post000036,u00128,2025-03-04T20:27:20,like
r0000744,post000023,u00062,2025-03-04T20:41:12,insightful
r0000745,post000008,u00046,2025-03-04T20:41:41,like
r0000746,post000045,u00125,2025-03-04T20:43:16,like
r0000747,post000036,u00318,2025-03-04T20:59:30,celebrate
r0000748,post000003,u00305,2025-03-04T21:03:40,like
r0000749,post000017,u00256,2025-03-04T21:06:59,celebrate
r0000750,post000037,u00070,2025-03-04T21:14:06,like
r0000751,post000033,u00026,2025-03-04T21:25:20,like
r0000752,post000033,u00080,2025-03-04T21:32:33,celebrate
r0000753,post000006,u00098,2025-03-04T21:36:23,like
r0000754,post000030,u00371,2025-03-04T21:47:32,like
r0000755,post000043,u00271,2025-03-04T21:53:01,like
r0000756,post000025,u00047,2025-03-04T21:54:51,insightful
r0000757,post000019,u00133,2025-03-04T21:56:52,celebrate
r0000758,post000022,u00358,2025-03-04T22:06:40,like
r0000759,post000008,u00265,2025-03-04T22:10:53,like
r0000760,post000006,u00087,2025-03-04T22:15:41,support
r0000761,post000027,u00006,2025-03-04T22:16:48,support
r0000762,post000015,u00080,2025-03-04T22:39:01,like
r0000763,post000034,u00237,2025-03-04T22:41:43,like
r0000764,post000006,u00337,2025-03-04T22:43:26,like
r0000765,post000014,u00105,2025-03-04T22:47:33,celebrate
r0000766,post000024,u00394,2025-03-04T22:57:12,like
r0000767,post000011,u00268,2025-03-04T22:58:52,like
r0000768,post000029,u00149,2025-03-04T23:00:46,insightful
r0000769,post000011,u00301,2025-03-04T23:06:29,like
r0000770,post000006,u00318,2025-03-04T23:07:42,like
r0000771,post000020,u00003,2025-03-04T23:16:06,like
r0000772,post000045,u00279,2025-03-04T23:16:16,celebrate
r0000773,post000039,u00120,2025-03-04T23:29:33,celebrate
r0000774,post000040,u00080,2025-03-04T23:45:55,like
r0000775,post000015,u00240,2025-03-04T23:49:21,like
r0000776,post000011,u00189,2025-03-04T23:53:46,like
r0000777,post000022,u00037,2025-03-05T00:05:27,like
r0000778,post000005,u00196,2025-03-05T00:06:42,like
r0000779,post000014,u00241,2025-03-05T00:09:11,like
r0000780,post000011,u00283,2025-03-05T00:11:03,like
r0000781,post000040,u00241,2025-03-05T00:13:07,like
r0000782,post000044,u00185,2025-03-05T00:15:09,like
r0000783,post000005,u00252,2025-03-05T00:15:52,like
r0000784,post000035,u00040,2025-03-05T00:26:41,like
r0000785,post000016,u00299,2025-03-05T00:41:30,like
r0000786,post000045,u00262,2025-03-05T00:45:29,like
r0000787,post000009,u00329,2025-03-05T00:46:17,like
r0000788,post000012,u00317,2025-03-05T00:46:31,like
r0000789,post000036,u00249,2025-03-05T00:52:28,celebrate
r0000790,post000013,u00226,2025-03-05T00:58:13,like
r0000791,post000043,u00185,2025-03-05T01:19:26,like
r0000792,post000006,u00098,2025-03-05T01:19:28,like
r0000793,post000039,u00204,2025-03-05T01:22:40,like
r0000794,post000009,u00350,2025-03-05T01:35:46,insightful
r0000795,post000013,u00085,2025-03-05T01:38:36,like
r0000796,post000022,u00286,2025-03-05T01:56:29,like
r0000797,post000026,u00101,2025-03-05T02:05:17,like
r0000798,post000006,u00393,2025-03-05T02:10:50,like
r0000799,post000001,u00221,2025-03-05T02:40:02,like
r0000800,post000040,u00329,2025-03-05T02:41:16,like
r0000801,post000021,u00210,2025-03-05T02:45:48,like
r0000802,post000024,u00031,2025-03-05T02:48:50,celebrate
r0000803,post000007,u00253,2025-03-05T03:09:09,insightful
r0000804,post000045,u00036,2025-03-05T03:30:20,like
r0000805,post000022,u00089,2025-03-05T03:32:44,support
r0000806,post000015,u00023,2025-03-05T03:35:02,like
r0000807,post000007,u00014,2025-03-05T03:36:26,like
r0000808,post000038,u00066,2025-03-05T03:43:18,like
r0000809,post000002,u00326,2025-03-05T03:47:20,like
r0000810,post000023,u00033,2025-03-05T03:48:48,like
r0000811,post000048,u00244,2025-03-05T03:54:38,like
r0000812,post000015,u00299,2025-03-05T04:03:48,support
r0000813,post000037,u00276,2025-03-05T04:13:11,celebrate
r0000814,post000045,u00039,2025-03-05T04:13:54,like
r0000815,post000035,u00036,2025-03-05T04:16:09,like
r0000816,post000004,u00335,2025-03-05T04:16:57,like
r0000817,post000031,u00170,2025-03-05T04:19:59,like
r0000818,post000044,u00019,2025-03-05T04:23:45,like
r0000819,post000051,u00320,2025-03-05T04:23:57,like
r0000820,post000013,u00133,2025-03-05T04:28:43,like
r0000821,post000027,u00105,2025-03-05T04:30:00,like
r0000822,post000002,u00205,2025-03-05T04:30:06,support
r0000823,post000020,u00265,2025-03-05T04:30:16,insightful
r0000824,post000041,u00046,2025-03-05T04:31:44,like
r0000825,post000039,u00173,2025-03-05T04:34:53,like
r0000826,post000028,u00089,2025-03-05T04:39:37,like
r0000827,post000026,u00276,2025-03-05T04:57:19,like
r0000828,post000003,u00221,2025-03-05T05:00:08,like
r0000829,post000017,u00112,2025-03-05T05:04:56,like
r0000830,post000006,u00190,2025-03-05T05:07:51,insightful
r0000831,post000021,u00154,2025-03-05T05:11:05,like
r0000832,post000004,u00080,2025-03-05T05:11:15,like
r0000833,post000049,u00114,2025-03-05T05:23:52,celebrate
r0000834,post000010,u00290,2025-03-05T05:27:29,like
r0000835,post000001,u00237,2025-03-05T05:32:43,support
r0000836,post000040,u00126,2025-03-05T05:54:33,like
r0000837,post000002,u00015,2025-03-05T06:00:28,insightful
r0000838,post000041,u00397,2025-03-05T06:14:33,like
r0000839,post000003,u00086,2025-03-05T06:34:50,like
r0000840,post000024,u00352,2025-03-05T06:38:13,like
r0000841,post000018,u00120,2025-03-05T06:44:09,celebrate
r0000842,post000018,u00209,2025-03-05T06:45:58,like
r0000843,post000047,u00291,2025-03-05T06:52:18,celebrate
r0000844,post000021,u00237,2025-03-05T06:59:30,like
r0000845,post000007,u00265,2025-03-05T07:04:31,like
r0000846,post000051,u00321,2025-03-05T07:09:24,like
r0000847,post000038,u00196,2025-03-05T07:16:35,like
r0000848,post000011,u00050,2025-03-05T07:21:31,like
r0000849,post000049,u00153,2025-03-05T07:25:55,like
r0000850,post000023,u00037,2025-03-05T07:30:00,insightful
r0000851,post000006,u00098,2025-03-05T07:33:42,insightful
r0000852,post000005,u00244,2025-03-05T07:38:52,insightful
r0000853,post000040,u00291,2025-03-05T07:39:53,like
r0000854,post000028,u00011,2025-03-05T07:41:30,like
r0000855,post000025,u00117,2025-03-05T07:42:34,like
r0000856,post000040,u00293,2025-03-05T07:44:54,like
r0000857,post000022,u00029,2025-03-05T07:51:28,like
r0000858,post000024,u00087,2025-03-05T07:52:49,like
r0000859,post000041,u00114,2025-03-05T07:54:26,like
r0000860,post000013,u00380,2025-03-05T07:55:01,support
r0000861,post000005,u00264,2025-03-05T07:55:47,like
r0000862,post000025,u00131,2025-03-05T07:56:57,celebrate
r0000863,post000019,u00221,2025-03-05T08:07:01,support
r0000864,post000025,u00307,2025-03-05T08:09:20,like
r0000865,post000024,u00114,2025-03-05T08:13:44,celebrate
r0000866,post000025,u00329,2025-03-05T08:15:54,celebrate
r0000867,post000021,u00159,2025-03-05T08:16:51,like
r0000868,post000024,u00117,2025-03-05T08:19:51,like
r0000869,post000037,u00033,2025-03-05T08:23:38,celebrate
r0000870,post000037,u00399,2025-03-05T08:25:59,like
r0000871,post000003,u00335,2025-03-05T08:31:48,like
r0000872,post000010,u00190,2025-03-05T08:33:56,support
r0000873,post000053,u00272,2025-03-05T08:34:34,like
r0000874,post000032,u00264,2025-03-05T08:36:06,like
r0000875,post000038,u00185,2025-03-05T08:40:47,like
r0000876,post000039,u00313,2025-03-05T08:44:32,support
r0000877,post000045,u00350,2025-03-05T08:47:28,like
r0000878,post000022,u00035,2025-03-05T08:48:15,celebrate
r0000879,post000056,u00383,2025-03-05T08:49:54,support
r0000880,post000042,u00265,2025-03-05T08:53:59,like
r0000881,post000036,u00158,2025-03-05T08:55:40,like
r0000882,post000049,u00291,2025-03-05T08:57:30,insightful
r0000883,post000038,u00118,2025-03-05T08:57:55,like
r0000884,post000048,u00313,2025-03-05T08:57:55,like
r0000885,post000031,u00112,2025-03-05T09:01:47,insightful
r0000886,post000023,u00383,2025-03-05T09:04:33,like
r0000887,post000044,u00225,2025-03-05T09:05:53,like
r0000888,post000039,u00212,2025-03-05T09:06:12,like
r0000889,post000054,u00221,2025-03-05T09:07:17,like
r0000890,post000013,u00267,2025-03-05T09:07:32,support
r0000891,post000039,u00337,2025-03-05T09:11:32,like
r0000892,post000024,u00371,2025-03-05T09:11:59,celebrate
r0000893,post000010,u00096,2025-03-05T09:13:33,like
r0000894,post000028,u00332,2025-03-05T09:18:02,like
r0000895,post000022,u00159,2025-03-05T09:20:51,celebrate
r0000896,post000037,u00082,2025-03-05T09:22:31,support
r0000897,post000028,u00341,2025-03-05T09:25:10,insightful
r0000898,post000019,u00371,2025-03-05T09:25:57,insightful
r0000899,post000018,u00129,2025-03-05T09:31:44,like
r0000900,post000031,u00351,2025-03-05T09:33:31,like
r0000901,post000037,u00129,2025-03-05T09:33:50,support
r0000902,post000044,u00006,2025-03-05T09:35:47,support
r0000903,post000014,u00291,2025-03-05T09:37:56,insightful
r0000904,post000032,u00023,2025-03-05T09:38:46,like
r0000905,post000004,u00194,2025-03-05T09:39:18,support
r0000906,post000019,u00274,2025-03-05T09:42:32,like
r0000907,post000033,u00105,2025-03-05T09:42:33,like
r0000908,post000019,u00187,2025-03-05T09:42:40,like
r0000909,post000038,u00011,2025-03-05T09:43:26,support
r0000910,post000016,u00030,2025-03-05T09:44:51,support
r0000911,post000037,u00210,2025-03-05T09:44:57,like
r0000912,post000035,u00031,2025-03-05T09:45:38,like
r0000913,post000033,u00325,2025-03-05T09:47:02,like
r0000914,post000016,u00192,2025-03-05T09:47:11,support
r0000915,post000054,u00112,2025-03-05T09:47:15,insightful
r0000916,post000014,u00033,2025-03-05T09:49:43,support
r0000917,post000048,u00250,2025-03-05T09:51:54,like
r0000918,post000035,u00209,2025-03-05T09:53:30,support
r0000919,post000039,u00006,2025-03-05T09:53:44,support
r0000920,post000017,u00230,2025-03-05T09:55:34,like
r0000921,post000033,u00393,2025-03-05T09:58:13,like
r0000922,post000013,u00347,2025-03-05T09:58:39,celebrate
r0000923,post000052,u00221,2025-03-05T10:00:27,like
r0000924,post000034,u00349,2025-03-05T10:00:49,like
r0000925,post000046,u00262,2025-03-05T10:01:24,like
r0000926,post000052,u00039,2025-03-05T10:01:57,like
r0000927,post000006,u00146,2025-03-05T10:03:08,like
r0000928,post000016,u00363,2025-03-05T10:06:44,support
r0000929,post000042,u00335,2025-03-05T10:07:14,like
r0000930,post000044,u00267,2025-03-05T10:08:50,like
r0000931,post000052,u00065,2025-03-05T10:11:16,celebrate
r0000932,post000035,u00399,2025-03-05T10:12:25,celebrate
r0000933,post000012,u00187,2025-03-05T10:13:13,like
r0000934,post000031,u00028,2025-03-05T10:15:43,insightful
r0000935,post000020,u00337,2025-03-05T10:28:15,like
r0000936,post000045,u00241,2025-03-05T10:29:40,like
r0000937,post000023,u00171,2025-03-05T10:30:01,like
r0000938,post000052,u00384,2025-03-05T10:31:37,celebrate
r0000939,post000046,u00384,2025-03-05T10:32:39,like
r0000940,post000048,u00353,2025-03-05T10:36:04,like
r0000941,post000006,u00294,2025-03-05T10:37:03,like
r0000942,post000004,u00035,2025-03-05T10:38:19,celebrate
r0000943,post000004,u00129,2025-03-05T10:39:20,like
r0000944,post000001,u00221,2025-03-05T10:44:28,like
r0000945,post000011,u00112,2025-03-05T10:45:13,like
r0000946,post000055,u00159,2025-03-05T10:46:08,like
r0000947,post000014,u00383,2025-03-05T10:47:25,support
r0000948,post000046,u00245,2025-03-05T10:49:12,like
r0000949,post000044,u00253,2025-03-05T10:52:52,like
r0000950,post000022,u00202,2025-03-05T10:56:49,like
r0000951,post000002,u00055,2025-03-05T10:58:51,like
r0000952,post000016,u00225,2025-03-05T11:02:03,like
r0000953,post000003,u00114,2025-03-05T11:03:50,like
r0000954,post000025,u00311,2025-03-05T11:04:01,support
r0000955,post000031,u00112,2025-03-05T11:04:07,like
r0000956,post000009,u00317,2025-03-05T11:04:19,like
r0000957,post000005,u00352,2025-03-05T11:07:11,insightful
r0000958,post000007,u00270,2025-03-05T11:10:18,like
r0000959,post000050,u00125,2025-03-05T11:11:46,like
r0000960,post000029,u00101,2025-03-05T11:12:05,celebrate
r0000961,post000052,u00221,2025-03-05T11:12:14,like
r0000962,post000037,u00153,2025-03-05T11:12:21,support
r0000963,post000009,u00046,2025-03-05T11:15:59,like
r0000964,post000040,u00062,2025-03-05T11:20:41,celebrate
r0000965,post000059,u00158,2025-03-05T11:21:04,insightful
r0000966,post000024,u00249,2025-03-05T11:21:32,insightful
r0000967,post000054,u00263,2025-03-05T11:22:16,celebrate
r0000968,post000025,u00071,2025-03-05T11:22:17,support
r0000969,post000006,u00244,2025-03-05T11:23:29,like
r0000970,post000035,u00040,2025-03-05T11:25:16,like
r0000971,post000015,u00245,2025-03-05T11:25:52,celebrate
r0000972,post000028,u00155,2025-03-05T11:27:12,like
r0000973,post000017,u00164,2025-03-05T11:28:08,like
r0000974,post000053,u00185,2025-03-05T11:30:21,like
r0000975,post000024,u00039,2025-03-05T11:30:34,like
r0000976,post000043,u00065,2025-03-05T11:32:39,like
r0000977,post000040,u00338,2025-03-05T11:32:50,like
r0000978,post000015,u00124,2025-03-05T11:33:25,like
r0000979,post000030,u00329,2025-03-05T11:36:59,like
r0000980,post000043,u00030,2025-03-05T11:39:08,like
r0000981,post000059,u00023,2025-03-05T11:39:25,celebrate
r0000982,post000009,u00128,2025-03-05T11:44:16,like
r0000983,post000016,u00190,2025-03-05T11:45:04,support
r0000984,post000008,u00278,2025-03-05T11:46:04,celebrate
r0000985,post000043,u00011,2025-03-05T11:47:21,like
r0000986,post000016,u00128,2025-03-05T11:50:01,like
r0000987,post000029,u00067,2025-03-05T11:51:20,like
r0000988,post000005,u00046,2025-03-05T11:52:33,insightful
r0000989,post000045,u00360,2025-03-05T11:55:42,like
r0000990,post000004,u00215,2025-03-05T11:55:46,like
r0000991,post000059,u00236,2025-03-05T11:56:34,celebrate
r0000992,post000016,u00050,2025-03-05T11:57:08,like
r0000993,post000014,u00277,2025-03-05T11:59:53,like
r0000994,post000046,u00265,2025-03-05T12:05:17,celebrate
r0000995,post000011,u00196,2025-03-05T12:05:39,like
r0000996,post000054,u00129,2025-03-05T12:05:45,like
r0000997,post000012,u00383,2025-03-05T12:06:02,like
r0000998,post000020,u00006,2025-03-05T12:08:48,support
r0000999,post000051,u00129,2025-03-05T12:10:39,celebrate
r0001000,post000050,u00212,2025-03-05T12:10:43,support
r0001001,post000058,u00203,2025-03-05T12:11:39,like
r0001002,post000025,u00213,2025-03-05T12:14:06,like
r0001003,post000030,u00046,2025-03-05T12:17:55,like
r0001004,post000024,u00006,2025-03-05T12:18:13,like
r0001005,post000030,u00247,2025-03-05T12:21:13,like
r0001006,post000055,u00048,2025-03-05T12:21:31,like
r0001007,post000006,u00253,2025-03-05T12:23:26,like
r0001008,post000051,u00393,2025-03-05T12:28:07,like
r0001009,post000054,u00057,2025-03-05T12:32:01,like
r0001010,post000045,u00210,2025-03-05T12:32:56,like
r0001011,post000057,u00329,2025-03-05T12:34:47,like
r0001012,post000060,u00238,2025-03-05T12:35:29,like
r0001013,post000019,u00048,2025-03-05T12:37:19,like
r0001014,post000038,u00253,2025-03-05T12:37:38,like
r0001015,post000005,u00397,2025-03-05T12:40:21,like
r0001016,post000015,u00065,2025-03-05T12:41:28,support
r0001017,post000042,u00050,2025-03-05T12:41:34,like
r0001018,post000051,u00094,2025-03-05T12:47:01,like
r0001019,post000059,u00337,2025-03-05T12:47:10,like
r0001020,post000017,u00313,2025-03-05T12:49:22,like
r0001021,post000052,u00231,2025-03-05T12:50:48,like
r0001022,post000008,u00126,2025-03-05T12:50:54,like
r0001023,post000017,u00317,2025-03-05T12:53:54,like
r0001024,post000006,u00147,2025-03-05T12:54:54,like
r0001025,post000023,u00164,2025-03-05T12:55:38,celebrate
r0001026,post000041,u00046,2025-03-05T12:56:07,like
r0001027,post000035,u00203,2025-03-05T12:56:08,like
r0001028,post000020,u00267,2025-03-05T13:00:29,like
r0001029,post000065,u00022,2025-03-05T13:03:06,like
r0001030,post000064,u00244,2025-03-05T13:03:56,like
r0001031,post000023,u00011,2025-03-05T13:06:52,like
r0001032,post000047,u00381,2025-03-05T13:08:34,like
r0001033,post000055,u00006,2025-03-05T13:09:49,like
r0001034,post000060,u00306,2025-03-05T13:14:32,like
r0001035,post000013,u00190,2025-03-05T13:15:54,like
r0001036,post000012,u00236,2025-03-05T13:24:56,like
r0001037,post000059,u00023,2025-03-05T13:26:01,celebrate
r0001038,post000024,u00264,2025-03-05T13:26:50,celebrate
r0001039,post000034,u00223,2025-03-05T13:27:07,like
r0001040,post000016,u00033,2025-03-05T13:32:06,like
r0001041,post000032,u00060,2025-03-05T13:33:45,like
r0001042,post000035,u00138,2025-03-05T13:38:38,like
r0001043,post000041,u00185,2025-03-05T13:39:44,support
r0001044,post000064,u00124,2025-03-05T13:40:11,like
r0001045,post000044,u00263,2025-03-05T13:44:57,like
r0001046,post000056,u00286,2025-03-05T13:45:28,insightful
r0001047,post000012,u00186,2025-03-05T13:45:29,like
r0001048,post000051,u00052,2025-03-05T13:51:40,insightful
r0001049,post000050,u00360,2025-03-05T13:52:50,like
r0001050,post000025,u00212,2025-03-05T13:53:14,like
r0001051,post000055,u00087,2025-03-05T13:56:25,like
r0001052,post000011,u00039,2025-03-05T13:59:14,support
r0001053,post000022,u00067,2025-03-05T13:59:59,support
r0001054,post000053,u00037,2025-03-05T14:04:19,celebrate
r0001055,post000068,u00093,2025-03-05T14:06:30,insightful
r0001056,post000020,u00186,2025-03-05T14:08:14,insightful
r0001057,post000045,u00318,2025-03-05T14:11:46,support
r0001058,post000052,u00380,2025-03-05T14:18:55,like
r0001059,post000037,u00048,2025-03-05T14:19:16,like
r0001060,post000014,u00212,2025-03-05T14:21:00,like
r0001061,post000040,u00043,2025-03-05T14:21:29,like
r0001062,post000025,u00019,2025-03-05T14:21:31,like
r0001063,post000040,u00263,2025-03-05T14:25:17,like
r0001064,post000055,u00317,2025-03-05T14:27:10,like
r0001065,post000027,u00225,2025-03-05T14:31:19,like
r0001066,post000047,u00064,2025-03-05T14:35:31,like
r0001067,post000055,u00255,2025-03-05T14:36:06,insightful
r0001068,post000063,u00267,2025-03-05T14:36:33,like
r0001069,post000014,u00235,2025-03-05T14:39:47,like
r0001070,post000044,u00039,2025-03-05T14:41:04,celebrate
r0001071,post000032,u00291,2025-03-05T14:45:42,celebrate
r0001072,post000063,u00036,2025-03-05T14:48:15,insightful
r0001073,post000033,u00335,2025-03-05T14:48:29,like
r0001074,post000012,u00276,2025-03-05T14:54:10,like
r0001075,post000046,u00047,2025-03-05T14:55:52,like
r0001076,post000027,u00082,2025-03-05T14:57:59,like
r0001077,post000066,u00312,2025-03-05T14:58:03,like
r0001078,post000033,u00237,2025-03-05T14:58:36,like
r0001079,post000048,u00039,2025-03-05T15:00:38,celebrate
r0001080,post000010,u00393,2025-03-05T15:03:50,insightful
r0001081,post000015,u00117,2025-03-05T15:07:31,like
r0001082,post000021,u00349,2025-03-05T15:07:47,like
r0001083,post000012,u00000,2025-03-05T15:08:12,support
r0001084,post000045,u00142,2025-03-05T15:08:29,like
r0001085,post000018,u00299,2025-03-05T15:12:25,like
r0001086,post000020,u00040,2025-03-05T15:12:41,insightful
r0001087,post000050,u00291,2025-03-05T15:13:09,like
r0001088,post000016,u00330,2025-03-05T15:13:43,support
r0001089,post000021,u00171,2025-03-05T15:14:56,like
r0001090,post000035,u00192,2025-03-05T15:18:26,like
r0001091,post000031,u00267,2025-03-05T15:19:30,support
r0001092,post000017,u00306,2025-03-05T15:19:57,support
r0001093,post000035,u00274,2025-03-05T15:35:10,like
r0001094,post000042,u00341,2025-03-05T15:36:33,like
r0001095,post000012,u00196,2025-03-05T15:38:20,insightful
r0001096,post000060,u00150,2025-03-05T15:38:40,like
r0001097,post000042,u00381,2025-03-05T15:38:59,support
r0001098,post000038,u00389,2025-03-05T15:40:07,like
r0001099,post000063,u00117,2025-03-05T15:43:50,like
r0001100,post000050,u00397,2025-03-05T15:52:27,like
r0001101,post000033,u00252,2025-03-05T15:53:15,insightful
r0001102,post000043,u00032,2025-03-05T15:55:05,like
r0001103,post000037,u00335,2025-03-05T16:05:23,like
r0001104,post000015,u00065,2025-03-05T16:06:15,like
r0001105,post000024,u00067,2025-03-05T16:06:20,like
r0001106,post000059,u00117,2025-03-05T16:07:07,like
r0001107,post000025,u00164,2025-03-05T16:07:53,like
r0001108,post000065,u00073,2025-03-05T16:12:00,like
r0001109,post000012,u00048,2025-03-05T16:14:08,insightful
r0001110,post000053,u00245,2025-03-05T16:16:46,insightful
r0001111,post000037,u00293,2025-03-05T16:16:47,celebrate
r0001112,post000070,u00070,2025-03-05T16:17:42,like
r0001113,post000046,u00205,2025-03-05T16:18:42,insightful
r0001114,post000071,u00305,2025-03-05T16:19:58,like
r0001115,post000033,u00187,2025-03-05T16:21:37,like
r0001116,post000019,u00126,2025-03-05T16:22:44,like
r0001117,post000067,u00071,2025-03-05T16:23:24,celebrate
r0001118,post000070,u00326,2025-03-05T16:25:18,like
r0001119,post000029,u00381,2025-03-05T16:26:15,like
r0001120,post000055,u00190,2025-03-05T16:28:46,like
r0001121,post000063,u00249,2025-03-05T16:29:29,like
r0001122,post000069,u00048,2025-03-05T16:29:37,insightful
r0001123,post000070,u00080,2025-03-05T16:33:59,celebrate
r0001124,post000057,u00202,2025-03-05T16:49:19,like
r0001125,post000068,u00221,2025-03-05T16:49:49,support
r0001126,post000051,u00125,2025-03-05T16:52:42,like
r0001127,post000034,u00036,2025-03-05T16:55:36,like
r0001128,post000045,u00073,2025-03-05T16:56:24,like
r0001129,post000020,u00110,2025-03-05T17:02:55,support
r0001130,post000066,u00230,2025-03-05T17:03:02,insightful
r0001131,post000059,u00032,2025-03-05T17:03:50,like
r0001132,post000040,u00051,2025-03-05T17:04:47,like
r0001133,post000053,u00105,2025-03-05T17:10:58,like
r0001134,post000059,u00330,2025-03-05T17:14:53,like
r0001135,post000037,u00190,2025-03-05T17:27:00,like
r0001136,post000053,u00280,2025-03-05T17:28:44,like
r0001137,post000048,u00350,2025-03-05T17:29:37,like
r0001138,post000051,u00065,2025-03-05T17:35:24,like
r0001139,post000014,u00096,2025-03-05T17:36:37,like
r0001140,post000067,u00133,2025-03-05T17:40:14,support
r0001141,post000023,u00085,2025-03-05T17:43:44,like
r0001142,post000066,u00052,2025-03-05T17:45:37,like
r0001143,post000034,u00050,2025-03-05T17:56:32,support
r0001144,post000058,u00196,2025-03-05T17:58:30,insightful
r0001145,post000067,u00221,2025-03-05T17:59:44,insightful
r0001146,post000036,u00148,2025-03-05T18:04:28,like
r0001147,post000044,u00352,2025-03-05T18:15:08,celebrate
r0001148,post000028,u00165,2025-03-05T18:18:10,like
r0001149,post000017,u00397,2025-03-05T18:24:48,like
r0001150,post000058,u00325,2025-03-05T18:26:15,celebrate
r0001151,post000033,u00213,2025-03-05T18:31:41,support
r0001152,post000022,u00087,2025-03-05T18:40:46,like
r0001153,post000041,u00329,2025-03-05T18:43:04,like
r0001154,post000036,u00039,2025-03-05T18:46:40,insightful
r0001155,post000041,u00048,2025-03-05T18:48:48,like
r0001156,post000014,u00189,2025-03-05T18:55:52,like
r0001157,post000057,u00378,2025-03-05T18:59:30,like
r0001158,post000060,u00036,2025-03-05T19:16:24,like
r0001159,post000041,u00307,2025-03-05T19:27:41,like
r0001160,post000049,u00380,2025-03-05T19:28:14,like
r0001161,post000033,u00252,2025-03-05T19:38:37,like
r0001162,post000069,u00096,2025-03-05T19:46:53,like
r0001163,post000024,u00263,2025-03-05T19:49:40,insightful
r0001164,post000020,u00237,2025-03-05T20:10:04,like
r0001165,post000066,u00065,2025-03-05T20:15:41,insightful
r0001166,post000030,u00221,2025-03-05T20:26:13,like
r0001167,post000049,u00264,2025-03-05T20:30:54,like
r0001168,post000018,u00048,2025-03-05T20:32:18,like
r0001169,post000070,u00098,2025-03-05T20:33:28,like
r0001170,post000025,u00052,2025-03-05T20:33:30,like
r0001171,post000049,u00360,2025-03-05T20:51:31,like
r0001172,post000025,u00237,2025-03-05T20:52:19,support
r0001173,post000020,u00263,2025-03-05T20:53:42,like
r0001174,post000031,u00352,2025-03-05T20:54:23,support
r0001175,post000067,u00211,2025-03-05T21:00:44,like
r0001176,post000023,u00274,2025-03-05T21:02:49,like
r0001177,post000062,u00065,2025-03-05T21:05:37,like
r0001178,post000037,u00230,2025-03-05T21:28:10,like
r0001179,post000057,u00126,2025-03-05T21:36:39,like
r0001180,post000026,u00036,2025-03-05T21:45:23,like
r0001181,post000038,u00098,2025-03-05T21:47:48,like
r0001182,post000021,u00192,2025-03-05T21:58:14,like
r0001183,post000045,u00276,2025-03-05T21:59:45,like
r0001184,post000066,u00205,2025-03-05T22:07:24,like
r0001185,post000023,u00211,2025-03-05T22:10:08,like
r0001186,post000031,u00347,2025-03-05T22:10:27,celebrate
r0001187,post000031,u00098,2025-03-05T22:27:37,like
r0001188,post000074,u00080,2025-03-05T22:34:16,like
r0001189,post000038,u00153,2025-03-05T22:42:24,like
r0001190,post000051,u00150,2025-03-05T22:51:55,insightful
r0001191,post000071,u00210,2025-03-05T23:24:07,support
r0001192,post000020,u00196,2025-03-05T23:24:47,like
r0001193,post000073,u00164,2025-03-05T23:31:31,like
r0001194,post000045,u00307,2025-03-05T23:38:47,support
r0001195,post000063,u00126,2025-03-05T23:48:02,like
r0001196,post000070,u00347,2025-03-05T23:50:10,like
r0001197,post000046,u00023,2025-03-05T23:54:08,insightful
r0001198,post000072,u00377,2025-03-06T00:27:06,like
r0001199,post000058,u00212,2025-03-06T00:27:33,support
r0001200,post000041,u00069,2025-03-06T00:27:48,like
r0001201,post000045,u00237,2025-03-06T00:35:22,celebrate
r0001202,post000021,u00246,2025-03-06T00:41:43,like
r0001203,post000028,u00268,2025-03-06T00:41:56,like
r0001204,post000055,u00311,2025-03-06T00:49:21,like
r0001205,post000024,u00249,2025-03-06T00:50:34,like
r0001206,post000032,u00362,2025-03-06T00:52:45,insightful
r0001207,post000023,u00098,2025-03-06T00:58:14,like
r0001208,post000059,u00157,2025-03-06T01:06:23,like
r0001209,post000031,u00069,2025-03-06T01:07:01,like
r0001210,post000022,u00090,2025-03-06T01:11:57,like
r0001211,post000071,u00329,2025-03-06T01:20:45,insightful
r0001212,post000022,u00264,2025-03-06T01:28:05,support
r0001213,post000059,u00335,2025-03-06T01:38:43,like
r0001214,post000022,u00185,2025-03-06T01:50:33,like
r0001215,post000059,u00098,2025-03-06T01:51:01,like
r0001216,post000023,u00032,2025-03-06T01:54:01,like
r0001217,post000076,u00054,2025-03-06T02:04:07,like
r0001218,post000052,u00276,2025-03-06T02:14:42,support
r0001219,post000040,u00091,2025-03-06T02:16:51,like
r0001220,post000033,u00259,2025-03-06T02:18:00,like
r0001221,post000038,u00013,2025-03-06T02:18:54,like
r0001222,post000029,u00264,2025-03-06T02:30:08,like
r0001223,post000058,u00376,2025-03-06T02:54:09,like
r0001224,post000032,u00250,2025-03-06T02:55:34,like
r0001225,post000081,u00332,2025-03-06T03:05:27,celebrate
r0001226,post000045,u00087,2025-03-06T03:07:24,insightful
r0001227,post000067,u00020,2025-03-06T03:11:23,celebrate
r0001228,post000075,u00087,2025-03-06T03:11:48,like
r0001229,post000072,u00246,2025-03-06T03:15:27,celebrate
r0001230,post000026,u00031,2025-03-06T03:22:45,like
r0001231,post000056,u00267,2025-03-06T03:28:32,like
r0001232,post000040,u00013,2025-03-06T03:29:24,like
r0001233,post000037,u00196,2025-03-06T03:30:43,like
r0001234,post000082,u00073,2025-03-06T03:41:03,like
r0001235,post000071,u00032,2025-03-06T03:42:02,like
r0001236,post000062,u00032,2025-03-06T03:50:39,support
r0001237,post000034,u00032,2025-03-06T04:10:13,like
r0001238,post000081,u00201,2025-03-06T04:11:12,like
r0001239,post000073,u00254,2025-03-06T04:15:20,like
r0001240,post000066,u00046,2025-03-06T04:17:19,like
r0001241,post000068,u00291,2025-03-06T04:18:17,like
r0001242,post000050,u00196,2025-03-06T04:25:30,like
r0001243,post000044,u00080,2025-03-06T04:49:04,like
r0001244,post000041,u00335,2025-03-06T04:52:14,like
r0001245,post000028,u00321,2025-03-06T04:58:47,like
r0001246,post000028,u00376,2025-03-06T05:02:38,like
r0001247,post000036,u00173,2025-03-06T05:07:38,like
r0001248,post000072,u00301,2025-03-06T05:17:33,like
r0001249,post000056,u00141,2025-03-06T05:19:17,like
r0001250,post000077,u00141,2025-03-06T05:22:26,like
r0001251,post000082,u00175,2025-03-06T05:23:16,insightful
r0001252,post000046,u00352,2025-03-06T05:24:17,insightful
r0001253,post000051,u00358,2025-03-06T05:30:36,like
r0001254,post000067,u00047,2025-03-06T05:33:22,like
r0001255,post000040,u00007,2025-03-06T05:39:41,like
r0001256,post000041,u00148,2025-03-06T05:41:32,like
r0001257,post000058,u00094,2025-03-06T05:49:01,like
r0001258,post000087,u00329,2025-03-06T05:49:32,insightful
r0001259,post000075,u00098,2025-03-06T05:51:44,like
r0001260,post000068,u00032,2025-03-06T05:52:56,celebrate
r0001261,post000084,u00265,2025-03-06T05:54:51,like
r0001262,post000068,u00270,2025-03-06T05:57:54,like
r0001263,post000075,u00141,2025-03-06T06:01:25,like
r0001264,post000041,u00134,2025-03-06T06:07:45,like
r0001265,post000031,u00090,2025-03-06T06:08:48,insightful
r0001266,post000060,u00235,2025-03-06T06:10:15,like
r0001267,post000042,u00355,2025-03-06T06:27:16,like
r0001268,post000042,u00263,2025-03-06T06:41:06,insightful
r0001269,post000082,u00380,2025-03-06T06:42:31,insightful
r0001270,post000060,u00205,2025-03-06T06:44:29,support
r0001271,post000076,u00267,2025-03-06T06:53:28,support
r0001272,post000068,u00352,2025-03-06T07:03:21,like
r0001273,post000040,u00366,2025-03-06T07:04:42,like
r0001274,post000068,u00063,2025-03-06T07:08:24,like
r0001275,post000039,u00267,2025-03-06T07:09:54,support
r0001276,post000037,u00129,2025-03-06T07:26:27,insightful
r0001277,post000083,u00259,2025-03-06T07:37:09,like
r0001278,post000033,u00028,2025-03-06T07:45:32,like
r0001279,post000044,u00144,2025-03-06T07:46:26,support
r0001280,post000067,u00164,2025-03-06T07:47:39,like
r0001281,post000046,u00291,2025-03-06T07:47:40,like
r0001282,post000088,u00046,2025-03-06T07:49:31,like
r0001283,post000045,u00215,2025-03-06T07:49:48,support
r0001284,post000052,u00362,2025-03-06T07:57:39,like
r0001285,post000036,u00366,2025-03-06T08:03:45,like
r0001286,post000030,u00267,2025-03-06T08:04:37,like
r0001287,post000071,u00065,2025-03-06T08:13:35,like
r0001288,post000048,u00079,2025-03-06T08:13:36,like
r0001289,post000066,u00376,2025-03-06T08:14:21,celebrate
r0001290,post000069,u00260,2025-03-06T08:17:13,support
r0001291,post000055,u00091,2025-03-06T08:17:18,like
r0001292,post000080,u00049,2025-03-06T08:20:28,like
r0001293,post000043,u00268,2025-03-06T08:22:32,like
r0001294,post000045,u00291,2025-03-06T08:25:34,like
r0001295,post000031,u00073,2025-03-06T08:25:40,like
r0001296,post000036,u00365,2025-03-06T08:27:10,insightful
r0001297,post000049,u00324,2025-03-06T08:27:22,like
r0001298,post000055,u00355,2025-03-06T08:30:36,like
r0001299,post000045,u00190,2025-03-06T08:34:12,like
r0001300,post000073,u00268,2025-03-06T08:35:04,like
r0001301,post000033,u00236,2025-03-06T08:35:48,insightful
r0001302,post000057,u00083,2025-03-06T08:36:52,like
r0001303,post000083,u00260,2025-03-06T08:37:43,like
r0001304,post000058,u00399,2025-03-06T08:37:46,like
r0001305,post000048,u00178,2025-03-06T08:38:09,support
r0001306,post000085,u00225,2025-03-06T08:42:19,celebrate
r0001307,post000047,u00350,2025-03-06T08:43:55,like
r0001308,post000075,u00350,2025-03-06T08:44:03,like
r0001309,post000031,u00062,2025-03-06T08:46:26,like
r0001310,post000043,u00231,2025-03-06T08:47:11,like
r0001311,post000041,u00366,2025-03-06T08:51:19,like
r0001312,post000053,u00268,2025-03-06T08:53:15,like
r0001313,post000052,u00173,2025-03-06T08:55:23,support
r0001314,post000071,u00065,2025-03-06T08:55:54,like
r0001315,post000070,u00059,2025-03-06T08:56:25,like
r0001316,post000082,u00363,2025-03-06T08:59:03,celebrate
r0001317,post000076,u00376,2025-03-06T09:00:20,celebrate
r0001318,post000082,u00247,2025-03-06T09:05:05,like
r0001319,post000086,u00069,2025-03-06T09:07:33,celebrate
r0001320,post000058,u00129,2025-03-06T09:07:44,like
r0001321,post000049,u00230,2025-03-06T09:09:30,support
r0001322,post000039,u00311,2025-03-06T09:09:40,insightful
r0001323,post000071,u00215,2025-03-06T09:11:54,celebrate
r0001324,post000053,u00329,2025-03-06T09:21:39,support
r0001325,post000062,u00010,2025-03-06T09:24:12,celebrate
r0001326,post000084,u00339,2025-03-06T09:26:15,like
r0001327,post000060,u00352,2025-03-06T09:26:56,like
r0001328,post000073,u00339,2025-03-06T09:28:06,like
r0001329,post000068,u00128,2025-03-06T09:32:18,like
r0001330,post000080,u00366,2025-03-06T09:34:11,like
r0001331,post000059,u00249,2025-03-06T09:40:55,like
r0001332,post000080,u00174,2025-03-06T09:41:08,support
r0001333,post000081,u00294,2025-03-06T09:45:46,insightful
r0001334,post000087,u00205,2025-03-06T09:47:46,like
r0001335,post000079,u00321,2025-03-06T09:49:07,like
r0001336,post000081,u00046,2025-03-06T09:49:16,celebrate
r0001337,post000092,u00159,2025-03-06T09:51:00,like
r0001338,post000091,u00259,2025-03-06T09:58:07,like
r0001339,post000092,u00272,2025-03-06T10:00:07,like
r0001340,post000040,u00033,2025-03-06T10:01:28,like
r0001341,post000073,u00066,2025-03-06T10:03:33,like
r0001342,post000091,u00376,2025-03-06T10:04:27,support
r0001343,post000065,u00066,2025-03-06T10:07:05,like
r0001344,post000041,u00003,2025-03-06T10:07:28,like
r0001345,post000045,u00160,2025-03-06T10:14:31,like
r0001346,post000092,u00128,2025-03-06T10:15:09,like
r0001347,post000069,u00160,2025-03-06T10:15:36,like
r0001348,post000090,u00326,2025-03-06T10:15:44,like
r0001349,post000036,u00337,2025-03-06T10:15:55,insightful
r0001350,post000043,u00069,2025-03-06T10:17:47,like
r0001351,post000071,u00331,2025-03-06T10:17:55,like
r0001352,post000078,u00056,2025-03-06T10:19:20,support
r0001353,post000057,u00120,2025-03-06T10:20:43,like
r0001354,post000040,u00003,2025-03-06T10:22:45,celebrate
r0001355,post000081,u00112,2025-03-06T10:22:58,support
r0001356,post000043,u00159,2025-03-06T10:28:12,insightful
r0001357,post000037,u00312,2025-03-06T10:28:37,like
r0001358,post000079,u00160,2025-03-06T10:31:46,like
r0001359,post000043,u00237,2025-03-06T10:33:56,like
r0001360,post000038,u00362,2025-03-06T10:36:52,like
r0001361,post000074,u00311,2025-03-06T10:39:38,like
r0001362,post000057,u00283,2025-03-06T10:40:08,celebrate
r0001363,post000081,u00044,2025-03-06T10:43:14,like
r0001364,post000072,u00071,2025-03-06T10:43:54,like
r0001365,post000061,u00203,2025-03-06T10:44:48,insightful
r0001366,post000084,u00180,2025-03-06T10:45:49,support
r0001367,post000049,u00370,2025-03-06T10:45:57,like
r0001368,post000081,u00350,2025-03-06T10:47:59,like
r0001369,post000051,u00069,2025-03-06T10:50:10,like
r0001370,post000061,u00350,2025-03-06T10:51:50,like
r0001371,post000078,u00098,2025-03-06T10:53:29,like
r0001372,post000088,u00301,2025-03-06T10:53:48,like
r0001373,post000078,u00174,2025-03-06T10:54:58,insightful
r0001374,post000086,u00186,2025-03-06T10:58:39,like
r0001375,post000093,u00238,2025-03-06T10:58:53,insightful
r0001376,post000081,u00268,2025-03-06T11:00:00,like
r0001377,post000090,u00329,2025-03-06T11:02:11,like
r0001378,post000069,u00294,2025-03-06T11:03:59,like
r0001379,post000051,u00031,2025-03-06T11:07:23,like
r0001380,post000075,u00344,2025-03-06T11:07:27,like
r0001381,post000042,u00359,2025-03-06T11:07:43,like
r0001382,post000069,u00352,2025-03-06T11:08:00,like
r0001383,post000066,u00272,2025-03-06T11:11:59,insightful
r0001384,post000063,u00030,2025-03-06T11:14:52,like
r0001385,post000077,u00369,2025-03-06T11:22:53,celebrate
r0001386,post000061,u00079,2025-03-06T11:24:23,like
r0001387,post000074,u00339,2025-03-06T11:25:16,like
r0001388,post000080,u00037,2025-03-06T11:29:01,like
r0001389,post000045,u00037,2025-03-06T11:34:02,like
r0001390,post000075,u00082,2025-03-06T11:36:57,celebrate
r0001391,post000048,u00348,2025-03-06T11:37:54,celebrate
r0001392,post000075,u00335,2025-03-06T11:38:58,support
r0001393,post000095,u00307,2025-03-06T11:40:17,like
r0001394,post000099,u00007,2025-03-06T11:42:37,insightful
r0001395,post000100,u00225,2025-03-06T11:44:25,insightful
r0001396,post000056,u00013,2025-03-06T11:45:04,celebrate
r0001397,post000074,u00205,2025-03-06T11:48:06,insightful
r0001398,post000087,u00054,2025-03-06T11:51:11,like
r0001399,post000088,u00174,2025-03-06T11:53:59,celebrate
r0001400,post000090,u00048,2025-03-06T11:54:47,insightful
r0001401,post000056,u00112,2025-03-06T11:54:49,insightful
r0001402,post000086,u00338,2025-03-06T11:55:16,like
r0001403,post000050,u00392,2025-03-06T11:59:49,support
r0001404,post000046,u00060,2025-03-06T12:00:45,support
r0001405,post000080,u00369,2025-03-06T12:04:02,support
r0001406,post000051,u00160,2025-03-06T12:06:40,like
r0001407,post000076,u00201,2025-03-06T12:09:42,like
r0001408,post000057,u00308,2025-03-06T12:13:48,like
r0001409,post000064,u00312,2025-03-06T12:16:24,like
r0001410,post000069,u00359,2025-03-06T12:16:59,celebrate
r0001411,post000071,u00276,2025-03-06T12:20:49,support
r0001412,post000056,u00350,2025-03-06T12:24:22,like
r0001413,post000056,u00054,2025-03-06T12:27:27,support
r0001414,post000071,u00174,2025-03-06T12:29:38,like
r0001415,post000085,u00120,2025-03-06T12:30:43,like
r0001416,post000085,u00188,2025-03-06T12:33:51,like
r0001417,post000048,u00240,2025-03-06T12:36:01,like
r0001418,post000042,u00097,2025-03-06T12:37:17,support
r0001419,post000041,u00291,2025-03-06T12:42:29,like
r0001420,post000095,u00249,2025-03-06T12:45:35,like
r0001421,post000048,u00059,2025-03-06T12:45:36,like
r0001422,post000046,u00380,2025-03-06T12:49:47,like
r0001423,post000056,u00128,2025-03-06T12:50:35,like
r0001424,post000054,u00063,2025-03-06T12:54:15,support
r0001425,post000099,u00168,2025-03-06T12:55:39,like
r0001426,post000056,u00097,2025-03-06T12:57:13,support
r0001427,post000076,u00395,2025-03-06T12:57:19,like
r0001428,post000066,u00160,2025-03-06T12:58:46,celebrate
r0001429,post000046,u00383,2025-03-06T12:59:28,like
r0001430,post000065,u00007,2025-03-06T13:00:22,like
r0001431,post000045,u00277,2025-03-06T13:01:15,like
r0001432,post000088,u00112,2025-03-06T13:03:09,like
r0001433,post000043,u00263,2025-03-06T13:05:49,insightful
r0001434,post000066,u00352,2025-03-06T13:05:52,like
r0001435,post000084,u00037,2025-03-06T13:10:10,celebrate
r0001436,post000073,u00240,2025-03-06T13:12:09,support
r0001437,post000049,u00237,2025-03-06T13:12:58,like
r0001438,post000078,u00160,2025-03-06T13:15:59,insightful
r0001439,post000055,u00129,2025-03-06T13:16:18,like
r0001440,post000093,u00329,2025-03-06T13:17:10,like
r0001441,post000076,u00020,2025-03-06T13:21:47,like
r0001442,post000070,u00329,2025-03-06T13:22:00,like
r0001443,post000086,u00337,2025-03-06T13:26:18,like
r0001444,post000079,u00326,2025-03-06T13:29:25,like
r0001445,post000043,u00218,2025-03-06T13:31:19,like
r0001446,post000060,u00212,2025-03-06T13:34:33,like
r0001447,post000044,u00081,2025-03-06T13:36:40,insightful
r0001448,post000063,u00097,2025-03-06T13:37:30,like
r0001449,post000058,u00015,2025-03-06T13:38:39,like
r0001450,post000101,u00134,2025-03-06T13:40:54,like
r0001451,post000098,u00380,2025-03-06T13:45:59,like
r0001452,post000085,u00071,2025-03-06T13:48:48,like
r0001453,post000059,u00101,2025-03-06T13:51:12,like
r0001454,post000044,u00054,2025-03-06T13:53:26,like
r0001455,post000079,u00020,2025-03-06T13:58:06,like
r0001456,post000082,u00142,2025-03-06T13:58:27,support
r0001457,post000050,u00029,2025-03-06T14:04:10,celebrate
r0001458,post000081,u00235,2025-03-06T14:05:01,insightful
r0001459,post000060,u00355,2025-03-06T14:07:05,like
r0001460,post000083,u00352,2025-03-06T14:07:39,celebrate
r0001461,post000066,u00268,2025-03-06T14:09:31,celebrate
r0001462,post000048,u00331,2025-03-06T14:10:29,like
r0001463,post000078,u00101,2025-03-06T14:11:43,like
r0001464,post000080,u00071,2025-03-06T14:13:00,like
r0001465,post000070,u00127,2025-03-06T14:13:50,like
r0001466,post000053,u00067,2025-03-06T14:14:49,like
r0001467,post000085,u00335,2025-03-06T14:24:11,celebrate
r0001468,post000101,u00235,2025-03-06T14:25:22,like
r0001469,post000077,u00337,2025-03-06T14:25:48,like
r0001470,post000095,u00097,2025-03-06T14:26:44,like
r0001471,post000077,u00250,2025-03-06T14:29:41,like
r0001472,post000062,u00381,2025-03-06T14:32:04,like
r0001473,post000055,u00031,2025-03-06T14:32:58,like
r0001474,post000072,u00031,2025-03-06T14:33:38,like
r0001475,post000049,u00254,2025-03-06T14:34:34,like
r0001476,post000083,u00340,2025-03-06T14:39:30,insightful
r0001477,post000085,u00246,2025-03-06T14:41:45,like
r0001478,post000086,u00127,2025-03-06T14:42:03,like
r0001479,post000077,u00114,2025-03-06T14:42:05,like
r0001480,post000090,u00259,2025-03-06T14:42:52,like
r0001481,post000046,u00055,2025-03-06T14:46:13,insightful
r0001482,post000094,u00352,2025-03-06T14:46:51,like
r0001483,post000051,u00357,2025-03-06T14:47:36,like
r0001484,post000105,u00339,2025-03-06T14:54:20,insightful
r0001485,post000069,u00045,2025-03-06T14:54:21,insightful
r0001486,post000071,u00249,2025-03-06T14:58:57,like
r0001487,post000092,u00003,2025-03-06T14:59:01,like
r0001488,post000048,u00209,2025-03-06T15:02:35,support
r0001489,post000085,u00094,2025-03-06T15:04:08,like
r0001490,post000088,u00052,2025-03-06T15:08:11,insightful
r0001491,post000077,u00071,2025-03-06T15:08:33,like
r0001492,post000071,u00260,2025-03-06T15:09:21,insightful
r0001493,post000092,u00096,2025-03-06T15:13:04,like
r0001494,post000059,u00054,2025-03-06T15:15:12,like
r0001495,post000091,u00052,2025-03-06T15:15:49,support
r0001496,post000069,u00272,2025-03-06T15:16:51,insightful
r0001497,post000050,u00055,2025-03-06T15:19:19,like
r0001498,post000054,u00048,2025-03-06T15:20:50,insightful
r0001499,post000087,u00170,2025-03-06T15:33:28,insightful
r0001500,post000073,u00362,2025-03-06T15:34:19,like
r0001501,post000079,u00067,2025-03-06T15:36:49,like
r0001502,post000088,u00078,2025-03-06T15:41:45,like
r0001503,post000067,u00090,2025-03-06T15:44:31,celebrate
r0001504,post000098,u00237,2025-03-06T15:46:46,like
r0001505,post000069,u00335,2025-03-06T15:48:47,celebrate
r0001506,post000066,u00015,2025-03-06T15:49:54,like
r0001507,post000106,u00348,2025-03-06T15:52:52,like
r0001508,post000062,u00246,2025-03-06T15:54:50,like
r0001509,post000090,u00157,2025-03-06T15:56:20,celebrate
r0001510,post000090,u00046,2025-03-06T16:03:46,insightful
r0001511,post000068,u00272,2025-03-06T16:11:07,like
r0001512,post000063,u00071,2025-03-06T16:11:21,support
r0001513,post000086,u00246,2025-03-06T16:11:39,like
r0001514,post000076,u00062,2025-03-06T16:15:11,like
r0001515,post000053,u00348,2025-03-06T16:17:39,like
r0001516,post000069,u00032,2025-03-06T16:19:58,like
r0001517,post000074,u00130,2025-03-06T16:34:21,like
r0001518,post000058,u00073,2025-03-06T16:35:29,like
r0001519,post000082,u00098,2025-03-06T16:37:15,like
r0001520,post000098,u00012,2025-03-06T16:38:41,like
r0001521,post000084,u00107,2025-03-06T16:51:27,like
r0001522,post000072,u00314,2025-03-06T16:53:33,like
r0001523,post000080,u00249,2025-03-06T17:00:18,like
r0001524,post000079,u00101,2025-03-06T17:11:52,insightful
r0001525,post000098,u00096,2025-03-06T17:13:15,like
r0001526,post000098,u00380,2025-03-06T17:17:45,like
r0001527,post000067,u00329,2025-03-06T17:27:20,like
r0001528,post000107,u00317,2025-03-06T17:35:00,like
r0001529,post000090,u00120,2025-03-06T17:48:08,like
r0001530,post000090,u00083,2025-03-06T17:49:37,like
r0001531,post000091,u00114,2025-03-06T18:07:24,like
r0001532,post000091,u00268,2025-03-06T18:08:20,like
r0001533,post000061,u00090,2025-03-06T18:10:19,like
r0001534,post000080,u00331,2025-03-06T18:15:39,insightful
r0001535,post000105,u00080,2025-03-06T18:23:18,like
r0001536,post000100,u00352,2025-03-06T18:31:27,insightful
r0001537,post000100,u00052,2025-03-06T18:35:27,insightful
r0001538,post000053,u00090,2025-03-06T18:43:42,like
r0001539,post000093,u00205,2025-03-06T18:44:14,like
r0001540,post000096,u00362,2025-03-06T18:45:37,like
r0001541,post000076,u00031,2025-03-06T18:57:01,support
r0001542,post000073,u00381,2025-03-06T18:58:50,support
r0001543,post000098,u00399,2025-03-06T18:58:59,support
r0001544,post000109,u00339,2025-03-06T18:59:26,celebrate
r0001545,post000102,u00254,2025-03-06T19:05:58,insightful
r0001546,post000064,u00056,2025-03-06T19:23:19,like
r0001547,post000083,u00020,2025-03-06T19:26:47,like
r0001548,post000074,u00098,2025-03-06T19:32:19,like
r0001549,post000054,u00203,2025-03-06T19:39:32,like
r0001550,post000075,u00054,2025-03-06T19:39:43,celebrate
r0001551,post000075,u00069,2025-03-06T19:45:25,like
r0001552,post000058,u00329,2025-03-06T19:52:56,like
r0001553,post000103,u00349,2025-03-06T19:56:31,celebrate
r0001554,post000064,u00120,2025-03-06T20:01:16,celebrate
r0001555,post000065,u00212,2025-03-06T20:01:44,support
r0001556,post000078,u00173,2025-03-06T20:12:59,celebrate
r0001557,post000093,u00150,2025-03-06T20:19:26,like
r0001558,post000063,u00174,2025-03-06T20:24:56,celebrate
r0001559,post000064,u00218,2025-03-06T20:31:01,insightful
r0001560,post000100,u00188,2025-03-06T20:36:14,like
r0001561,post000062,u00196,2025-03-06T20:51:07,like
r0001562,post000083,u00387,2025-03-06T20:53:54,like
r0001563,post000074,u00263,2025-03-06T20:59:18,like
r0001564,post000109,u00308,2025-03-06T21:01:59,like
r0001565,post000065,u00087,2025-03-06T21:10:00,like
r0001566,post000064,u00339,2025-03-06T21:11:04,like
r0001567,post000072,u00331,2025-03-06T21:11:54,insightful
r0001568,post000064,u00260,2025-03-06T21:12:38,like
r0001569,post000106,u00369,2025-03-06T21:13:36,like
r0001570,post000078,u00212,2025-03-06T21:15:45,like
r0001571,post000075,u00306,2025-03-06T21:42:34,like
r0001572,post000055,u00252,2025-03-06T21:50:56,like
r0001573,post000102,u00208,2025-03-06T22:01:50,like
r0001574,post000099,u00264,2025-03-06T22:02:54,like
r0001575,post000071,u00097,2025-03-06T22:22:47,like
r0001576,post000110,u00240,2025-03-06T22:29:00,like
r0001577,post000101,u00271,2025-03-06T22:45:32,like
r0001578,post000104,u00271,2025-03-06T22:46:13,like
r0001579,post000089,u00083,2025-03-06T22:49:40,like
r0001580,post000059,u00352,2025-03-06T22:51:23,like
r0001581,post000101,u00135,2025-03-06T23:02:37,like
r0001582,post000069,u00150,2025-03-06T23:04:39,like
r0001583,post000064,u00311,2025-03-06T23:09:06,like
r0001584,post000101,u00157,2025-03-06T23:15:09,like
r0001585,post000055,u00282,2025-03-06T23:19:46,like
r0001586,post000106,u00150,2025-03-06T23:31:16,like
r0001587,post000100,u00263,2025-03-06T23:33:30,like
r0001588,post000093,u00098,2025-03-06T23:35:19,like
r0001589,post000106,u00129,2025-03-06T23:35:41,celebrate
r0001590,post000068,u00376,2025-03-06T23:36:37,like
r0001591,post000109,u00120,2025-03-06T23:46:02,like
r0001592,post000065,u00352,2025-03-06T23:49:03,like
r0001593,post000064,u00246,2025-03-06T23:55:45,like
r0001594,post000094,u00120,2025-03-06T23:59:39,like
r0001595,post000110,u00003,2025-03-07T00:05:23,support
r0001596,post000077,u00212,2025-03-07T00:11:21,like
r0001597,post000102,u00209,2025-03-07T00:14:00,like
r0001598,post000067,u00020,2025-03-07T00:14:08,like
r0001599,post000060,u00308,2025-03-07T00:23:38,like
r0001600,post000079,u00249,2025-03-07T00:39:00,celebrate
r0001601,post000061,u00114,2025-03-07T00:43:35,like
r0001602,post000110,u00335,2025-03-07T00:50:44,like
r0001603,post000106,u00221,2025-03-07T00:59:21,like
r0001604,post000073,u00197,2025-03-07T01:01:00,celebrate
r0001605,post000075,u00240,2025-03-07T01:08:39,like
r0001606,post000068,u00083,2025-03-07T01:22:22,like
r0001607,post000060,u00046,2025-03-07T01:23:45,like
r0001608,post000072,u00133,2025-03-07T01:31:52,like
r0001609,post000065,u00179,2025-03-07T01:42:20,like
r0001610,post000104,u00173,2025-03-07T02:01:24,like
r0001611,post000114,u00046,2025-03-07T02:02:22,like
r0001612,post000083,u00337,2025-03-07T02:10:17,like
r0001613,post000076,u00125,2025-03-07T02:25:54,like
r0001614,post000066,u00157,2025-03-07T02:26:55,insightful
r0001615,post000112,u00069,2025-03-07T02:39:44,like
r0001616,post000092,u00232,2025-03-07T02:42:04,like
r0001617,post000068,u00079,2025-03-07T02:49:32,celebrate
r0001618,post000084,u00098,2025-03-07T02:55:26,like
r0001619,post000068,u00065,2025-03-07T03:06:34,like
r0001620,post000100,u00052,2025-03-07T03:06:42,celebrate
r0001621,post000087,u00325,2025-03-07T03:08:35,celebrate
r0001622,post000074,u00185,2025-03-07T03:12:46,like
r0001623,post000066,u00118,2025-03-07T03:15:01,like
r0001624,post000067,u00114,2025-03-07T03:17:32,like
r0001625,post000087,u00096,2025-03-07T03:28:00,insightful
r0001626,post000089,u00380,2025-03-07T03:30:25,like
r0001627,post000100,u00276,2025-03-07T03:32:51,like
r0001628,post000058,u00383,2025-03-07T03:36:52,insightful
r0001629,post000106,u00246,2025-03-07T03:37:10,like
r0001630,post000110,u00079,2025-03-07T03:48:57,like
r0001631,post000058,u00285,2025-03-07T03:51:08,insightful
r0001632,post000074,u00369,2025-03-07T03:54:25,like
r0001633,post000078,u00395,2025-03-07T03:57:41,like
r0001634,post000063,u00267,2025-03-07T04:06:43,like
r0001635,post000059,u00392,2025-03-07T04:15:26,like
r0001636,post000086,u00299,2025-03-07T04:16:19,like
r0001637,post000093,u00157,2025-03-07T04:25:05,like
r0001638,post000085,u00157,2025-03-07T04:26:30,like
r0001639,post000095,u00378,2025-03-07T04:37:26,support
r0001640,post000080,u00150,2025-03-07T04:43:11,like
r0001641,post000071,u00046,2025-03-07T04:53:10,celebrate
r0001642,post000074,u00196,2025-03-07T04:55:00,celebrate
r0001643,post000079,u00054,2025-03-07T04:59:58,like
r0001644,post000097,u00265,2025-03-07T05:03:15,celebrate
r0001645,post000112,u00374,2025-03-07T05:03:27,celebrate
r0001646,post000089,u00296,2025-03-07T05:11:15,celebrate
r0001647,post000069,u00156,2025-03-07T05:19:53,like
r0001648,post000116,u00245,2025-03-07T05:21:25,like
r0001649,post000061,u00252,2025-03-07T05:24:26,like
r0001650,post000070,u00012,2025-03-07T05:28:16,like
r0001651,post000105,u00094,2025-03-07T05:31:09,like
r0001652,post000114,u00244,2025-03-07T05:40:51,like
r0001653,post000109,u00006,2025-03-07T05:45:59,celebrate
r0001654,post000109,u00054,2025-03-07T05:50:08,like
r0001655,post000094,u00256,2025-03-07T05:52:01,like
r0001656,post000090,u00185,2025-03-07T05:56:22,like
r0001657,post000060,u00291,2025-03-07T05:58:50,insightful
r0001658,post000069,u00244,2025-03-07T06:21:09,insightful
r0001659,post000109,u00268,2025-03-07T06:34:39,insightful
r0001660,post000101,u00020,2025-03-07T06:35:17,support
r0001661,post000111,u00050,2025-03-07T06:42:03,insightful
r0001662,post000061,u00138,2025-03-07T06:52:07,like
r0001663,post000082,u00282,2025-03-07T07:03:22,like
r0001664,post000080,u00157,2025-03-07T07:10:03,like
r0001665,post000069,u00046,2025-03-07T07:10:12,like
r0001666,post000075,u00053,2025-03-07T07:15:19,support
r0001667,post000074,u00285,2025-03-07T07:21:23,support
r0001668,post000080,u00194,2025-03-07T07:49:09,insightful
r0001669,post000095,u00267,2025-03-07T07:58:57,like
r0001670,post000062,u00209,2025-03-07T08:01:15,like
r0001671,post000065,u00265,2025-03-07T08:03:34,like
r0001672,post000086,u00074,2025-03-07T08:04:07,like
r0001673,post000065,u00074,2025-03-07T08:06:52,celebrate
r0001674,post000112,u00150,2025-03-07T08:10:10,support
r0001675,post000069,u00256,2025-03-07T08:11:26,like
r0001676,post000082,u00013,2025-03-07T08:11:36,insightful
r0001677,post000074,u00355,2025-03-07T08:13:01,like
r0001678,post000084,u00362,2025-03-07T08:13:58,support
r0001679,post000104,u00190,2025-03-07T08:16:20,like
r0001680,post000106,u00015,2025-03-07T08:18:48,like
r0001681,post000085,u00003,2025-03-07T08:23:10,like
r0001682,post000115,u00357,2025-03-07T08:23:26,like
r0001683,post000105,u00030,2025-03-07T08:24:20,like
r0001684,post000115,u00039,2025-03-07T08:25:01,support
r0001685,post000112,u00076,2025-03-07T08:25:05,like
r0001686,post000078,u00387,2025-03-07T08:26:02,like
r0001687,post000085,u00185,2025-03-07T08:26:32,like
r0001688,post000086,u00191,2025-03-07T08:26:41,like
r0001689,post000085,u00006,2025-03-07T08:33:42,like
r0001690,post000062,u00125,2025-03-07T08:34:57,like
r0001691,post000085,u00146,2025-03-07T08:38:23,like
r0001692,post000091,u00369,2025-03-07T08:38:23,like
r0001693,post000080,u00052,2025-03-07T08:42:51,celebrate
r0001694,post000087,u00048,2025-03-07T08:45:31,insightful
r0001695,post000064,u00230,2025-03-07T08:45:34,like
r0001696,post000075,u00094,2025-03-07T08:45:51,like
r0001697,post000080,u00083,2025-03-07T08:46:19,like
r0001698,post000085,u00083,2025-03-07T08:49:24,like
r0001699,post000119,u00086,2025-03-07T08:52:32,like
r0001700,post000076,u00114,2025-03-07T08:54:09,insightful
r0001701,post000081,u00249,2025-03-07T08:54:19,like
r0001702,post000077,u00029,2025-03-07T08:57:52,celebrate
r0001703,post000093,u00355,2025-03-07T08:59:47,like
r0001704,post000106,u00308,2025-03-07T08:59:53,like
r0001705,post000080,u00178,2025-03-07T09:00:04,like
r0001706,post000096,u00237,2025-03-07T09:04:54,celebrate
r0001707,post000085,u00249,2025-03-07T09:06:08,like
r0001708,post000080,u00094,2025-03-07T09:09:45,support
r0001709,post000067,u00082,2025-03-07T09:11:49,celebrate
r0001710,post000106,u00205,2025-03-07T09:12:35,support
r0001711,post000080,u00246,2025-03-07T09:13:06,support
r0001712,post000063,u00268,2025-03-07T09:13:24,like
r0001713,post000063,u00272,2025-03-07T09:14:27,like
r0001714,post000076,u00390,2025-03-07T09:14:51,support
r0001715,post000115,u00253,2025-03-07T09:17:46,like
r0001716,post000066,u00185,2025-03-07T09:18:18,support
r0001717,post000115,u00174,2025-03-07T09:18:18,celebrate
r0001718,post000115,u00025,2025-03-07T09:19:02,like
r0001719,post000115,u00384,2025-03-07T09:19:32,like
r0001720,post000108,u00352,2025-03-07T09:20:28,insightful
r0001721,post000070,u00149,2025-03-07T09:21:14,like
r0001722,post000120,u00035,2025-03-07T09:22:38,like
r0001723,post000074,u00247,2025-03-07T09:24:49,like
r0001724,post000106,u00098,2025-03-07T09:26:17,insightful
r0001725,post000115,u00353,2025-03-07T09:27:17,celebrate
r0001726,post000064,u00140,2025-03-07T09:27:57,like
r0001727,post000067,u00256,2025-03-07T09:28:26,like
r0001728,post000118,u00380,2025-03-07T09:33:11,support
r0001729,post000114,u00291,2025-03-07T09:33:55,like
r0001730,post000118,u00370,2025-03-07T09:36:04,like
r0001731,post000122,u00179,2025-03-07T09:40:23,like
r0001732,post000119,u00053,2025-03-07T09:42:49,support
r0001733,post000069,u00274,2025-03-07T09:45:29,like
r0001734,post000111,u00045,2025-03-07T09:46:38,like
r0001735,post000097,u00178,2025-03-07T09:46:39,like
r0001736,post000094,u00300,2025-03-07T09:56:34,like
r0001737,post000117,u00282,2025-03-07T09:57:27,like
r0001738,post000106,u00326,2025-03-07T09:58:00,like
r0001739,post000106,u00253,2025-03-07T10:00:05,like
r0001740,post000113,u00237,2025-03-07T10:04:30,support
r0001741,post000111,u00221,2025-03-07T10:04:43,insightful
r0001742,post000118,u00283,2025-03-07T10:04:51,insightful
r0001743,post000082,u00268,2025-03-07T10:10:18,like
r0001744,post000076,u00314,2025-03-07T10:10:49,support
r0001745,post000108,u00098,2025-03-07T10:11:58,celebrate
r0001746,post000075,u00221,2025-03-07T10:12:46,insightful
r0001747,post000076,u00174,2025-03-07T10:13:14,like
r0001748,post000106,u00135,2025-03-07T10:14:49,like
r0001749,post000068,u00252,2025-03-07T10:15:38,like
r0001750,post000070,u00052,2025-03-07T10:17:09,celebrate
r0001751,post000073,u00067,2025-03-07T10:17:32,like
r0001752,post000093,u00046,2025-03-07T10:19:27,like
r0001753,post000107,u00009,2025-03-07T10:21:09,celebrate
r0001754,post000094,u00073,2025-03-07T10:27:53,like
r0001755,post000100,u00099,2025-03-07T10:29:03,like
r0001756,post000077,u00197,2025-03-07T10:29:18,insightful
r0001757,post000111,u00067,2025-03-07T10:33:11,like
r0001758,post000116,u00222,2025-03-07T10:37:12,support
r0001759,post000121,u00205,2025-03-07T10:41:15,like
r0001760,post000119,u00004,2025-03-07T10:41:41,like
r0001761,post000109,u00097,2025-03-07T10:43:40,like
r0001762,post000107,u00390,2025-03-07T10:45:20,like
r0001763,post000095,u00264,2025-03-07T10:45:25,support
r0001764,post000094,u00174,2025-03-07T10:47:55,like
r0001765,post000074,u00102,2025-03-07T10:50:03,like
r0001766,post000125,u00196,2025-03-07T10:54:14,insightful
r0001767,post000101,u00241,2025-03-07T10:54:27,like
r0001768,post000101,u00156,2025-03-07T10:56:52,like
r0001769,post000092,u00035,2025-03-07T10:57:59,celebrate
r0001770,post000080,u00314,2025-03-07T10:58:13,support
r0001771,post000122,u00078,2025-03-07T11:00:32,insightful
r0001772,post000105,u00374,2025-03-07T11:05:23,celebrate
r0001773,post000108,u00102,2025-03-07T11:06:29,like
r0001774,post000096,u00355,2025-03-07T11:10:30,like
r0001775,post000071,u00383,2025-03-07T11:11:41,like
r0001776,post000094,u00011,2025-03-07T11:15:53,like
r0001777,post000109,u00067,2025-03-07T11:19:05,insightful
r0001778,post000071,u00365,2025-03-07T11:19:28,like
r0001779,post000103,u00210,2025-03-07T11:21:11,like
r0001780,post000084,u00037,2025-03-07T11:22:41,insightful
r0001781,post000098,u00339,2025-03-07T11:25:44,like
r0001782,post000115,u00344,2025-03-07T11:27:31,like
r0001783,post000119,u00173,2025-03-07T11:28:55,like
r0001784,post000096,u00211,2025-03-07T11:39:37,like
r0001785,post000081,u00156,2025-03-07T11:41:16,like
r0001786,post000108,u00156,2025-03-07T11:42:52,celebrate
r0001787,post000107,u00318,2025-03-07T11:44:33,celebrate
r0001788,post000113,u00140,2025-03-07T11:45:31,like
r0001789,post000097,u00079,2025-03-07T11:47:25,like
r0001790,post000078,u00018,2025-03-07T11:47:42,like
r0001791,post000094,u00156,2025-03-07T11:47:48,like
r0001792,post000113,u00174,2025-03-07T11:48:01,like
r0001793,post000127,u00240,2025-03-07T11:50:10,insightful
r0001794,post000081,u00314,2025-03-07T11:51:38,celebrate
r0001795,post000074,u00196,2025-03-07T11:51:57,like
r0001796,post000084,u00227,2025-03-07T11:53:32,like
r0001797,post000100,u00078,2025-03-07T12:06:22,like
r0001798,post000074,u00352,2025-03-07T12:07:18,insightful
r0001799,post000087,u00301,2025-03-07T12:15:28,like
r0001800,post000112,u00246,2025-03-07T12:15:47,insightful
r0001801,post000079,u00240,2025-03-07T12:20:03,like
r0001802,post000123,u00390,2025-03-07T12:24:27,like
r0001803,post000131,u00113,2025-03-07T12:24:36,like
r0001804,post000092,u00079,2025-03-07T12:24:40,like
r0001805,post000101,u00384,2025-03-07T12:24:43,celebrate
r0001806,post000096,u00146,2025-03-07T12:25:11,like
r0001807,post000100,u00291,2025-03-07T12:25:57,like
r0001808,post000116,u00090,2025-03-07T12:28:33,like
r0001809,post000093,u00125,2025-03-07T12:33:42,like
r0001810,post000109,u00264,2025-03-07T12:34:28,like
r0001811,post000074,u00004,2025-03-07T12:37:07,like
r0001812,post000084,u00282,2025-03-07T12:37:40,like
r0001813,post000131,u00351,2025-03-07T12:39:55,like
r0001814,post000093,u00139,2025-03-07T12:46:28,celebrate
r0001815,post000115,u00015,2025-03-07T12:48:34,insightful
r0001816,post000116,u00125,2025-03-07T12:49:03,like
r0001817,post000105,u00090,2025-03-07T12:50:31,like
r0001818,post000122,u00252,2025-03-07T12:54:31,like
r0001819,post000095,u00108,2025-03-07T13:00:05,celebrate
r0001820,post000131,u00046,2025-03-07T13:00:28,like
r0001821,post000098,u00157,2025-03-07T13:02:22,like
r0001822,post000079,u00212,2025-03-07T13:03:04,celebrate
r0001823,post000099,u00384,2025-03-07T13:04:43,like
r0001824,post000114,u00353,2025-03-07T13:06:56,like
r0001825,post000101,u00102,2025-03-07T13:08:41,celebrate
r0001826,post000090,u00234,2025-03-07T13:09:22,like
r0001827,post000093,u00314,2025-03-07T13:12:07,like
r0001828,post000123,u00009,2025-03-07T13:13:34,celebrate
r0001829,post000133,u00010,2025-03-07T13:22:09,like
r0001830,post000118,u00249,2025-03-07T13:24:29,like
r0001831,post000077,u00190,2025-03-07T13:25:12,celebrate
r0001832,post000134,u00023,2025-03-07T13:25:40,support
r0001833,post000116,u00390,2025-03-07T13:27:12,like
r0001834,post000112,u00369,2025-03-07T13:27:58,insightful
r0001835,post000102,u00039,2025-03-07T13:28:02,like
r0001836,post000077,u00156,2025-03-07T13:28:55,like
r0001837,post000075,u00253,2025-03-07T13:29:51,like
r0001838,post000095,u00255,2025-03-07T13:35:09,like
r0001839,post000087,u00380,2025-03-07T13:37:26,celebrate
r0001840,post000115,u00052,2025-03-07T13:40:21,like
r0001841,post000104,u00249,2025-03-07T13:40:30,like
r0001842,post000096,u00318,2025-03-07T13:46:35,support
r0001843,post000110,u00252,2025-03-07T13:49:28,insightful
r0001844,post000132,u00268,2025-03-07T13:49:30,like
r0001845,post000086,u00026,2025-03-07T13:51:30,celebrate
r0001846,post000077,u00054,2025-03-07T13:53:22,insightful
r0001847,post000104,u00395,2025-03-07T13:54:33,celebrate
r0001848,post000111,u00186,2025-03-07T14:03:22,like
r0001849,post000099,u00193,2025-03-07T14:07:48,support
r0001850,post000115,u00173,2025-03-07T14:10:36,like
r0001851,post000111,u00180,2025-03-07T14:11:26,like
r0001852,post000101,u00060,2025-03-07T14:15:25,like
r0001853,post000104,u00138,2025-03-07T14:16:22,like
r0001854,post000110,u00010,2025-03-07T14:17:33,like
r0001855,post000119,u00249,2025-03-07T14:23:06,celebrate
r0001856,post000109,u00098,2025-03-07T14:23:14,like
r0001857,post000109,u00126,2025-03-07T14:27:09,like
r0001858,post000128,u00245,2025-03-07T14:31:52,like
r0001859,post000129,u00165,2025-03-07T14:34:32,like
r0001860,post000081,u00366,2025-03-07T14:36:08,like
r0001861,post000113,u00054,2025-03-07T14:37:44,like
r0001862,post000135,u00099,2025-03-07T14:39:44,support
r0001863,post000131,u00211,2025-03-07T14:44:26,like
r0001864,post000109,u00378,2025-03-07T14:46:37,like
r0001865,post000090,u00073,2025-03-07T14:53:38,like
r0001866,post000135,u00098,2025-03-07T14:55:19,like
r0001867,post000081,u00174,2025-03-07T14:58:35,like
r0001868,post000093,u00355,2025-03-07T14:59:08,like
r0001869,post000112,u00015,2025-03-07T14:59:55,like
r0001870,post000119,u00381,2025-03-07T15:00:16,celebrate
r0001871,post000107,u00349,2025-03-07T15:01:10,like
r0001872,post000093,u00035,2025-03-07T15:06:40,like
r0001873,post000118,u00025,2025-03-07T15:08:03,like
r0001874,post000080,u00280,2025-03-07T15:08:39,like
r0001875,post000103,u00267,2025-03-07T15:09:39,like
r0001876,post000123,u00165,2025-03-07T15:10:03,like
r0001877,post000123,u00264,2025-03-07T15:16:15,like
r0001878,post000084,u00255,2025-03-07T15:17:40,like
r0001879,post000122,u00083,2025-03-07T15:20:36,insightful
r0001880,post000122,u00370,2025-03-07T15:27:21,like
r0001881,post000123,u00306,2025-03-07T15:27:54,insightful
r0001882,post000130,u00212,2025-03-07T15:29:16,insightful
r0001883,post000118,u00374,2025-03-07T15:32:08,like
r0001884,post000087,u00374,2025-03-07T15:43:48,like
r0001885,post000093,u00267,2025-03-07T15:46:04,like
r0001886,post000116,u00288,2025-03-07T15:51:20,like
r0001887,post000114,u00052,2025-03-07T15:53:49,like
r0001888,post000137,u00210,2025-03-07T15:53:58,like
r0001889,post000106,u00265,2025-03-07T15:54:55,like
r0001890,post000105,u00067,2025-03-07T16:01:58,like
r0001891,post000098,u00246,2025-03-07T16:05:08,support
r0001892,post000087,u00086,2025-03-07T16:06:59,support
r0001893,post000121,u00267,2025-03-07T16:08:18,insightful
r0001894,post000140,u00237,2025-03-07T16:09:30,like
r0001895,post000112,u00133,2025-03-07T16:11:23,like
r0001896,post000095,u00083,2025-03-07T16:12:51,like
r0001897,post000087,u00046,2025-03-07T16:13:15,like
r0001898,post000119,u00133,2025-03-07T16:16:46,like
r0001899,post000109,u00046,2025-03-07T16:16:52,like
r0001900,post000139,u00191,2025-03-07T16:17:55,like
r0001901,post000083,u00335,2025-03-07T16:21:09,like
r0001902,post000096,u00174,2025-03-07T16:22:53,like
r0001903,post000115,u00209,2025-03-07T16:27:21,like
r0001904,post000121,u00067,2025-03-07T16:28:25,like
r0001905,post000117,u00034,2025-03-07T16:32:50,like
r0001906,post000108,u00325,2025-03-07T16:36:50,like
r0001907,post000097,u00380,2025-03-07T16:48:17,insightful
r0001908,post000086,u00337,2025-03-07T17:00:27,support
r0001909,post000139,u00354,2025-03-07T17:15:58,like
r0001910,post000123,u00194,2025-03-07T17:26:05,like
r0001911,post000099,u00221,2025-03-07T17:35:19,like
r0001912,post000129,u00205,2025-03-07T17:40:13,like
r0001913,post000115,u00336,2025-03-07T17:46:05,like
r0001914,post000136,u00010,2025-03-07T17:48:25,like
r0001915,post000121,u00108,2025-03-07T17:54:00,like
r0001916,post000111,u00314,2025-03-07T17:58:45,like
r0001917,post000092,u00190,2025-03-07T18:00:45,like
r0001918,post000141,u00007,2025-03-07T18:07:48,like
r0001919,post000098,u00252,2025-03-07T18:18:59,like
r0001920,post000117,u00381,2025-03-07T18:24:45,like
r0001921,post000122,u00004,2025-03-07T18:29:17,like
r0001922,post000093,u00352,2025-03-07T18:51:21,support
r0001923,post000144,u00299,2025-03-07T18:59:42,insightful
r0001924,post000097,u00258,2025-03-07T19:04:43,like
r0001925,post000112,u00325,2025-03-07T19:05:26,like
r0001926,post000094,u00339,2025-03-07T19:10:15,like
r0001927,post000125,u00048,2025-03-07T19:11:33,like
r0001928,post000089,u00054,2025-03-07T19:19:26,like
r0001929,post000118,u00065,2025-03-07T19:24:32,insightful
r0001930,post000109,u00098,2025-03-07T19:36:50,like
r0001931,post000124,u00126,2025-03-07T19:38:16,celebrate
r0001932,post000139,u00039,2025-03-07T19:42:39,like
r0001933,post000127,u00380,2025-03-07T19:46:25,insightful
r0001934,post000090,u00213,2025-03-07T19:57:59,insightful
r0001935,post000100,u00162,2025-03-07T19:58:52,celebrate
r0001936,post000110,u00355,2025-03-07T20:04:39,celebrate
r0001937,post000104,u00246,2025-03-07T20:10:33,insightful
r0001938,post000112,u00380,2025-03-07T20:13:54,like
r0001939,post000141,u00006,2025-03-07T20:17:12,insightful
r0001940,post000085,u00352,2025-03-07T20:23:16,like
r0001941,post000108,u00053,2025-03-07T20:31:08,like
r0001942,post000089,u00023,2025-03-07T20:44:56,like
r0001943,post000114,u00211,2025-03-07T20:46:10,like
r0001944,post000130,u00291,2025-03-07T21:08:13,like
r0001945,post000137,u00352,2025-03-07T21:22:41,like
r0001946,post000108,u00268,2025-03-07T21:23:59,celebrate
r0001947,post000133,u00212,2025-03-07T21:25:15,like
r0001948,post000136,u00249,2025-03-07T21:30:30,like
r0001949,post000122,u00004,2025-03-07T21:34:15,like
r0001950,post000122,u00141,2025-03-07T21:35:21,like
r0001951,post000091,u00013,2025-03-07T21:39:00,like
r0001952,post000120,u00268,2025-03-07T21:46:33,celebrate
r0001953,post000106,u00210,2025-03-07T21:58:56,like
r0001954,post000110,u00087,2025-03-07T21:59:31,like
r0001955,post000125,u00190,2025-03-07T22:01:42,celebrate
r0001956,post000086,u00211,2025-03-07T22:04:10,like
r0001957,post000135,u00157,2025-03-07T22:07:04,support
r0001958,post000098,u00052,2025-03-07T22:19:36,like
r0001959,post000092,u00098,2025-03-07T22:39:36,like
r0001960,post000114,u00012,2025-03-07T22:41:56,like
r0001961,post000127,u00065,2025-03-07T22:46:32,like
r0001962,post000119,u00087,2025-03-07T22:52:48,like
r0001963,post000141,u00237,2025-03-07T22:56:37,like
r0001964,post000089,u00087,2025-03-07T22:59:18,like
r0001965,post000106,u00308,2025-03-07T23:03:39,insightful
r0001966,post000094,u00335,2025-03-07T23:04:56,celebrate
r0001967,post000125,u00146,2025-03-07T23:14:32,like
r0001968,post000142,u00108,2025-03-07T23:18:37,insightful
r0001969,post000097,u00265,2025-03-07T23:22:41,like
r0001970,post000101,u00146,2025-03-07T23:25:43,support
r0001971,post000146,u00157,2025-03-07T23:27:48,support
r0001972,post000087,u00087,2025-03-07T23:34:42,insightful
r0001973,post000123,u00213,2025-03-07T23:40:07,like
r0001974,post000119,u00087,2025-03-07T23:50:28,like
r0001975,post000128,u00122,2025-03-07T23:53:20,like
r0001976,post000131,u00265,2025-03-07T23:56:47,like
r0001977,post000137,u00397,2025-03-08T00:28:18,celebrate
r0001978,post000137,u00174,2025-03-08T00:36:03,like
r0001979,post000121,u00141,2025-03-08T00:42:02,like
r0001980,post000105,u00397,2025-03-08T01:01:36,support
r0001981,post000087,u00360,2025-03-08T01:22:04,like
r0001982,post000087,u00057,2025-03-08T01:26:51,like
r0001983,post000104,u00265,2025-03-08T01:38:15,like
r0001984,post000114,u00120,2025-03-08T01:41:56,like
r0001985,post000099,u00040,2025-03-08T01:54:50,insightful
r0001986,post000142,u00274,2025-03-08T01:55:57,like
r0001987,post000092,u00242,2025-03-08T02:17:40,like
r0001988,post000109,u00218,2025-03-08T02:23:04,like
r0001989,post000125,u00212,2025-03-08T02:31:10,like
r0001990,post000116,u00032,2025-03-08T02:36:04,insightful
r0001991,post000145,u00150,2025-03-08T02:41:44,insightful
r0001992,post000126,u00255,2025-03-08T02:55:23,celebrate
r0001993,post000147,u00264,2025-03-08T03:05:24,insightful
r0001994,post000118,u00274,2025-03-08T03:12:13,like
r0001995,post000119,u00269,2025-03-08T03:16:52,like
r0001996,post000118,u00249,2025-03-08T03:26:51,like
r0001997,post000106,u00246,2025-03-08T03:35:03,like
r0001998,post000099,u00299,2025-03-08T03:39:55,like
r0001999,post000118,u00099,2025-03-08T03:47:39,celebrate
r0002000,post000146,u00209,2025-03-08T03:52:17,like
r0002001,post000103,u00093,2025-03-08T04:02:10,like
r0002002,post000115,u00031,2025-03-08T04:13:20,like
r0002003,post000115,u00031,2025-03-08T04:17:14,like
r0002004,post000121,u00166,2025-03-08T04:26:43,like
r0002005,post000106,u00128,2025-03-08T04:29:06,support
r0002006,post000113,u00080,2025-03-08T04:39:27,like
r0002007,post000127,u00246,2025-03-08T04:50:25,like
r0002008,post000109,u00099,2025-03-08T04:51:08,like
r0002009,post000090,u00174,2025-03-08T04:51:59,like
r0002010,post000142,u00348,2025-03-08T04:59:56,like
r0002011,post000100,u00209,2025-03-08T05:06:33,support
r0002012,post000096,u00178,2025-03-08T05:12:12,like
r0002013,post000090,u00120,2025-03-08T05:30:06,celebrate
r0002014,post000124,u00150,2025-03-08T05:48:48,insightful
r0002015,post000107,u00235,2025-03-08T05:55:23,like
r0002016,post000118,u00230,2025-03-08T05:56:17,like
r0002017,post000132,u00080,2025-03-08T06:11:26,like
r0002018,post000102,u00004,2025-03-08T06:13:40,like
r0002019,post000133,u00109,2025-03-08T06:50:16,like
r0002020,post000146,u00030,2025-03-08T06:54:57,like
r0002021,post000143,u00133,2025-03-08T07:24:31,like
r0002022,post000120,u00397,2025-03-08T07:33:59,like
r0002023,post000119,u00023,2025-03-08T07:38:07,like
r0002024,post000101,u00244,2025-03-08T07:44:07,like
r0002025,post000135,u00348,2025-03-08T07:47:25,support
r0002026,post000091,u00224,2025-03-08T08:01:11,celebrate
r0002027,post000128,u00040,2025-03-08T08:02:50,like
r0002028,post000107,u00202,2025-03-08T08:07:41,celebrate
r0002029,post000137,u00274,2025-03-08T08:20:44,support
r0002030,post000106,u00312,2025-03-08T08:26:17,like
r0002031,post000119,u00294,2025-03-08T08:28:48,insightful
r0002032,post000117,u00150,2025-03-08T08:30:17,like
r0002033,post000093,u00112,2025-03-08T08:34:46,insightful
r0002034,post000150,u00174,2025-03-08T08:34:48,like
r0002035,post000143,u00112,2025-03-08T08:36:40,like
r0002036,post000098,u00255,2025-03-08T08:37:51,celebrate
r0002037,post000145,u00245,2025-03-08T08:38:18,support
r0002038,post000143,u00246,2025-03-08T08:40:24,celebrate
r0002039,post000146,u00274,2025-03-08T08:44:29,like
r0002040,post000115,u00340,2025-03-08T08:55:52,like
r0002041,post000092,u00340,2025-03-08T09:01:30,like
r0002042,post000119,u00009,2025-03-08T09:02:49,like
r0002043,post000116,u00273,2025-03-08T09:02:59,like
r0002044,post000126,u00112,2025-03-08T09:03:01,like
r0002045,post000120,u00023,2025-03-08T09:05:31,celebrate
r0002046,post000128,u00128,2025-03-08T09:07:37,like
r0002047,post000130,u00301,2025-03-08T09:09:24,insightful
r0002048,post000093,u00191,2025-03-08T09:13:03,like
r0002049,post000107,u00129,2025-03-08T09:29:56,like
r0002050,post000149,u00020,2025-03-08T09:31:14,support
r0002051,post000124,u00351,2025-03-08T09:32:32,like
r0002052,post000114,u00069,2025-03-08T09:33:29,like
r0002053,post000107,u00244,2025-03-08T09:34:16,like
r0002054,post000132,u00009,2025-03-08T09:45:12,support
r0002055,post000127,u00069,2025-03-08T09:55:14,like
r0002056,post000134,u00004,2025-03-08T09:57:12,insightful
r0002057,post000127,u00035,2025-03-08T09:58:41,celebrate
r0002058,post000114,u00009,2025-03-08T10:00:31,insightful
r0002059,post000109,u00265,2025-03-08T10:00:37,support
r0002060,post000150,u00295,2025-03-08T10:06:17,like
r0002061,post000123,u00126,2025-03-08T10:14:09,like
r0002062,post000095,u00265,2025-03-08T10:25:20,like
r0002063,post000103,u00129,2025-03-08T10:29:11,like
r0002064,post000104,u00249,2025-03-08T10:31:28,like
r0002065,post000137,u00129,2025-03-08T10:32:19,like
r0002066,post000110,u00128,2025-03-08T10:36:52,support
r0002067,post000131,u00018,2025-03-08T10:37:57,support
r0002068,post000144,u00119,2025-03-08T10:42:47,insightful
r0002069,post000143,u00395,2025-03-08T10:43:09,like
r0002070,post000125,u00187,2025-03-08T10:45:55,insightful
r0002071,post000122,u00397,2025-03-08T10:46:12,insightful
r0002072,post000142,u00251,2025-03-08T10:50:02,like
r0002073,post000105,u00348,2025-03-08T10:59:06,insightful
r0002074,post000098,u00395,2025-03-08T11:01:16,like
r0002075,post000123,u00085,2025-03-08T11:07:11,like
r0002076,post000137,u00018,2025-03-08T11:12:33,like
r0002077,post000135,u00371,2025-03-08T11:13:04,like
r0002078,post000111,u00222,2025-03-08T11:14:23,like
r0002079,post000105,u00078,2025-03-08T11:14:51,like
r0002080,post000151,u00114,2025-03-08T11:15:47,like
r0002081,post000124,u00260,2025-03-08T11:18:31,like
r0002082,post000138,u00103,2025-03-08T11:34:38,like
r0002083,post000130,u00132,2025-03-08T11:48:37,like
r0002084,post000111,u00203,2025-03-08T11:50:58,like
r0002085,post000115,u00066,2025-03-08T11:56:33,like
r0002086,post000143,u00133,2025-03-08T11:59:36,insightful
r0002087,post000146,u00015,2025-03-08T12:07:19,like
r0002088,post000137,u00051,2025-03-08T12:07:27,like
r0002089,post000104,u00338,2025-03-08T12:10:00,like
r0002090,post000143,u00286,2025-03-08T12:14:55,celebrate
r0002091,post000095,u00015,2025-03-08T12:23:31,like
r0002092,post000141,u00382,2025-03-08T12:26:54,like
r0002093,post000123,u00004,2025-03-08T12:35:39,insightful
r0002094,post000109,u00069,2025-03-08T12:39:13,like
r0002095,post000110,u00306,2025-03-08T12:40:34,insightful
r0002096,post000135,u00385,2025-03-08T12:41:02,like
r0002097,post000114,u00395,2025-03-08T12:45:03,like
r0002098,post000144,u00023,2025-03-08T12:45:08,like
r0002099,post000103,u00009,2025-03-08T12:49:12,like
r0002100,post000145,u00109,2025-03-08T12:49:27,like
r0002101,post000113,u00397,2025-03-08T12:51:01,support
r0002102,post000153,u00093,2025-03-08T12:54:14,support
r0002103,post000125,u00370,2025-03-08T12:59:15,like
r0002104,post000154,u00383,2025-03-08T13:01:57,like
r0002105,post000134,u00235,2025-03-08T13:03:04,insightful
r0002106,post000102,u00009,2025-03-08T13:05:33,like
r0002107,post000131,u00351,2025-03-08T13:15:51,like
r0002108,post000122,u00264,2025-03-08T13:19:17,like
r0002109,post000148,u00174,2025-03-08T13:24:24,insightful
r0002110,post000133,u00187,2025-03-08T13:24:29,like
r0002111,post000152,u00193,2025-03-08T13:25:51,insightful
r0002112,post000106,u00397,2025-03-08T13:28:36,celebrate
r0002113,post000095,u00158,2025-03-08T13:41:41,like
r0002114,post000134,u00189,2025-03-08T13:50:32,like
r0002115,post000116,u00129,2025-03-08T13:53:59,like
r0002116,post000116,u00186,2025-03-08T13:58:04,support
r0002117,post000115,u00244,2025-03-08T14:00:20,like
r0002118,post000101,u00244,2025-03-08T14:03:47,like
r0002119,post000097,u00057,2025-03-08T14:03:54,insightful
r0002120,post000110,u00224,2025-03-08T14:04:35,like
r0002121,post000101,u00246,2025-03-08T14:10:54,like
r0002122,post000115,u00063,2025-03-08T14:23:46,celebrate
r0002123,post000111,u00338,2025-03-08T14:28:08,like
r0002124,post000118,u00150,2025-03-08T14:31:45,like
r0002125,post000135,u00306,2025-03-08T14:35:47,celebrate
r0002126,post000130,u00166,2025-03-08T14:37:58,like
r0002127,post000115,u00018,2025-03-08T14:49:33,like
r0002128,post000116,u00265,2025-03-08T14:51:35,like
r0002129,post000119,u00392,2025-03-08T14:51:55,like
r0002130,post000142,u00288,2025-03-08T14:52:43,like
r0002131,post000102,u00174,2025-03-08T14:53:36,support
r0002132,post000129,u00224,2025-03-08T15:09:01,like
r0002133,post000151,u00159,2025-03-08T15:18:14,like
r0002134,post000144,u00018,2025-03-08T15:20:37,like
r0002135,post000109,u00360,2025-03-08T15:21:06,like
r0002136,post000141,u00178,2025-03-08T15:24:18,insightful
r0002137,post000146,u00374,2025-03-08T15:26:32,insightful
r0002138,post000113,u00349,2025-03-08T15:27:44,celebrate
r0002139,post000148,u00212,2025-03-08T15:30:09,support
r0002140,post000106,u00388,2025-03-08T15:33:50,like
r0002141,post000112,u00174,2025-03-08T15:34:42,insightful
r0002142,post000105,u00265,2025-03-08T15:42:51,like
r0002143,post000125,u00397,2025-03-08T15:49:05,like
r0002144,post000124,u00274,2025-03-08T15:49:25,like
r0002145,post000150,u00348,2025-03-08T15:59:17,like
r0002146,post000096,u00209,2025-03-08T16:00:28,like
r0002147,post000130,u00078,2025-03-08T16:05:37,like
r0002148,post000115,u00112,2025-03-08T16:13:39,celebrate
r0002149,post000120,u00265,2025-03-08T16:22:46,like
r0002150,post000145,u00209,2025-03-08T16:44:13,celebrate
r0002151,post000142,u00305,2025-03-08T16:45:27,insightful
r0002152,post000119,u00357,2025-03-08T16:47:58,like
r0002153,post000101,u00330,2025-03-08T16:51:29,like
r0002154,post000115,u00189,2025-03-08T17:08:01,like
r0002155,post000112,u00078,2025-03-08T17:53:24,like
r0002156,post000103,u00212,2025-03-08T17:55:43,insightful
r0002157,post000110,u00125,2025-03-08T17:59:41,celebrate
r0002158,post000114,u00132,2025-03-08T18:31:43,like
r0002159,post000115,u00186,2025-03-08T18:43:32,like
r0002160,post000150,u00188,2025-03-08T18:46:12,like
r0002161,post000142,u00281,2025-03-08T18:50:35,insightful
r0002162,post000135,u00344,2025-03-08T18:53:49,like
r0002163,post000128,u00158,2025-03-08T18:55:14,like
r0002164,post000106,u00032,2025-03-08T18:56:02,like
r0002165,post000136,u00281,2025-03-08T19:03:45,celebrate
r0002166,post000110,u00244,2025-03-08T19:17:01,like
r0002167,post000095,u00349,2025-03-08T19:59:18,celebrate
r0002168,post000136,u00371,2025-03-08T20:06:52,like
r0002169,post000111,u00124,2025-03-08T20:11:58,like
r0002170,post000148,u00158,2025-03-08T20:18:53,support
r0002171,post000111,u00264,2025-03-08T20:39:42,like
r0002172,post000105,u00245,2025-03-08T20:40:43,like
r0002173,post000131,u00348,2025-03-08T20:40:57,like
r0002174,post000097,u00132,2025-03-08T20:51:51,like
r0002175,post000145,u00032,2025-03-08T20:55:29,like
r0002176,post000150,u00245,2025-03-08T21:07:47,insightful
r0002177,post000149,u00371,2025-03-08T21:13:28,like
r0002178,post000139,u00103,2025-03-08T21:16:15,celebrate
r0002179,post000127,u00144,2025-03-08T21:29:43,support
r0002180,post000111,u00189,2025-03-08T21:33:19,insightful
r0002181,post000135,u00287,2025-03-08T21:33:46,support
r0002182,post000100,u00344,2025-03-08T21:41:21,like
r0002183,post000095,u00209,2025-03-08T21:43:55,like
r0002184,post000107,u00388,2025-03-08T21:50:03,celebrate
r0002185,post000107,u00112,2025-03-08T21:56:52,insightful
r0002186,post000130,u00114,2025-03-08T21:57:58,insightful
r0002187,post000132,u00222,2025-03-08T22:10:13,like
r0002188,post000120,u00150,2025-03-08T23:23:59,like
r0002189,post000150,u00133,2025-03-08T23:29:16,like
r0002190,post000105,u00271,2025-03-08T23:38:55,insightful
r0002191,post000137,u00287,2025-03-08T23:47:19,like
r0002192,post000126,u00282,2025-03-08T23:52:34,support
r0002193,post000122,u00036,2025-03-09T00:11:17,celebrate
r0002194,post000100,u00173,2025-03-09T00:12:09,celebrate
r0002195,post000102,u00185,2025-03-09T00:15:07,insightful
r0002196,post000111,u00274,2025-03-09T00:16:22,insightful
r0002197,post000125,u00006,2025-03-09T00:16:24,like
r0002198,post000139,u00069,2025-03-09T00:16:35,like
r0002199,post000129,u00199,2025-03-09T00:25:56,like
r0002200,post000136,u00018,2025-03-09T00:37:17,like
r0002201,post000131,u00157,2025-03-09T00:38:26,insightful
r0002202,post000110,u00012,2025-03-09T00:47:37,like
r0002203,post000142,u00006,2025-03-09T01:09:29,like
r0002204,post000133,u00035,2025-03-09T01:13:46,like
r0002205,post000132,u00354,2025-03-09T01:27:17,like
r0002206,post000111,u00285,2025-03-09T01:30:58,support
r0002207,post000148,u00314,2025-03-09T01:43:43,like
r0002208,post000129,u00050,2025-03-09T01:57:10,like
r0002209,post000142,u00235,2025-03-09T02:05:00,like
r0002210,post000115,u00157,2025-03-09T02:08:25,like
r0002211,post000116,u00050,2025-03-09T02:18:03,like
r0002212,post000099,u00185,2025-03-09T02:37:29,like
r0002213,post000157,u00004,2025-03-09T02:38:37,support
r0002214,post000109,u00055,2025-03-09T02:45:38,like
r0002215,post000116,u00185,2025-03-09T02:51:27,support
r0002216,post000121,u00099,2025-03-09T03:07:01,like
r0002217,post000146,u00174,2025-03-09T03:09:34,like
r0002218,post000108,u00009,2025-03-09T03:20:09,support
r0002219,post000119,u00306,2025-03-09T03:22:09,support
r0002220,post000158,u00294,2025-03-09T03:25:52,celebrate
r0002221,post000154,u00087,2025-03-09T03:26:30,like
r0002222,post000140,u00087,2025-03-09T03:28:03,insightful
r0002223,post000143,u00241,2025-03-09T03:29:41,like
r0002224,post000151,u00185,2025-03-09T03:33:06,support
r0002225,post000129,u00055,2025-03-09T03:39:40,like
r0002226,post000153,u00131,2025-03-09T04:13:12,like
r0002227,post000119,u00234,2025-03-09T04:13:37,like
r0002228,post000137,u00174,2025-03-09T04:16:51,like
r0002229,post000145,u00157,2025-03-09T04:22:45,like
r0002230,post000108,u00015,2025-03-09T04:26:09,insightful
r0002231,post000103,u00371,2025-03-09T04:26:21,like
r0002232,post000136,u00234,2025-03-09T04:30:19,like
r0002233,post000109,u00241,2025-03-09T04:34:18,like
r0002234,post000154,u00120,2025-03-09T04:41:13,insightful
r0002235,post000139,u00329,2025-03-09T04:45:27,like
r0002236,post000121,u00329,2025-03-09T04:53:49,like
r0002237,post000123,u00314,2025-03-09T04:55:44,like
r0002238,post000140,u00235,2025-03-09T04:59:25,like
r0002239,post000138,u00157,2025-03-09T05:06:14,like
r0002240,post000157,u00159,2025-03-09T05:14:17,insightful
r0002241,post000119,u00087,2025-03-09T05:18:42,like
r0002242,post000134,u00105,2025-03-09T05:23:31,like
r0002243,post000107,u00129,2025-03-09T05:38:09,celebrate
r0002244,post000111,u00123,2025-03-09T05:48:46,insightful
r0002245,post000132,u00174,2025-03-09T05:49:01,like
r0002246,post000102,u00299,2025-03-09T05:55:27,like
r0002247,post000132,u00031,2025-03-09T06:00:47,like
r0002248,post000123,u00157,2025-03-09T06:02:26,like
r0002249,post000120,u00274,2025-03-09T06:09:30,insightful
r0002250,post000126,u00057,2025-03-09T06:09:58,insightful
r0002251,post000102,u00263,2025-03-09T06:28:42,like
r0002252,post000103,u00191,2025-03-09T06:47:41,like
r0002253,post000105,u00185,2025-03-09T07:46:24,like
r0002254,post000134,u00178,2025-03-09T07:50:44,like
r0002255,post000151,u00015,2025-03-09T07:58:06,like
r0002256,post000162,u00392,2025-03-09T08:02:30,like
r0002257,post000159,u00157,2025-03-09T08:12:45,like
r0002258,post000113,u00185,2025-03-09T08:14:43,like
r0002259,post000131,u00013,2025-03-09T08:16:51,like
r0002260,post000155,u00329,2025-03-09T08:18:48,like
r0002261,post000152,u00371,2025-03-09T08:22:33,like
r0002262,post000127,u00371,2025-03-09T08:32:35,like
r0002263,post000106,u00004,2025-03-09T08:34:38,like
r0002264,post000114,u00023,2025-03-09T08:35:43,like
r0002265,post000159,u00004,2025-03-09T08:40:24,like
r0002266,post000162,u00035,2025-03-09T08:41:03,celebrate
r0002267,post000112,u00337,2025-03-09T08:41:28,insightful
r0002268,post000143,u00253,2025-03-09T08:49:57,support
r0002269,post000122,u00253,2025-03-09T08:58:05,support
r0002270,post000144,u00067,2025-03-09T09:05:44,support
r0002271,post000107,u00242,2025-03-09T09:10:14,like
r0002272,post000121,u00174,2025-03-09T09:12:14,like
r0002273,post000136,u00096,2025-03-09T09:16:55,like
r0002274,post000157,u00114,2025-03-09T09:17:45,celebrate
r0002275,post000138,u00033,2025-03-09T09:18:19,like
r0002276,post000127,u00190,2025-03-09T09:21:06,support
r0002277,post000135,u00013,2025-03-09T09:21:32,like
r0002278,post000120,u00341,2025-03-09T09:23:22,like
r0002279,post000149,u00301,2025-03-09T09:23:50,like
r0002280,post000144,u00126,2025-03-09T09:31:37,support
r0002281,post000160,u00069,2025-03-09T09:33:53,like
r0002282,post000127,u00059,2025-03-09T09:44:55,support
r0002283,post000145,u00383,2025-03-09T09:47:49,like
r0002284,post000156,u00129,2025-03-09T09:51:49,like
r0002285,post000158,u00221,2025-03-09T09:53:21,like
r0002286,post000126,u00018,2025-03-09T09:56:53,celebrate
r0002287,post000119,u00253,2025-03-09T09:57:14,support
r0002288,post000146,u00009,2025-03-09T09:58:48,like
r0002289,post000155,u00197,2025-03-09T10:01:13,like
r0002290,post000141,u00344,2025-03-09T10:05:24,celebrate
r0002291,post000145,u00009,2025-03-09T10:09:06,support
r0002292,post000108,u00020,2025-03-09T10:10:29,like
r0002293,post000115,u00126,2025-03-09T10:13:06,celebrate
r0002294,post000110,u00107,2025-03-09T10:15:15,like
r0002295,post000154,u00020,2025-03-09T10:21:59,like
r0002296,post000136,u00230,2025-03-09T10:26:22,support
r0002297,post000124,u00253,2025-03-09T10:27:57,celebrate
r0002298,post000126,u00129,2025-03-09T10:31:12,like
r0002299,post000108,u00392,2025-03-09T10:36:21,like
r0002300,post000152,u00114,2025-03-09T10:36:38,like
r0002301,post000150,u00035,2025-03-09T10:38:03,celebrate
r0002302,post000147,u00253,2025-03-09T10:40:12,insightful
r0002303,post000156,u00022,2025-03-09T10:42:04,like
r0002304,post000162,u00020,2025-03-09T10:46:25,like
r0002305,post000150,u00159,2025-03-09T10:50:40,celebrate
r0002306,post000154,u00109,2025-03-09T10:51:59,celebrate
r0002307,post000143,u00096,2025-03-09T10:52:22,like
r0002308,post000120,u00035,2025-03-09T10:53:07,like
r0002309,post000157,u00234,2025-03-09T10:59:59,like
r0002310,post000163,u00129,2025-03-09T11:01:04,like
r0002311,post000132,u00021,2025-03-09T11:03:10,insightful
r0002312,post000138,u00310,2025-03-09T11:08:36,like
r0002313,post000106,u00129,2025-03-09T11:09:35,like
r0002314,post000133,u00294,2025-03-09T11:10:14,like
r0002315,post000163,u00159,2025-03-09T11:10:44,like
r0002316,post000131,u00329,2025-03-09T11:12:47,like
r0002317,post000113,u00353,2025-03-09T11:13:26,like
r0002318,post000127,u00263,2025-03-09T11:16:26,like
r0002319,post000122,u00044,2025-03-09T11:26:57,like
r0002320,post000108,u00301,2025-03-09T11:41:31,insightful
r0002321,post000151,u00128,2025-03-09T11:45:24,celebrate
r0002322,post000155,u00185,2025-03-09T11:52:21,like
r0002323,post000167,u00276,2025-03-09T11:52:49,insightful
r0002324,post000163,u00036,2025-03-09T12:10:06,like
r0002325,post000126,u00338,2025-03-09T12:17:06,like
r0002326,post000128,u00205,2025-03-09T12:29:37,like
r0002327,post000134,u00380,2025-03-09T12:32:18,like
r0002328,post000154,u00132,2025-03-09T12:32:46,like
r0002329,post000111,u00069,2025-03-09T12:36:13,like
r0002330,post000152,u00069,2025-03-09T12:41:50,like
r0002331,post000141,u00253,2025-03-09T12:45:20,like
r0002332,post000156,u00013,2025-03-09T12:50:30,celebrate
r0002333,post000117,u00051,2025-03-09T12:52:58,like
r0002334,post000149,u00186,2025-03-09T12:58:08,support
r0002335,post000140,u00383,2025-03-09T12:58:39,like
r0002336,post000149,u00093,2025-03-09T13:13:39,like
r0002337,post000130,u00057,2025-03-09T13:15:14,like
r0002338,post000137,u00221,2025-03-09T13:16:15,celebrate
r0002339,post000135,u00120,2025-03-09T13:19:40,like
r0002340,post000138,u00114,2025-03-09T13:28:16,like
r0002341,post000109,u00258,2025-03-09T13:29:32,support
r0002342,post000142,u00274,2025-03-09T13:35:04,like
r0002343,post000114,u00055,2025-03-09T13:36:12,support
r0002344,post000112,u00204,2025-03-09T13:36:26,celebrate
r0002345,post000125,u00329,2025-03-09T13:36:38,like
r0002346,post000162,u00018,2025-03-09T13:36:45,like
r0002347,post000153,u00129,2025-03-09T13:38:12,like
r0002348,post000113,u00124,2025-03-09T13:47:09,like
r0002349,post000156,u00178,2025-03-09T13:54:28,insightful
r0002350,post000145,u00174,2025-03-09T13:55:25,like
r0002351,post000159,u00185,2025-03-09T13:58:16,like
r0002352,post000120,u00067,2025-03-09T13:58:42,like
r0002353,post000144,u00329,2025-03-09T14:00:42,like
r0002354,post000135,u00148,2025-03-09T14:03:37,like
r0002355,post000168,u00281,2025-03-09T14:25:10,like
r0002356,post000136,u00264,2025-03-09T14:30:32,like
r0002357,post000142,u00152,2025-03-09T14:33:42,like
r0002358,post000155,u00222,2025-03-09T14:34:32,like
r0002359,post000162,u00051,2025-03-09T14:35:35,like
r0002360,post000115,u00015,2025-03-09T14:42:17,like
r0002361,post000110,u00114,2025-03-09T14:43:49,insightful
r0002362,post000143,u00328,2025-03-09T14:51:13,like
r0002363,post000143,u00191,2025-03-09T14:59:11,like
r0002364,post000121,u00230,2025-03-09T15:02:32,like
r0002365,post000157,u00057,2025-03-09T15:03:40,like
r0002366,post000114,u00221,2025-03-09T15:06:39,like
r0002367,post000136,u00173,2025-03-09T15:11:21,like
r0002368,post000121,u00314,2025-03-09T15:11:33,celebrate
r0002369,post000154,u00124,2025-03-09T15:13:15,like
r0002370,post000155,u00279,2025-03-09T15:21:16,like
r0002371,post000112,u00215,2025-03-09T15:22:10,like
r0002372,post000158,u00380,2025-03-09T15:33:17,insightful
r0002373,post000117,u00021,2025-03-09T15:35:20,like
r0002374,post000162,u00351,2025-03-09T15:44:06,insightful
r0002375,post000111,u00131,2025-03-09T15:45:03,like
r0002376,post000133,u00226,2025-03-09T15:48:49,support
r0002377,post000145,u00274,2025-03-09T15:49:50,like
r0002378,post000143,u00015,2025-03-09T15:51:20,insightful
r0002379,post000121,u00310,2025-03-09T16:01:59,like
r0002380,post000125,u00380,2025-03-09T16:05:01,like
r0002381,post000124,u00263,2025-03-09T16:09:12,like
r0002382,post000170,u00306,2025-03-09T16:13:33,like
r0002383,post000152,u00338,2025-03-09T16:14:23,like
r0002384,post000152,u00221,2025-03-09T16:14:49,like
r0002385,post000116,u00281,2025-03-09T16:17:12,support
r0002386,post000150,u00299,2025-03-09T16:21:30,like
r0002387,post000117,u00294,2025-03-09T16:22:46,like
r0002388,post000159,u00190,2025-03-09T16:24:45,insightful
r0002389,post000140,u00353,2025-03-09T16:27:01,celebrate
r0002390,post000150,u00173,2025-03-09T16:32:44,like
r0002391,post000147,u00351,2025-03-09T16:42:56,like
r0002392,post000165,u00020,2025-03-09T16:45:08,like
r0002393,post000135,u00031,2025-03-09T16:45:38,like
r0002394,post000164,u00253,2025-03-09T16:45:43,like
r0002395,post000120,u00382,2025-03-09T16:48:50,celebrate
r0002396,post000112,u00353,2025-03-09T16:53:18,like
r0002397,post000136,u00264,2025-03-09T16:57:48,insightful
r0002398,post000128,u00021,2025-03-09T16:59:00,support
r0002399,post000117,u00094,2025-03-09T16:59:09,insightful
r0002400,post000124,u00174,2025-03-09T17:40:02,support
r0002401,post000167,u00253,2025-03-09T17:50:23,like
r0002402,post000114,u00211,2025-03-09T17:51:09,like
r0002403,post000113,u00185,2025-03-09T18:04:57,like
r0002404,post000166,u00311,2025-03-09T18:27:07,like
r0002405,post000168,u00253,2025-03-09T18:28:54,celebrate
r0002406,post000131,u00055,2025-03-09T18:48:34,like
r0002407,post000167,u00036,2025-03-09T18:58:56,like
r0002408,post000115,u00170,2025-03-09T19:05:23,like
r0002409,post000129,u00050,2025-03-09T19:08:21,like
r0002410,post000114,u00073,2025-03-09T19:09:50,like
r0002411,post000118,u00173,2025-03-09T19:17:33,like
r0002412,post000147,u00114,2025-03-09T19:39:50,like
r0002413,post000146,u00281,2025-03-09T19:49:34,like
r0002414,post000165,u00050,2025-03-09T19:51:45,like
r0002415,post000158,u00157,2025-03-09T19:55:29,like
r0002416,post000117,u00365,2025-03-09T20:16:19,like
r0002417,post000143,u00031,2025-03-09T20:35:58,like
r0002418,post000151,u00187,2025-03-09T20:47:50,like
r0002419,post000154,u00235,2025-03-09T20:51:56,like
r0002420,post000123,u00311,2025-03-09T20:52:37,like
r0002421,post000115,u00274,2025-03-09T20:54:29,like
r0002422,post000154,u00281,2025-03-09T21:31:24,support
r0002423,post000169,u00189,2025-03-09T21:34:43,insightful
r0002424,post000136,u00374,2025-03-09T21:38:46,support
r0002425,post000127,u00215,2025-03-09T21:51:02,like
r0002426,post000146,u00281,2025-03-09T21:51:38,like
r0002427,post000121,u00086,2025-03-09T22:01:57,like
r0002428,post000168,u00157,2025-03-09T22:19:03,like
r0002429,post000119,u00067,2025-03-09T22:34:20,like
r0002430,post000125,u00159,2025-03-09T22:36:18,like
r0002431,post000154,u00384,2025-03-09T22:50:31,like
r0002432,post000123,u00235,2025-03-09T23:03:31,like
r0002433,post000116,u00142,2025-03-09T23:03:48,like
r0002434,post000121,u00174,2025-03-09T23:05:37,like
r0002435,post000153,u00185,2025-03-09T23:08:30,support
r0002436,post000135,u00300,2025-03-09T23:16:13,celebrate
r0002437,post000153,u00174,2025-03-09T23:17:50,support
r0002438,post000140,u00328,2025-03-09T23:23:32,like
r0002439,post000130,u00252,2025-03-09T23:34:16,like
r0002440,post000128,u00271,2025-03-10T00:00:27,like
r0002441,post000140,u00281,2025-03-10T00:08:27,support
r0002442,post000149,u00120,2025-03-10T00:14:57,like
r0002443,post000169,u00174,2025-03-10T00:21:15,like
r0002444,post000136,u00265,2025-03-10T00:25:07,like
r0002445,post000146,u00133,2025-03-10T00:26:21,like
r0002446,post000114,u00185,2025-03-10T00:29:58,like
r0002447,post000143,u00212,2025-03-10T00:32:16,support
r0002448,post000169,u00290,2025-03-10T00:34:20,support
r0002449,post000122,u00096,2025-03-10T00:44:19,like
r0002450,post000114,u00246,2025-03-10T00:44:34,insightful
r0002451,post000153,u00163,2025-03-10T00:49:57,like
r0002452,post000113,u00055,2025-03-10T00:50:26,like
r0002453,post000121,u00012,2025-03-10T00:50:52,like
r0002454,post000137,u00308,2025-03-10T01:16:50,like
r0002455,post000127,u00205,2025-03-10T01:19:19,like
r0002456,post000143,u00129,2025-03-10T01:23:51,like
r0002457,post000118,u00337,2025-03-10T01:33:38,celebrate
r0002458,post000132,u00163,2025-03-10T01:34:19,like
r0002459,post000124,u00209,2025-03-10T01:37:55,like
r0002460,post000127,u00108,2025-03-10T01:45:42,like
r0002461,post000157,u00362,2025-03-10T01:52:09,like
r0002462,post000123,u00397,2025-03-10T01:55:00,insightful
r0002463,post000147,u00196,2025-03-10T01:56:00,celebrate
r0002464,post000132,u00212,2025-03-10T02:03:56,celebrate
r0002465,post000144,u00177,2025-03-10T02:12:05,like
r0002466,post000139,u00163,2025-03-10T02:21:18,like
r0002467,post000149,u00052,2025-03-10T02:25:00,like
r0002468,post000125,u00335,2025-03-10T02:29:04,insightful
r0002469,post000143,u00326,2025-03-10T02:40:30,like
r0002470,post000176,u00039,2025-03-10T03:01:28,like
r0002471,post000129,u00334,2025-03-10T03:03:41,like
r0002472,post000156,u00352,2025-03-10T03:07:19,like
r0002473,post000124,u00146,2025-03-10T03:08:38,like
r0002474,post000134,u00362,2025-03-10T03:20:54,like
r0002475,post000164,u00108,2025-03-10T03:24:22,insightful
r0002476,post000164,u00006,2025-03-10T03:32:43,like
r0002477,post000127,u00211,2025-03-10T03:33:04,support
r0002478,post000140,u00036,2025-03-10T03:33:05,support
r0002479,post000153,u00352,2025-03-10T03:37:38,like
r0002480,post000118,u00189,2025-03-10T03:39:01,like
r0002481,post000160,u00394,2025-03-10T04:11:32,like
r0002482,post000129,u00231,2025-03-10T04:17:20,like
r0002483,post000162,u00179,2025-03-10T04:24:35,support
r0002484,post000166,u00317,2025-03-10T04:48:37,like
r0002485,post000132,u00329,2025-03-10T04:54:11,insightful
r0002486,post000152,u00048,2025-03-10T04:55:37,like
r0002487,post000131,u00046,2025-03-10T04:56:43,like
r0002488,post000177,u00210,2025-03-10T04:58:31,like
r0002489,post000135,u00236,2025-03-10T05:09:56,like
r0002490,post000164,u00032,2025-03-10T05:25:36,like
r0002491,post000127,u00099,2025-03-10T05:28:52,celebrate
r0002492,post000153,u00271,2025-03-10T05:29:33,celebrate
r0002493,post000164,u00221,2025-03-10T05:31:00,like
r0002494,post000134,u00268,2025-03-10T05:36:22,like
r0002495,post000175,u00287,2025-03-10T06:03:46,like
r0002496,post000122,u00090,2025-03-10T06:10:41,insightful
r0002497,post000164,u00362,2025-03-10T06:13:07,like
r0002498,post000144,u00318,2025-03-10T06:15:25,support
r0002499,post000129,u00079,2025-03-10T06:16:03,like
r0002500,post000150,u00129,2025-03-10T06:21:55,like
r0002501,post000123,u00231,2025-03-10T06:22:55,celebrate
r0002502,post000168,u00225,2025-03-10T06:29:20,like
r0002503,post000147,u00375,2025-03-10T06:30:52,like
r0002504,post000179,u00046,2025-03-10T06:31:12,like
r0002505,post000146,u00268,2025-03-10T06:44:22,like
r0002506,post000146,u00302,2025-03-10T06:45:32,like
r0002507,post000182,u00120,2025-03-10T06:46:52,like
r0002508,post000172,u00190,2025-03-10T06:51:17,like
r0002509,post000170,u00254,2025-03-10T06:51:35,like
r0002510,post000133,u00308,2025-03-10T06:52:54,like
r0002511,post000129,u00202,2025-03-10T07:00:42,like
r0002512,post000155,u00301,2025-03-10T07:02:19,like
r0002513,post000147,u00265,2025-03-10T07:08:48,like
r0002514,post000160,u00038,2025-03-10T07:11:05,support
r0002515,post000143,u00265,2025-03-10T07:15:02,insightful
r0002516,post000158,u00070,2025-03-10T07:16:25,like
r0002517,post000158,u00006,2025-03-10T07:23:03,like
r0002518,post000182,u00259,2025-03-10T07:35:09,like
r0002519,post000179,u00192,2025-03-10T07:45:48,support
r0002520,post000172,u00352,2025-03-10T07:46:20,like
r0002521,post000140,u00285,2025-03-10T07:46:43,like
r0002522,post000146,u00177,2025-03-10T07:47:35,like
r0002523,post000183,u00128,2025-03-10T07:54:30,like
r0002524,post000136,u00245,2025-03-10T07:55:56,like
r0002525,post000161,u00212,2025-03-10T07:56:13,support
r0002526,post000179,u00221,2025-03-10T08:04:29,like
r0002527,post000150,u00352,2025-03-10T08:07:01,like
r0002528,post000158,u00039,2025-03-10T08:07:54,like
r0002529,post000166,u00338,2025-03-10T08:16:03,like
r0002530,post000173,u00274,2025-03-10T08:20:04,like
r0002531,post000140,u00268,2025-03-10T08:20:33,like
r0002532,post000152,u00347,2025-03-10T08:25:20,like
r0002533,post000143,u00098,2025-03-10T08:25:27,like
r0002534,post000146,u00074,2025-03-10T08:29:43,like
r0002535,post000182,u00383,2025-03-10T08:36:48,like
r0002536,post000183,u00244,2025-03-10T08:38:25,like
r0002537,post000165,u00353,2025-03-10T08:39:29,like
r0002538,post000156,u00120,2025-03-10T08:40:10,like
r0002539,post000150,u00020,2025-03-10T08:41:05,like
r0002540,post000178,u00057,2025-03-10T08:42:51,celebrate
r0002541,post000167,u00268,2025-03-10T08:44:29,like
r0002542,post000133,u00009,2025-03-10T08:48:44,like
r0002543,post000152,u00163,2025-03-10T08:51:53,like
r0002544,post000151,u00236,2025-03-10T08:54:09,like
r0002545,post000131,u00271,2025-03-10T08:54:09,like
r0002546,post000181,u00246,2025-03-10T08:54:52,like
r0002547,post000132,u00308,2025-03-10T08:56:07,like
r0002548,post000167,u00061,2025-03-10T08:58:54,support
r0002549,post000172,u00125,2025-03-10T09:01:46,like
r0002550,post000161,u00023,2025-03-10T09:02:16,like
r0002551,post000171,u00146,2025-03-10T09:04:27,like
r0002552,post000167,u00103,2025-03-10T09:09:47,like
r0002553,post000161,u00050,2025-03-10T09:17:07,like
r0002554,post000126,u00006,2025-03-10T09:18:57,like
r0002555,post000176,u00179,2025-03-10T09:19:13,like
r0002556,post000161,u00177,2025-03-10T09:21:15,like
r0002557,post000147,u00052,2025-03-10T09:22:18,like
r0002558,post000146,u00311,2025-03-10T09:25:59,like
r0002559,post000168,u00395,2025-03-10T09:29:47,like
r0002560,post000157,u00359,2025-03-10T09:32:14,like
r0002561,post000148,u00055,2025-03-10T09:32:26,like
r0002562,post000158,u00277,2025-03-10T09:34:32,celebrate
r0002563,post000158,u00022,2025-03-10T09:35:56,support
r0002564,post000138,u00335,2025-03-10T09:36:55,insightful
r0002565,post000141,u00054,2025-03-10T09:39:42,like
r0002566,post000140,u00129,2025-03-10T09:42:13,like
r0002567,post000132,u00260,2025-03-10T09:44:35,like
r0002568,post000185,u00009,2025-03-10T09:44:53,like
r0002569,post000181,u00338,2025-03-10T09:45:09,support
r0002570,post000159,u00360,2025-03-10T09:46:46,insightful
r0002571,post000162,u00210,2025-03-10T09:47:19,like
r0002572,post000176,u00188,2025-03-10T09:48:14,like
r0002573,post000174,u00340,2025-03-10T09:51:11,like
r0002574,post000171,u00359,2025-03-10T09:52:47,like
r0002575,post000186,u00186,2025-03-10T09:53:18,like
r0002576,post000135,u00277,2025-03-10T09:57:09,like
r0002577,post000180,u00383,2025-03-10T10:02:56,like
r0002578,post000180,u00010,2025-03-10T10:03:10,insightful
r0002579,post000176,u00282,2025-03-10T10:03:34,like
r0002580,post000167,u00362,2025-03-10T10:06:21,insightful
r0002581,post000182,u00036,2025-03-10T10:10:23,like
r0002582,post000153,u00098,2025-03-10T10:12:14,like
r0002583,post000137,u00223,2025-03-10T10:13:06,like
r0002584,post000161,u00159,2025-03-10T10:13:11,like
r0002585,post000182,u00054,2025-03-10T10:13:46,like
r0002586,post000135,u00015,2025-03-10T10:13:58,like
r0002587,post000182,u00023,2025-03-10T10:14:40,celebrate
r0002588,post000167,u00055,2025-03-10T10:14:53,like
r0002589,post000170,u00087,2025-03-10T10:20:06,celebrate
r0002590,post000129,u00196,2025-03-10T10:24:35,support
r0002591,post000170,u00021,2025-03-10T10:24:41,like
r0002592,post000148,u00358,2025-03-10T10:26:25,like
r0002593,post000137,u00052,2025-03-10T10:27:39,like
r0002594,post000174,u00191,2025-03-10T10:28:21,like
r0002595,post000162,u00285,2025-03-10T10:29:12,like
r0002596,post000132,u00175,2025-03-10T10:29:28,like
r0002597,post000183,u00260,2025-03-10T10:29:37,like
r0002598,post000173,u00179,2025-03-10T10:31:45,support
r0002599,post000169,u00108,2025-03-10T10:31:55,like
r0002600,post000147,u00190,2025-03-10T10:33:06,like
r0002601,post000171,u00098,2025-03-10T10:34:23,like
r0002602,post000158,u00160,2025-03-10T10:35:01,like
r0002603,post000179,u00329,2025-03-10T10:35:32,celebrate
r0002604,post000170,u00025,2025-03-10T10:35:38,support
r0002605,post000186,u00093,2025-03-10T10:35:48,support
r0002606,post000167,u00007,2025-03-10T10:37:04,like
r0002607,post000162,u00046,2025-03-10T10:39:48,like
r0002608,post000161,u00064,2025-03-10T10:40:31,like
r0002609,post000146,u00326,2025-03-10T10:41:28,like
r0002610,post000130,u00036,2025-03-10T10:46:58,like
r0002611,post000189,u00023,2025-03-10T10:48:25,like
r0002612,post000139,u00057,2025-03-10T10:57:15,like
r0002613,post000132,u00036,2025-03-10T10:57:33,like
r0002614,post000165,u00118,2025-03-10T10:58:48,insightful
r0002615,post000149,u00166,2025-03-10T10:59:08,like
r0002616,post000162,u00046,2025-03-10T11:04:52,insightful
r0002617,post000139,u00023,2025-03-10T11:11:12,like
r0002618,post000148,u00128,2025-03-10T11:13:18,like
r0002619,post000148,u00097,2025-03-10T11:13:52,like
r0002620,post000131,u00133,2025-03-10T11:20:49,celebrate
r0002621,post000176,u00097,2025-03-10T11:21:04,insightful
r0002622,post000162,u00246,2025-03-10T11:24:34,insightful
r0002623,post000163,u00015,2025-03-10T11:25:27,celebrate
r0002624,post000145,u00057,2025-03-10T11:26:38,like
r0002625,post000150,u00311,2025-03-10T11:32:38,celebrate
r0002626,post000174,u00354,2025-03-10T11:33:17,like
r0002627,post000148,u00048,2025-03-10T11:36:53,insightful
r0002628,post000139,u00395,2025-03-10T11:38:00,insightful
r0002629,post000180,u00339,2025-03-10T11:39:15,support
r0002630,post000156,u00103,2025-03-10T11:40:03,insightful
r0002631,post000137,u00205,2025-03-10T11:41:58,insightful
r0002632,post000175,u00118,2025-03-10T11:43:21,like
r0002633,post000166,u00324,2025-03-10T11:43:22,like
r0002634,post000174,u00006,2025-03-10T11:43:37,like
r0002635,post000164,u00191,2025-03-10T11:47:43,like
r0002636,post000140,u00163,2025-03-10T11:48:05,like
r0002637,post000145,u00062,2025-03-10T11:50:20,like
r0002638,post000147,u00132,2025-03-10T11:55:04,like
r0002639,post000160,u00120,2025-03-10T11:59:34,insightful
r0002640,post000168,u00133,2025-03-10T12:06:14,insightful
r0002641,post000141,u00146,2025-03-10T12:10:37,like
r0002642,post000176,u00254,2025-03-10T12:12:41,like
r0002643,post000138,u00348,2025-03-10T12:14:11,like
r0002644,post000179,u00355,2025-03-10T12:16:26,like
r0002645,post000154,u00209,2025-03-10T12:17:15,like
r0002646,post000161,u00009,2025-03-10T12:17:53,like
r0002647,post000184,u00348,2025-03-10T12:22:17,like
r0002648,post000136,u00129,2025-03-10T12:28:37,like
r0002649,post000162,u00214,2025-03-10T12:30:49,like
r0002650,post000150,u00175,2025-03-10T12:36:47,support
r0002651,post000139,u00120,2025-03-10T12:36:57,celebrate
r0002652,post000160,u00360,2025-03-10T12:38:10,like
r0002653,post000186,u00039,2025-03-10T12:38:55,insightful
r0002654,post000148,u00337,2025-03-10T12:47:03,like
r0002655,post000144,u00129,2025-03-10T12:47:32,like
r0002656,post000147,u00308,2025-03-10T12:48:28,support
r0002657,post000150,u00079,2025-03-10T12:52:26,insightful
r0002658,post000165,u00339,2025-03-10T12:58:41,celebrate
r0002659,post000153,u00343,2025-03-10T12:59:05,like
r0002660,post000139,u00087,2025-03-10T13:03:41,insightful
r0002661,post000180,u00317,2025-03-10T13:04:45,like
r0002662,post000184,u00096,2025-03-10T13:06:14,like
r0002663,post000162,u00339,2025-03-10T13:11:14,like
r0002664,post000163,u00054,2025-03-10T13:12:35,like
r0002665,post000153,u00281,2025-03-10T13:12:40,like
r0002666,post000149,u00172,2025-03-10T13:15:22,support
r0002667,post000155,u00359,2025-03-10T13:16:28,insightful
r0002668,post000160,u00090,2025-03-10T13:19:09,like
r0002669,post000166,u00348,2025-03-10T13:19:22,like
r0002670,post000166,u00210,2025-03-10T13:25:13,like
r0002671,post000181,u00061,2025-03-10T13:26:36,like
r0002672,post000164,u00121,2025-03-10T13:27:29,support
r0002673,post000180,u00006,2025-03-10T13:27:42,like
r0002674,post000148,u00098,2025-03-10T13:28:29,support
r0002675,post000181,u00067,2025-03-10T13:29:46,insightful
r0002676,post000168,u00174,2025-03-10T13:29:54,like
r0002677,post000133,u00307,2025-03-10T13:32:23,like
r0002678,post000181,u00084,2025-03-10T13:37:21,like
r0002679,post000146,u00265,2025-03-10T13:47:25,like
r0002680,post000177,u00397,2025-03-10T13:51:09,like
r0002681,post000146,u00317,2025-03-10T13:55:15,like
r0002682,post000154,u00192,2025-03-10T14:06:07,like
r0002683,post000144,u00242,2025-03-10T14:06:58,like
r0002684,post000176,u00348,2025-03-10T14:09:19,like
r0002685,post000163,u00205,2025-03-10T14:10:15,like
r0002686,post000135,u00259,2025-03-10T14:14:10,like
r0002687,post000159,u00109,2025-03-10T14:16:06,insightful
r0002688,post000190,u00264,2025-03-10T14:19:07,insightful
r0002689,post000169,u00357,2025-03-10T14:21:42,like
r0002690,post000168,u00164,2025-03-10T14:25:22,like
r0002691,post000159,u00340,2025-03-10T14:30:06,like
r0002692,post000172,u00319,2025-03-10T14:32:39,like
r0002693,post000151,u00020,2025-03-10T14:34:12,like
r0002694,post000176,u00265,2025-03-10T14:38:11,like
r0002695,post000139,u00221,2025-03-10T14:40:31,like
r0002696,post000146,u00377,2025-03-10T14:44:32,like
r0002697,post000141,u00159,2025-03-10T14:45:02,like
r0002698,post000191,u00330,2025-03-10T14:46:25,like
r0002699,post000192,u00246,2025-03-10T14:47:13,like
r0002700,post000172,u00352,2025-03-10T14:52:48,like
r0002701,post000147,u00024,2025-03-10T14:53:32,like
r0002702,post000153,u00015,2025-03-10T14:54:02,celebrate
r0002703,post000166,u00204,2025-03-10T14:56:23,like
r0002704,post000196,u00362,2025-03-10T15:00:05,like
r0002705,post000182,u00340,2025-03-10T15:03:01,like
r0002706,post000182,u00090,2025-03-10T15:06:32,celebrate
r0002707,post000144,u00098,2025-03-10T15:10:59,support
r0002708,post000183,u00126,2025-03-10T15:11:06,like
r0002709,post000144,u00020,2025-03-10T15:11:25,like
r0002710,post000146,u00381,2025-03-10T15:12:54,like
r0002711,post000146,u00177,2025-03-10T15:20:11,like
r0002712,post000161,u00175,2025-03-10T15:24:20,like
r0002713,post000141,u00192,2025-03-10T15:24:44,like
r0002714,post000178,u00203,2025-03-10T15:25:09,like
r0002715,post000154,u00362,2025-03-10T15:25:16,like
r0002716,post000148,u00129,2025-03-10T15:26:03,like
r0002717,post000141,u00274,2025-03-10T15:31:54,like
r0002718,post000154,u00152,2025-03-10T15:32:28,like
r0002719,post000179,u00042,2025-03-10T15:37:02,insightful
r0002720,post000152,u00370,2025-03-10T15:38:40,like
r0002721,post000145,u00064,2025-03-10T15:38:41,like
r0002722,post000180,u00282,2025-03-10T15:42:59,like
r0002723,post000183,u00163,2025-03-10T15:43:50,like
r0002724,post000193,u00384,2025-03-10T15:45:35,like
r0002725,post000193,u00133,2025-03-10T15:49:22,like
r0002726,post000167,u00031,2025-03-10T15:49:54,like
r0002727,post000170,u00210,2025-03-10T15:53:50,celebrate
r0002728,post000140,u00036,2025-03-10T15:54:20,celebrate
r0002729,post000188,u00070,2025-03-10T15:55:47,like
r0002730,post000161,u00174,2025-03-10T15:58:03,support
r0002731,post000169,u00126,2025-03-10T15:59:06,like
r0002732,post000197,u00064,2025-03-10T16:08:14,celebrate
r0002733,post000198,u00174,2025-03-10T16:08:17,like
r0002734,post000185,u00185,2025-03-10T16:08:22,celebrate
r0002735,post000184,u00264,2025-03-10T16:10:16,like
r0002736,post000156,u00359,2025-03-10T16:12:18,like
r0002737,post000194,u00067,2025-03-10T16:12:24,support
r0002738,post000142,u00329,2025-03-10T16:17:23,like
r0002739,post000166,u00087,2025-03-10T16:22:41,like
r0002740,post000191,u00211,2025-03-10T16:23:43,like
r0002741,post000190,u00163,2025-03-10T16:24:25,like
r0002742,post000182,u00246,2025-03-10T16:29:19,like
r0002743,post000152,u00329,2025-03-10T16:29:39,like
r0002744,post000184,u00317,2025-03-10T16:30:33,like
r0002745,post000157,u00036,2025-03-10T16:32:10,like
r0002746,post000169,u00159,2025-03-10T16:33:10,like
r0002747,post000157,u00373,2025-03-10T16:37:51,like
r0002748,post000201,u00125,2025-03-10T16:46:26,like
r0002749,post000198,u00349,2025-03-10T16:50:36,like
r0002750,post000145,u00021,2025-03-10T16:55:33,like
r0002751,post000155,u00340,2025-03-10T16:57:42,like
r0002752,post000186,u00042,2025-03-10T17:02:48,like
r0002753,post000162,u00098,2025-03-10T17:02:48,like
r0002754,post000201,u00329,2025-03-10T17:04:21,celebrate
r0002755,post000160,u00154,2025-03-10T17:07:42,like
r0002756,post000198,u00212,2025-03-10T17:07:44,like
r0002757,post000170,u00322,2025-03-10T17:14:45,like
r0002758,post000157,u00129,2025-03-10T17:29:46,insightful
r0002759,post000181,u00354,2025-03-10T17:36:34,like
r0002760,post000180,u00330,2025-03-10T17:40:02,like
r0002761,post000165,u00321,2025-03-10T17:42:39,like
r0002762,post000199,u00105,2025-03-10T17:42:57,like
r0002763,post000151,u00014,2025-03-10T17:59:13,insightful
r0002764,post000151,u00392,2025-03-10T18:05:48,support
r0002765,post000195,u00352,2025-03-10T18:18:05,insightful
r0002766,post000167,u00310,2025-03-10T18:22:01,like
r0002767,post000181,u00178,2025-03-10T18:24:08,like
r0002768,post000195,u00281,2025-03-10T18:25:10,support
r0002769,post000169,u00362,2025-03-10T18:51:59,like
r0002770,post000203,u00317,2025-03-10T19:10:55,like
r0002771,post000195,u00290,2025-03-10T19:11:22,like
r0002772,post000162,u00299,2025-03-10T19:11:47,like
r0002773,post000159,u00299,2025-03-10T19:15:56,celebrate
r0002774,post000173,u00108,2025-03-10T19:35:17,support
r0002775,post000202,u00185,2025-03-10T19:38:40,support
r0002776,post000155,u00329,2025-03-10T19:38:44,like
r0002777,post000183,u00050,2025-03-10T19:40:11,like
r0002778,post000152,u00050,2025-03-10T19:58:08,like
r0002779,post000157,u00344,2025-03-10T20:01:23,like
r0002780,post000152,u00360,2025-03-10T20:21:41,insightful
r0002781,post000167,u00185,2025-03-10T20:22:33,like
r0002782,post000147,u00158,2025-03-10T20:40:58,celebrate
r0002783,post000147,u00274,2025-03-10T20:51:57,like
r0002784,post000169,u00360,2025-03-10T20:57:26,celebrate
r0002785,post000178,u00054,2025-03-10T21:09:51,like
r0002786,post000162,u00209,2025-03-10T21:12:47,like
r0002787,post000195,u00160,2025-03-10T21:38:22,insightful
r0002788,post000163,u00120,2025-03-10T21:42:11,like
r0002789,post000168,u00390,2025-03-10T21:42:30,like
r0002790,post000152,u00183,2025-03-10T21:47:37,insightful
r0002791,post000203,u00179,2025-03-10T21:54:37,like
r0002792,post000202,u00397,2025-03-10T21:57:52,celebrate
r0002793,post000186,u00087,2025-03-10T22:05:10,insightful
r0002794,post000150,u00048,2025-03-10T22:27:15,support
r0002795,post000184,u00329,2025-03-10T22:31:08,support
r0002796,post000196,u00352,2025-03-10T22:31:55,support
r0002797,post000173,u00085,2025-03-10T22:42:52,like
r0002798,post000149,u00245,2025-03-10T22:55:27,like
r0002799,post000201,u00202,2025-03-10T22:55:34,like
r0002800,post000175,u00036,2025-03-10T22:57:57,like
r0002801,post000178,u00210,2025-03-10T23:02:56,like
r0002802,post000178,u00006,2025-03-10T23:36:28,support
r0002803,post000175,u00191,2025-03-10T23:45:06,celebrate
r0002804,post000181,u00046,2025-03-10T23:47:59,like
r0002805,post000166,u00123,2025-03-10T23:49:55,like
r0002806,post000163,u00268,2025-03-11T00:31:31,support
r0002807,post000156,u00196,2025-03-11T00:31:34,like
r0002808,post000192,u00218,2025-03-11T00:35:20,celebrate
r0002809,post000184,u00173,2025-03-11T00:36:47,like
r0002810,post000191,u00144,2025-03-11T00:48:26,like
r0002811,post000199,u00260,2025-03-11T00:49:02,like
r0002812,post000160,u00012,2025-03-11T00:49:16,like
r0002813,post000167,u00096,2025-03-11T00:50:33,like
r0002814,post000149,u00317,2025-03-11T01:06:45,like
r0002815,post000170,u00392,2025-03-11T01:15:05,insightful
r0002816,post000162,u00173,2025-03-11T01:15:44,like
r0002817,post000157,u00121,2025-03-11T01:18:32,like
r0002818,post000202,u00117,2025-03-11T01:18:48,insightful
r0002819,post000159,u00148,2025-03-11T01:19:41,celebrate
r0002820,post000178,u00308,2025-03-11T01:20:24,like
r0002821,post000193,u00159,2025-03-11T01:23:55,like
r0002822,post000192,u00237,2025-03-11T01:24:08,like
r0002823,post000165,u00329,2025-03-11T01:27:19,celebrate
r0002824,post000175,u00024,2025-03-11T01:28:56,like
r0002825,post000194,u00012,2025-03-11T01:34:19,like
r0002826,post000203,u00263,2025-03-11T01:38:05,support
r0002827,post000182,u00160,2025-03-11T01:38:53,support
r0002828,post000205,u00067,2025-03-11T01:41:07,like
r0002829,post000154,u00218,2025-03-11T01:46:11,like
r0002830,post000169,u00308,2025-03-11T01:54:19,like
r0002831,post000205,u00094,2025-03-11T02:11:17,like
r0002832,post000198,u00089,2025-03-11T02:13:20,support
r0002833,post000160,u00053,2025-03-11T02:22:48,support
r0002834,post000204,u00337,2025-03-11T02:24:34,insightful
r0002835,post000183,u00218,2025-03-11T02:27:09,insightful
r0002836,post000175,u00326,2025-03-11T02:28:31,like
r0002837,post000175,u00157,2025-03-11T02:34:06,like
r0002838,post000189,u00157,2025-03-11T02:38:24,support
r0002839,post000181,u00046,2025-03-11T02:48:36,like
r0002840,post000196,u00267,2025-03-11T02:49:36,like
r0002841,post000183,u00010,2025-03-11T02:53:20,like
r0002842,post000186,u00211,2025-03-11T02:59:23,like
r0002843,post000154,u00208,2025-03-11T03:12:24,like
r0002844,post000208,u00146,2025-03-11T03:19:07,like
r0002845,post000150,u00380,2025-03-11T03:36:30,like
r0002846,post000153,u00350,2025-03-11T03:36:58,like
r0002847,post000186,u00221,2025-03-11T03:46:16,insightful
r0002848,post000194,u00006,2025-03-11T03:56:29,support
r0002849,post000181,u00144,2025-03-11T04:05:24,like
r0002850,post000181,u00221,2025-03-11T04:11:21,like
r0002851,post000174,u00299,2025-03-11T04:11:44,like
r0002852,post000163,u00159,2025-03-11T04:16:12,celebrate
r0002853,post000152,u00086,2025-03-11T04:34:16,celebrate
r0002854,post000200,u00355,2025-03-11T04:34:27,support
r0002855,post000189,u00120,2025-03-11T04:44:37,like
r0002856,post000172,u00264,2025-03-11T04:44:57,insightful
r0002857,post000156,u00012,2025-03-11T04:46:34,like
r0002858,post000162,u00187,2025-03-11T04:49:44,like
r0002859,post000178,u00036,2025-03-11T04:49:58,like
r0002860,post000174,u00253,2025-03-11T05:00:42,like
r0002861,post000154,u00340,2025-03-11T05:00:43,support
r0002862,post000170,u00144,2025-03-11T05:00:52,insightful
r0002863,post000195,u00308,2025-03-11T05:21:34,celebrate
r0002864,post000185,u00128,2025-03-11T05:35:00,like
r0002865,post000167,u00189,2025-03-11T05:40:11,insightful
r0002866,post000173,u00032,2025-03-11T05:41:16,like
r0002867,post000181,u00099,2025-03-11T05:45:15,insightful
r0002868,post000183,u00337,2025-03-11T05:45:27,like
r0002869,post000184,u00285,2025-03-11T05:45:45,like
r0002870,post000193,u00321,2025-03-11T05:56:07,like
r0002871,post000205,u00209,2025-03-11T06:04:43,support
r0002872,post000192,u00339,2025-03-11T06:12:55,like
r0002873,post000154,u00249,2025-03-11T06:13:00,insightful
r0002874,post000181,u00036,2025-03-11T06:16:20,like
r0002875,post000177,u00052,2025-03-11T06:26:33,like
r0002876,post000156,u00171,2025-03-11T06:39:41,support
r0002877,post000189,u00097,2025-03-11T06:40:40,like
r0002878,post000165,u00362,2025-03-11T06:44:59,like
r0002879,post000191,u00392,2025-03-11T06:45:55,like
r0002880,post000163,u00397,2025-03-11T06:52:26,celebrate
r0002881,post000165,u00395,2025-03-11T07:06:52,celebrate
r0002882,post000194,u00117,2025-03-11T07:20:45,celebrate
r0002883,post000189,u00133,2025-03-11T07:20:52,like
r0002884,post000201,u00156,2025-03-11T07:32:29,like
r0002885,post000211,u00097,2025-03-11T07:33:24,like
r0002886,post000206,u00117,2025-03-11T07:34:28,like
r0002887,post000197,u00187,2025-03-11T07:38:39,celebrate
r0002888,post000159,u00089,2025-03-11T07:39:34,support
r0002889,post000200,u00109,2025-03-11T07:40:30,celebrate
r0002890,post000163,u00235,2025-03-11T07:40:57,like
r0002891,post000204,u00272,2025-03-11T07:43:07,like
r0002892,post000187,u00397,2025-03-11T07:45:31,like
r0002893,post000164,u00172,2025-03-11T07:53:51,like
r0002894,post000204,u00380,2025-03-11T07:58:56,support
r0002895,post000181,u00256,2025-03-11T08:00:00,like
r0002896,post000175,u00355,2025-03-11T08:02:06,like
r0002897,post000188,u00209,2025-03-11T08:08:24,like
r0002898,post000165,u00364,2025-03-11T08:08:35,like
r0002899,post000213,u00281,2025-03-11T08:09:43,like
r0002900,post000212,u00132,2025-03-11T08:10:12,like
r0002901,post000199,u00021,2025-03-11T08:14:28,like
r0002902,post000192,u00185,2025-03-11T08:16:13,insightful
r0002903,post000209,u00117,2025-03-11T08:17:47,like
r0002904,post000171,u00197,2025-03-11T08:18:31,like
r0002905,post000171,u00381,2025-03-11T08:21:25,like
r0002906,post000181,u00098,2025-03-11T08:25:19,like
r0002907,post000167,u00053,2025-03-11T08:26:48,celebrate
r0002908,post000193,u00308,2025-03-11T08:29:48,insightful
r0002909,post000160,u00221,2025-03-11T08:35:42,like
r0002910,post000169,u00190,2025-03-11T08:45:12,like
r0002911,post000207,u00237,2025-03-11T08:45:17,like
r0002912,post000179,u00129,2025-03-11T08:45:20,like
r0002913,post000190,u00004,2025-03-11T08:45:46,like
r0002914,post000198,u00059,2025-03-11T08:51:21,support
r0002915,post000218,u00202,2025-03-11T09:04:12,like
r0002916,post000182,u00209,2025-03-11T09:07:14,like
r0002917,post000193,u00263,2025-03-11T09:07:51,like
r0002918,post000198,u00227,2025-03-11T09:08:42,celebrate
r0002919,post000162,u00067,2025-03-11T09:08:43,like
r0002920,post000199,u00053,2025-03-11T09:08:54,insightful
r0002921,post000219,u00308,2025-03-11T09:09:58,support
r0002922,post000193,u00350,2025-03-11T09:10:27,like
r0002923,post000175,u00050,2025-03-11T09:10:35,insightful
r0002924,post000192,u00380,2025-03-11T09:11:54,celebrate
r0002925,post000197,u00253,2025-03-11T09:11:55,like
r0002926,post000189,u00148,2025-03-11T09:19:44,like
r0002927,post000191,u00069,2025-03-11T09:19:48,like
r0002928,post000199,u00121,2025-03-11T09:23:11,insightful
r0002929,post000180,u00358,2025-03-11T09:23:56,support
r0002930,post000170,u00057,2025-03-11T09:24:17,support
r0002931,post000212,u00337,2025-03-11T09:25:49,like
r0002932,post000180,u00240,2025-03-11T09:35:05,like
r0002933,post000211,u00156,2025-03-11T09:35:17,like
r0002934,post000180,u00350,2025-03-11T09:35:45,like
r0002935,post000212,u00253,2025-03-11T09:37:05,support
r0002936,post000180,u00129,2025-03-11T09:37:29,insightful
r0002937,post000219,u00069,2025-03-11T09:41:13,celebrate
r0002938,post000210,u00040,2025-03-11T09:42:52,like
r0002939,post000187,u00194,2025-03-11T09:44:40,insightful
r0002940,post000187,u00088,2025-03-11T09:45:15,like
r0002941,post000203,u00265,2025-03-11T09:45:20,like
r0002942,post000188,u00099,2025-03-11T09:45:37,like
r0002943,post000206,u00156,2025-03-11T09:47:22,like
r0002944,post000201,u00210,2025-03-11T09:48:52,like
r0002945,post000177,u00021,2025-03-11T09:50:28,like
r0002946,post000181,u00103,2025-03-11T09:50:51,celebrate
r0002947,post000199,u00385,2025-03-11T09:51:04,celebrate
r0002948,post000197,u00117,2025-03-11T09:52:30,support
r0002949,post000217,u00339,2025-03-11T09:56:15,like
r0002950,post000211,u00362,2025-03-11T09:57:14,like
r0002951,post000165,u00235,2025-03-11T09:58:05,like
r0002952,post000208,u00263,2025-03-11T10:03:29,like
r0002953,post000187,u00340,2025-03-11T10:06:19,like
r0002954,post000170,u00339,2025-03-11T10:07:05,support
r0002955,post000209,u00112,2025-03-11T10:09:36,celebrate
r0002956,post000165,u00308,2025-03-11T10:11:31,like
r0002957,post000195,u00006,2025-03-11T10:12:51,insightful
r0002958,post000166,u00064,2025-03-11T10:14:35,like
r0002959,post000217,u00157,2025-03-11T10:16:10,like
r0002960,post000189,u00022,2025-03-11T10:19:41,like
r0002961,post000213,u00253,2025-03-11T10:21:31,like
r0002962,post000196,u00308,2025-03-11T10:23:46,like
r0002963,post000182,u00395,2025-03-11T10:24:16,like
r0002964,post000207,u00383,2025-03-11T10:26:30,like
r0002965,post000216,u00381,2025-03-11T10:28:36,like
r0002966,post000169,u00133,2025-03-11T10:32:21,like
r0002967,post000201,u00247,2025-03-11T10:32:37,support
r0002968,post000194,u00069,2025-03-11T10:35:18,like
r0002969,post000192,u00053,2025-03-11T10:37:42,like
r0002970,post000174,u00108,2025-03-11T10:38:54,support
r0002971,post000218,u00339,2025-03-11T10:40:29,support
r0002972,post000177,u00393,2025-03-11T10:42:10,like
r0002973,post000220,u00006,2025-03-11T10:46:08,insightful
r0002974,post000171,u00325,2025-03-11T10:46:16,celebrate
r0002975,post000166,u00255,2025-03-11T10:46:45,like
r0002976,post000189,u00021,2025-03-11T10:48:41,like
r0002977,post000197,u00296,2025-03-11T10:50:31,celebrate
r0002978,post000188,u00156,2025-03-11T10:52:19,like
r0002979,post000208,u00004,2025-03-11T10:53:18,like
r0002980,post000172,u00196,2025-03-11T10:56:29,celebrate
r0002981,post000194,u00203,2025-03-11T10:56:44,like
r0002982,post000182,u00263,2025-03-11T11:00:16,like
r0002983,post000191,u00205,2025-03-11T11:02:21,like
r0002984,post000223,u00160,2025-03-11T11:02:33,like
r0002985,post000167,u00129,2025-03-11T11:06:42,like
r0002986,post000203,u00096,2025-03-11T11:11:05,like
r0002987,post000223,u00135,2025-03-11T11:13:14,like
r0002988,post000192,u00264,2025-03-11T11:15:20,like
r0002989,post000179,u00272,2025-03-11T11:18:17,like
r0002990,post000186,u00395,2025-03-11T11:22:10,like
r0002991,post000223,u00237,2025-03-11T11:26:50,insightful
r0002992,post000223,u00218,2025-03-11T11:28:38,support
r0002993,post000193,u00002,2025-03-11T11:28:57,celebrate
r0002994,post000205,u00205,2025-03-11T11:33:25,celebrate
r0002995,post000192,u00129,2025-03-11T11:33:57,like
r0002996,post000223,u00249,2025-03-11T11:37:38,insightful
r0002997,post000191,u00249,2025-03-11T11:45:57,like
r0002998,post000200,u00339,2025-03-11T11:47:37,like
r0002999,post000224,u00260,2025-03-11T11:48:48,like
r0003000,post000179,u00306,2025-03-11T11:50:09,support
r0003001,post000195,u00006,2025-03-11T11:53:01,like
r0003002,post000216,u00187,2025-03-11T11:54:26,like
r0003003,post000194,u00397,2025-03-11T11:55:18,like
r0003004,post000179,u00097,2025-03-11T12:03:35,like
r0003005,post000175,u00240,2025-03-11T12:04:21,like
r0003006,post000179,u00339,2025-03-11T12:04:43,like
r0003007,post000192,u00268,2025-03-11T12:09:14,like
r0003008,post000209,u00226,2025-03-11T12:15:11,support
r0003009,post000197,u00329,2025-03-11T12:15:30,support
r0003010,post000187,u00011,2025-03-11T12:21:41,like
r0003011,post000225,u00391,2025-03-11T12:22:53,celebrate
r0003012,post000210,u00350,2025-03-11T12:24:00,support
r0003013,post000215,u00227,2025-03-11T12:25:11,support
r0003014,post000178,u00097,2025-03-11T12:25:46,like
r0003015,post000208,u00314,2025-03-11T12:26:33,like
r0003016,post000189,u00238,2025-03-11T12:26:37,like
r0003017,post000220,u00299,2025-03-11T12:29:46,like
r0003018,post000209,u00337,2025-03-11T12:30:00,like
r0003019,post000190,u00268,2025-03-11T12:31:30,like
r0003020,post000211,u00264,2025-03-11T12:32:10,like
r0003021,post000196,u00057,2025-03-11T12:33:08,insightful
r0003022,post000229,u00268,2025-03-11T12:33:22,insightful
r0003023,post000206,u00374,2025-03-11T12:35:55,like
r0003024,post000202,u00246,2025-03-11T12:39:10,celebrate
r0003025,post000172,u00173,2025-03-11T12:39:43,celebrate
r0003026,post000222,u00246,2025-03-11T12:42:01,like
r0003027,post000177,u00339,2025-03-11T12:42:55,like
r0003028,post000189,u00370,2025-03-11T12:51:05,like
r0003029,post000183,u00281,2025-03-11T12:52:19,support
r0003030,post000214,u00397,2025-03-11T12:54:21,insightful
r0003031,post000201,u00268,2025-03-11T12:55:03,like
r0003032,post000208,u00317,2025-03-11T12:57:10,celebrate
r0003033,post000184,u00197,2025-03-11T13:00:41,like
r0003034,post000196,u00276,2025-03-11T13:02:06,like
r0003035,post000203,u00260,2025-03-11T13:05:57,support
r0003036,post000199,u00196,2025-03-11T13:07:05,like
r0003037,post000213,u00011,2025-03-11T13:09:09,celebrate
r0003038,post000210,u00090,2025-03-11T13:09:38,like
r0003039,post000198,u00263,2025-03-11T13:10:10,like
r0003040,post000175,u00241,2025-03-11T13:12:56,support
r0003041,post000186,u00053,2025-03-11T13:15:13,like
r0003042,post000200,u00249,2025-03-11T13:15:49,celebrate
r0003043,post000203,u00179,2025-03-11T13:16:42,like
r0003044,post000193,u00329,2025-03-11T13:19:15,support
r0003045,post000193,u00362,2025-03-11T13:23:20,like
r0003046,post000187,u00205,2025-03-11T13:28:37,like
r0003047,post000203,u00013,2025-03-11T13:28:55,like
r0003048,post000214,u00185,2025-03-11T13:31:35,like
r0003049,post000188,u00097,2025-03-11T13:37:35,like
r0003050,post000225,u00269,2025-03-11T13:37:42,like
r0003051,post000218,u00210,2025-03-11T13:40:34,like
r0003052,post000189,u00329,2025-03-11T13:43:15,like
r0003053,post000224,u00154,2025-03-11T13:50:00,insightful
r0003054,post000192,u00189,2025-03-11T13:55:01,like
r0003055,post000171,u00340,2025-03-11T13:59:52,insightful
r0003056,post000179,u00255,2025-03-11T14:00:48,like
r0003057,post000208,u00053,2025-03-11T14:00:54,like
r0003058,post000201,u00227,2025-03-11T14:02:35,support
r0003059,post000213,u00329,2025-03-11T14:08:21,support
r0003060,post000185,u00286,2025-03-11T14:12:29,like
r0003061,post000197,u00030,2025-03-11T14:17:38,like
r0003062,post000174,u00098,2025-03-11T14:17:41,like
r0003063,post000222,u00362,2025-03-11T14:21:01,celebrate
r0003064,post000197,u00380,2025-03-11T14:23:19,insightful
r0003065,post000230,u00249,2025-03-11T14:24:47,celebrate
r0003066,post000224,u00367,2025-03-11T14:27:06,celebrate
r0003067,post000187,u00123,2025-03-11T14:28:06,like
r0003068,post000211,u00263,2025-03-11T14:28:52,like
r0003069,post000211,u00374,2025-03-11T14:30:24,insightful
r0003070,post000184,u00066,2025-03-11T14:31:40,like
r0003071,post000191,u00333,2025-03-11T14:38:31,celebrate
r0003072,post000222,u00221,2025-03-11T14:39:06,insightful
r0003073,post000197,u00221,2025-03-11T14:41:53,like
r0003074,post000173,u00010,2025-03-11T14:43:32,like
r0003075,post000230,u00268,2025-03-11T14:46:37,like
r0003076,post000205,u00215,2025-03-11T14:48:45,like
r0003077,post000201,u00156,2025-03-11T14:53:07,like
r0003078,post000201,u00097,2025-03-11T14:56:25,like
r0003079,post000198,u00117,2025-03-11T14:58:57,like
r0003080,post000212,u00129,2025-03-11T15:02:01,like
r0003081,post000204,u00209,2025-03-11T15:08:39,like
r0003082,post000209,u00210,2025-03-11T15:09:57,like
r0003083,post000176,u00285,2025-03-11T15:12:12,like
r0003084,post000206,u00196,2025-03-11T15:14:06,like
r0003085,post000189,u00226,2025-03-11T15:14:18,like
r0003086,post000183,u00197,2025-03-11T15:18:54,like
r0003087,post000212,u00263,2025-03-11T15:22:52,like
r0003088,post000225,u00172,2025-03-11T15:23:50,like
r0003089,post000218,u00256,2025-03-11T15:27:24,insightful
r0003090,post000208,u00268,2025-03-11T15:32:51,like
r0003091,post000224,u00281,2025-03-11T15:35:38,celebrate
r0003092,post000212,u00099,2025-03-11T15:37:52,support
r0003093,post000207,u00160,2025-03-11T15:40:08,like
r0003094,post000222,u00362,2025-03-11T15:41:11,like
r0003095,post000212,u00240,2025-03-11T15:43:03,celebrate
r0003096,post000191,u00006,2025-03-11T15:44:00,like
r0003097,post000178,u00294,2025-03-11T15:45:53,like
r0003098,post000220,u00094,2025-03-11T15:47:59,like
r0003099,post000214,u00089,2025-03-11T15:53:46,like
r0003100,post000184,u00040,2025-03-11T15:53:48,like
r0003101,post000194,u00281,2025-03-11T15:53:50,like
r0003102,post000188,u00370,2025-03-11T15:54:18,like
r0003103,post000215,u00380,2025-03-11T15:57:04,celebrate
r0003104,post000227,u00286,2025-03-11T16:01:34,insightful
r0003105,post000177,u00313,2025-03-11T16:01:53,support
r0003106,post000196,u00305,2025-03-11T16:15:30,like
r0003107,post000203,u00268,2025-03-11T16:16:38,support
r0003108,post000211,u00098,2025-03-11T16:17:43,like
r0003109,post000182,u00362,2025-03-11T16:18:38,insightful
r0003110,post000203,u00089,2025-03-11T16:23:22,celebrate
r0003111,post000209,u00281,2025-03-11T16:24:35,support
r0003112,post000191,u00051,2025-03-11T16:25:09,like
r0003113,post000206,u00281,2025-03-11T16:34:35,celebrate
r0003114,post000201,u00226,2025-03-11T16:42:36,support
r0003115,post000203,u00314,2025-03-11T16:50:42,like
r0003116,post000215,u00036,2025-03-11T16:51:45,like
r0003117,post000214,u00381,2025-03-11T16:57:19,like
r0003118,post000180,u00265,2025-03-11T16:59:06,like
r0003119,post000228,u00013,2025-03-11T17:04:47,like
r0003120,post000213,u00197,2025-03-11T17:10:05,celebrate
r0003121,post000215,u00212,2025-03-11T17:10:44,like
r0003122,post000218,u00107,2025-03-11T17:14:01,like
r0003123,post000220,u00335,2025-03-11T17:19:48,like
r0003124,post000235,u00299,2025-03-11T17:23:28,like
r0003125,post000208,u00052,2025-03-11T17:26:50,like
r0003126,post000231,u00036,2025-03-11T17:31:07,support
r0003127,post000216,u00381,2025-03-11T17:39:10,like
r0003128,post000182,u00246,2025-03-11T17:46:24,like
r0003129,post000222,u00374,2025-03-11T17:52:16,like
r0003130,post000206,u00185,2025-03-11T18:14:33,celebrate
r0003131,post000189,u00299,2025-03-11T18:24:05,support
r0003132,post000202,u00260,2025-03-11T18:38:10,celebrate
r0003133,post000212,u00188,2025-03-11T18:40:06,like
r0003134,post000216,u00190,2025-03-11T18:54:03,like
r0003135,post000229,u00264,2025-03-11T18:56:19,like
r0003136,post000235,u00267,2025-03-11T18:58:40,like
r0003137,post000186,u00156,2025-03-11T19:06:08,celebrate
r0003138,post000208,u00268,2025-03-11T19:14:47,like
r0003139,post000199,u00080,2025-03-11T19:21:46,like
r0003140,post000234,u00374,2025-03-11T19:27:19,support
r0003141,post000194,u00337,2025-03-11T19:27:28,insightful
r0003142,post000190,u00090,2025-03-11T19:29:44,like
r0003143,post000186,u00275,2025-03-11T19:35:22,celebrate
r0003144,post000195,u00046,2025-03-11T19:35:52,like
r0003145,post000240,u00225,2025-03-11T19:48:40,like
r0003146,post000197,u00117,2025-03-11T19:56:17,like
r0003147,post000230,u00052,2025-03-11T20:03:53,support
r0003148,post000202,u00185,2025-03-11T20:05:29,insightful
r0003149,post000207,u00267,2025-03-11T20:08:53,support
r0003150,post000215,u00317,2025-03-11T20:29:52,insightful
r0003151,post000226,u00326,2025-03-11T20:30:46,celebrate
r0003152,post000234,u00090,2025-03-11T20:47:20,like
r0003153,post000193,u00128,2025-03-11T20:55:15,celebrate
r0003154,post000184,u00033,2025-03-11T21:01:58,insightful
r0003155,post000215,u00314,2025-03-11T21:05:16,like
r0003156,post000230,u00129,2025-03-11T21:43:33,like
r0003157,post000232,u00369,2025-03-11T21:45:13,insightful
r0003158,post000200,u00114,2025-03-11T21:46:14,like
r0003159,post000200,u00129,2025-03-11T21:48:51,like
r0003160,post000213,u00021,2025-03-11T21:57:37,like
r0003161,post000240,u00187,2025-03-11T22:09:44,celebrate
r0003162,post000220,u00004,2025-03-11T22:14:29,like
r0003163,post000217,u00006,2025-03-11T22:17:36,like
r0003164,post000216,u00237,2025-03-11T22:26:49,celebrate
r0003165,post000209,u00120,2025-03-11T22:30:30,like
r0003166,post000217,u00268,2025-03-11T22:31:45,like
r0003167,post000237,u00102,2025-03-11T22:46:12,insightful
r0003168,post000208,u00317,2025-03-11T22:57:09,like
r0003169,post000190,u00329,2025-03-11T22:58:02,like
r0003170,post000192,u00350,2025-03-11T23:02:15,like
r0003171,post000199,u00290,2025-03-11T23:02:19,celebrate
r0003172,post000211,u00208,2025-03-11T23:08:48,like
r0003173,post000201,u00374,2025-03-11T23:16:38,celebrate
r0003174,post000223,u00196,2025-03-11T23:22:07,like
r0003175,post000190,u00185,2025-03-11T23:29:58,insightful
r0003176,post000223,u00221,2025-03-11T23:37:40,celebrate
r0003177,post000219,u00120,2025-03-11T23:38:09,insightful
r0003178,post000230,u00380,2025-03-11T23:40:56,like
r0003179,post000196,u00308,2025-03-11T23:41:05,like
r0003180,post000206,u00308,2025-03-11T23:50:02,like
r0003181,post000212,u00036,2025-03-11T23:57:52,like
r0003182,post000187,u00006,2025-03-11T23:59:22,celebrate
r0003183,post000188,u00123,2025-03-12T00:05:36,like
r0003184,post000188,u00087,2025-03-12T00:13:50,celebrate
r0003185,post000234,u00120,2025-03-12T00:22:03,like
r0003186,post000204,u00362,2025-03-12T00:23:28,like
r0003187,post000199,u00098,2025-03-12T00:26:38,like
r0003188,post000190,u00136,2025-03-12T00:42:16,celebrate
r0003189,post000234,u00308,2025-03-12T00:44:53,celebrate
r0003190,post000242,u00302,2025-03-12T00:54:28,like
r0003191,post000224,u00004,2025-03-12T01:10:02,insightful
r0003192,post000207,u00260,2025-03-12T01:11:23,like
r0003193,post000188,u00186,2025-03-12T01:18:39,like
r0003194,post000219,u00362,2025-03-12T01:23:19,support
r0003195,post000198,u00032,2025-03-12T01:27:20,like
r0003196,post000197,u00265,2025-03-12T01:32:13,like
r0003197,post000244,u00241,2025-03-12T01:34:26,insightful
r0003198,post000225,u00146,2025-03-12T01:42:16,like
r0003199,post000199,u00090,2025-03-12T01:59:32,insightful
r0003200,post000228,u00006,2025-03-12T02:05:49,like
r0003201,post000214,u00265,2025-03-12T02:07:34,like
r0003202,post000185,u00237,2025-03-12T02:10:40,like
r0003203,post000211,u00098,2025-03-12T02:18:48,like
r0003204,post000185,u00117,2025-03-12T02:20:07,like
r0003205,post000201,u00186,2025-03-12T02:35:11,like
r0003206,post000233,u00291,2025-03-12T02:38:41,like
r0003207,post000202,u00037,2025-03-12T02:42:37,like
r0003208,post000224,u00397,2025-03-12T02:49:55,like
r0003209,post000228,u00066,2025-03-12T02:50:13,like
r0003210,post000233,u00291,2025-03-12T02:58:15,like
r0003211,post000203,u00032,2025-03-12T03:03:34,like
r0003212,post000186,u00283,2025-03-12T03:06:11,like
r0003213,post000225,u00174,2025-03-12T03:14:53,celebrate
r0003214,post000236,u00174,2025-03-12T03:52:20,like
r0003215,post000244,u00290,2025-03-12T03:52:52,like
r0003216,post000198,u00037,2025-03-12T03:54:12,like
r0003217,post000218,u00132,2025-03-12T03:56:53,insightful
r0003218,post000210,u00292,2025-03-12T03:57:28,support
r0003219,post000216,u00380,2025-03-12T04:00:23,celebrate
r0003220,post000236,u00352,2025-03-12T04:04:56,like
r0003221,post000220,u00059,2025-03-12T04:06:19,like
r0003222,post000206,u00054,2025-03-12T04:17:31,like
r0003223,post000245,u00256,2025-03-12T04:29:25,support
r0003224,post000207,u00260,2025-03-12T04:44:21,like
r0003225,post000208,u00250,2025-03-12T04:51:40,like
r0003226,post000244,u00133,2025-03-12T04:53:27,insightful
r0003227,post000233,u00218,2025-03-12T04:55:55,like
r0003228,post000225,u00185,2025-03-12T04:56:24,like
r0003229,post000212,u00395,2025-03-12T04:59:01,like
r0003230,post000209,u00129,2025-03-12T05:03:47,insightful
r0003231,post000235,u00080,2025-03-12T05:07:47,support
r0003232,post000240,u00141,2025-03-12T05:10:56,like
r0003233,post000203,u00090,2025-03-12T05:12:57,like
r0003234,post000218,u00185,2025-03-12T05:14:46,support
r0003235,post000199,u00241,2025-03-12T05:16:34,like
r0003236,post000226,u00263,2025-03-12T05:19:07,insightful
r0003237,post000200,u00013,2025-03-12T05:23:25,like
r0003238,post000208,u00317,2025-03-12T05:30:39,like
r0003239,post000198,u00304,2025-03-12T05:42:19,like
r0003240,post000213,u00012,2025-03-12T05:46:35,like
r0003241,post000209,u00267,2025-03-12T05:50:49,celebrate
r0003242,post000208,u00263,2025-03-12T05:51:29,like
r0003243,post000191,u00308,2025-03-12T05:51:39,support
r0003244,post000200,u00090,2025-03-12T05:51:42,like
r0003245,post000211,u00352,2025-03-12T05:54:45,like
r0003246,post000233,u00159,2025-03-12T05:55:47,insightful
r0003247,post000234,u00108,2025-03-12T05:57:45,support
r0003248,post000198,u00299,2025-03-12T05:58:40,support
r0003249,post000215,u00006,2025-03-12T06:05:47,like
r0003250,post000218,u00018,2025-03-12T06:07:12,celebrate
r0003251,post000236,u00032,2025-03-12T06:14:07,celebrate
r0003252,post000221,u00080,2025-03-12T06:21:04,like
r0003253,post000234,u00317,2025-03-12T06:33:13,celebrate
r0003254,post000192,u00344,2025-03-12T06:33:21,like
r0003255,post000232,u00094,2025-03-12T06:35:31,like
r0003256,post000246,u00140,2025-03-12T07:00:08,insightful
r0003257,post000237,u00319,2025-03-12T07:03:13,like
r0003258,post000223,u00127,2025-03-12T07:11:15,insightful
r0003259,post000233,u00394,2025-03-12T07:16:27,like
r0003260,post000216,u00135,2025-03-12T07:17:30,like
r0003261,post000195,u00326,2025-03-12T07:23:05,like
r0003262,post000239,u00185,2025-03-12T07:26:11,like
r0003263,post000211,u00013,2025-03-12T07:27:53,like
r0003264,post000224,u00267,2025-03-12T07:31:13,like
r0003265,post000223,u00264,2025-03-12T07:33:34,support
r0003266,post000242,u00071,2025-03-12T07:35:43,like
r0003267,post000209,u00032,2025-03-12T07:38:30,celebrate
r0003268,post000222,u00268,2025-03-12T07:42:15,like
r0003269,post000189,u00131,2025-03-12T07:42:22,celebrate
r0003270,post000189,u00127,2025-03-12T07:42:44,support
r0003271,post000247,u00071,2025-03-12T07:43:55,like
r0003272,post000194,u00264,2025-03-12T07:47:14,like
r0003273,post000213,u00374,2025-03-12T07:47:23,like
r0003274,post000209,u00094,2025-03-12T07:55:25,like
r0003275,post000212,u00078,2025-03-12T08:01:05,like
r0003276,post000224,u00054,2025-03-12T08:05:13,like
r0003277,post000231,u00168,2025-03-12T08:07:44,like
r0003278,post000221,u00185,2025-03-12T08:07:55,insightful
r0003279,post000199,u00307,2025-03-12T08:10:26,like
r0003280,post000232,u00394,2025-03-12T08:12:05,like
r0003281,post000200,u00063,2025-03-12T08:17:16,like
r0003282,post000218,u00268,2025-03-12T08:20:27,like
r0003283,post000189,u00276,2025-03-12T08:20:55,like
r0003284,post000242,u00083,2025-03-12T08:23:43,support
r0003285,post000237,u00090,2025-03-12T08:24:35,like
r0003286,post000230,u00127,2025-03-12T08:29:08,like
r0003287,post000199,u00291,2025-03-12T08:29:18,like
r0003288,post000243,u00204,2025-03-12T08:30:00,like
r0003289,post000227,u00333,2025-03-12T08:30:08,insightful
r0003290,post000207,u00179,2025-03-12T08:32:59,like
r0003291,post000243,u00267,2025-03-12T08:37:36,like
r0003292,post000239,u00172,2025-03-12T08:38:25,support
r0003293,post000228,u00117,2025-03-12T08:41:12,support
r0003294,post000225,u00083,2025-03-12T08:42:37,support
r0003295,post000223,u00094,2025-03-12T08:42:57,like
r0003296,post000247,u00326,2025-03-12T08:43:13,like
r0003297,post000203,u00253,2025-03-12T08:48:36,like
r0003298,post000204,u00277,2025-03-12T08:50:20,like
r0003299,post000195,u00395,2025-03-12T08:52:31,like
r0003300,post000245,u00281,2025-03-12T08:55:09,like
r0003301,post000243,u00333,2025-03-12T08:57:31,like
r0003302,post000202,u00277,2025-03-12T08:58:30,like
r0003303,post000219,u00252,2025-03-12T09:03:34,like
r0003304,post000228,u00250,2025-03-12T09:03:47,like
r0003305,post000223,u00052,2025-03-12T09:09:23,like
r0003306,post000228,u00397,2025-03-12T09:12:45,like
r0003307,post000204,u00174,2025-03-12T09:16:08,like
r0003308,post000236,u00259,2025-03-12T09:16:41,like
r0003309,post000234,u00187,2025-03-12T09:17:02,insightful
r0003310,post000221,u00006,2025-03-12T09:17:06,insightful
r0003311,post000240,u00142,2025-03-12T09:17:50,like
r0003312,post000230,u00129,2025-03-12T09:18:36,like
r0003313,post000208,u00010,2025-03-12T09:21:39,insightful
r0003314,post000201,u00379,2025-03-12T09:22:51,like
r0003315,post000246,u00321,2025-03-12T09:25:30,insightful
r0003316,post000204,u00231,2025-03-12T09:25:51,like
r0003317,post000238,u00276,2025-03-12T09:26:48,insightful
r0003318,post000241,u00088,2025-03-12T09:27:19,insightful
r0003319,post000195,u00164,2025-03-12T09:28:49,like
r0003320,post000230,u00256,2025-03-12T09:41:20,like
r0003321,post000247,u00253,2025-03-12T09:45:09,like
r0003322,post000242,u00106,2025-03-12T09:45:52,like
r0003323,post000201,u00370,2025-03-12T09:46:59,celebrate
r0003324,post000194,u00059,2025-03-12T09:48:28,like
r0003325,post000235,u00395,2025-03-12T09:50:09,celebrate
r0003326,post000219,u00187,2025-03-12T09:50:13,like
r0003327,post000230,u00267,2025-03-12T09:52:09,like
r0003328,post000223,u00265,2025-03-12T09:59:44,like
r0003329,post000221,u00252,2025-03-12T10:00:55,like
r0003330,post000233,u00291,2025-03-12T10:04:17,like
r0003331,post000244,u00224,2025-03-12T10:09:37,like
r0003332,post000231,u00079,2025-03-12T10:13:04,like
r0003333,post000220,u00265,2025-03-12T10:13:55,like
r0003334,post000211,u00292,2025-03-12T10:15:54,insightful
r0003335,post000232,u00230,2025-03-12T10:15:55,like
r0003336,post000220,u00333,2025-03-12T10:17:58,like
r0003337,post000210,u00190,2025-03-12T10:18:30,celebrate
r0003338,post000250,u00308,2025-03-12T10:18:41,like
r0003339,post000193,u00363,2025-03-12T10:20:24,like
r0003340,post000250,u00223,2025-03-12T10:22:32,like
r0003341,post000204,u00163,2025-03-12T10:23:45,celebrate
r0003342,post000207,u00381,2025-03-12T10:23:54,like
r0003343,post000248,u00092,2025-03-12T10:24:19,insightful
r0003344,post000211,u00263,2025-03-12T10:25:01,like
r0003345,post000229,u00329,2025-03-12T10:26:44,like
r0003346,post000197,u00011,2025-03-12T10:32:03,like
r0003347,post000205,u00083,2025-03-12T10:32:35,like
r0003348,post000219,u00011,2025-03-12T10:32:52,like
r0003349,post000233,u00248,2025-03-12T10:32:53,like
r0003350,post000252,u00079,2025-03-12T10:34:32,like
r0003351,post000215,u00010,2025-03-12T10:38:10,like
r0003352,post000238,u00052,2025-03-12T10:41:48,like
r0003353,post000209,u00230,2025-03-12T10:41:48,like
r0003354,post000214,u00194,2025-03-12T10:43:57,like
r0003355,post000246,u00188,2025-03-12T10:44:26,like
r0003356,post000216,u00164,2025-03-12T10:44:47,like
r0003357,post000230,u00059,2025-03-12T10:45:37,like
r0003358,post000236,u00080,2025-03-12T10:46:05,like
r0003359,post000217,u00035,2025-03-12T10:46:07,like
r0003360,post000222,u00374,2025-03-12T10:47:25,like
r0003361,post000237,u00329,2025-03-12T10:54:28,support
r0003362,post000221,u00293,2025-03-12T10:55:29,celebrate
r0003363,post000233,u00251,2025-03-12T11:02:48,like
r0003364,post000244,u00117,2025-03-12T11:03:01,like
r0003365,post000250,u00390,2025-03-12T11:08:46,like
r0003366,post000249,u00337,2025-03-12T11:09:17,like
r0003367,post000207,u00117,2025-03-12T11:12:03,support
r0003368,post000250,u00381,2025-03-12T11:14:47,like
r0003369,post000254,u00129,2025-03-12T11:19:06,support
r0003370,post000246,u00131,2025-03-12T11:22:30,like
r0003371,post000242,u00083,2025-03-12T11:23:23,like
r0003372,post000231,u00105,2025-03-12T11:30:05,support
r0003373,post000208,u00022,2025-03-12T11:33:10,insightful
r0003374,post000237,u00394,2025-03-12T11:40:54,like
r0003375,post000253,u00342,2025-03-12T11:43:16,like
r0003376,post000240,u00175,2025-03-12T11:45:33,like
r0003377,post000238,u00158,2025-03-12T11:45:48,like
r0003378,post000235,u00205,2025-03-12T11:49:03,like
r0003379,post000220,u00146,2025-03-12T11:54:14,like
r0003380,post000204,u00063,2025-03-12T11:58:14,like
r0003381,post000241,u00253,2025-03-12T12:00:56,like
r0003382,post000251,u00127,2025-03-12T12:02:20,support
r0003383,post000200,u00013,2025-03-12T12:02:23,support
r0003384,post000252,u00164,2025-03-12T12:03:46,support
r0003385,post000234,u00291,2025-03-12T12:05:26,like
r0003386,post000252,u00235,2025-03-12T12:05:38,like
r0003387,post000214,u00285,2025-03-12T12:05:45,like
r0003388,post000226,u00358,2025-03-12T12:08:44,like
r0003389,post000220,u00120,2025-03-12T12:09:14,like
r0003390,post000251,u00203,2025-03-12T12:10:29,insightful
r0003391,post000239,u00071,2025-03-12T12:10:32,like
r0003392,post000227,u00311,2025-03-12T12:12:45,like
r0003393,post000206,u00011,2025-03-12T12:14:11,like
r0003394,post000247,u00324,2025-03-12T12:20:44,celebrate
r0003395,post000255,u00140,2025-03-12T12:22:17,like
r0003396,post000201,u00174,2025-03-12T12:23:08,like
r0003397,post000213,u00259,2025-03-12T12:23:28,celebrate
r0003398,post000201,u00052,2025-03-12T12:28:26,support
r0003399,post000204,u00127,2025-03-12T12:30:30,support
r0003400,post000204,u00381,2025-03-12T12:38:11,insightful
r0003401,post000238,u00050,2025-03-12T12:40:14,like
r0003402,post000255,u00165,2025-03-12T12:44:52,like
r0003403,post000227,u00248,2025-03-12T12:46:19,insightful
r0003404,post000225,u00006,2025-03-12T12:50:32,like
r0003405,post000242,u00151,2025-03-12T12:58:05,like
r0003406,post000225,u00094,2025-03-12T13:02:42,like
r0003407,post000200,u00117,2025-03-12T13:04:59,insightful
r0003408,post000233,u00352,2025-03-12T13:05:05,like
r0003409,post000225,u00381,2025-03-12T13:08:40,like
r0003410,post000203,u00205,2025-03-12T13:11:21,celebrate
r0003411,post000201,u00039,2025-03-12T13:13:18,like
r0003412,post000239,u00397,2025-03-12T13:15:56,like
r0003413,post000220,u00267,2025-03-12T13:17:00,like
r0003414,post000236,u00050,2025-03-12T13:17:55,insightful
r0003415,post000213,u00050,2025-03-12T13:18:17,like
r0003416,post000233,u00301,2025-03-12T13:18:19,insightful
r0003417,post000251,u00301,2025-03-12T13:19:00,celebrate
r0003418,post000230,u00060,2025-03-12T13:19:41,like
r0003419,post000221,u00253,2025-03-12T13:19:54,like
r0003420,post000224,u00140,2025-03-12T13:21:01,celebrate
r0003421,post000226,u00395,2025-03-12T13:22:10,like
r0003422,post000228,u00086,2025-03-12T13:22:13,celebrate
r0003423,post000233,u00022,2025-03-12T13:25:00,like
r0003424,post000220,u00050,2025-03-12T13:25:24,like
r0003425,post000234,u00168,2025-03-12T13:29:48,like
r0003426,post000253,u00133,2025-03-12T13:32:19,like
r0003427,post000221,u00185,2025-03-12T13:35:07,like
r0003428,post000220,u00210,2025-03-12T13:36:31,like
r0003429,post000206,u00011,2025-03-12T13:40:23,insightful
r0003430,post000236,u00063,2025-03-12T13:46:57,like
r0003431,post000252,u00224,2025-03-12T13:48:28,like
r0003432,post000243,u00231,2025-03-12T13:50:24,like
r0003433,post000208,u00252,2025-03-12T13:59:11,insightful
r0003434,post000247,u00308,2025-03-12T14:01:44,like
r0003435,post000206,u00003,2025-03-12T14:07:12,like
r0003436,post000201,u00167,2025-03-12T14:08:18,like
r0003437,post000218,u00265,2025-03-12T14:08:55,like
r0003438,post000235,u00262,2025-03-12T14:15:17,like
r0003439,post000248,u00218,2025-03-12T14:20:30,like
r0003440,post000219,u00268,2025-03-12T14:26:36,like
r0003441,post000202,u00218,2025-03-12T14:34:07,celebrate
r0003442,post000255,u00288,2025-03-12T14:38:06,like
r0003443,post000251,u00252,2025-03-12T14:41:27,insightful
r0003444,post000254,u00266,2025-03-12T14:52:09,support
r0003445,post000246,u00168,2025-03-12T14:53:11,like
r0003446,post000220,u00329,2025-03-12T14:54:07,celebrate
r0003447,post000244,u00263,2025-03-12T14:54:12,like
r0003448,post000219,u00195,2025-03-12T14:58:49,like
r0003449,post000231,u00173,2025-03-12T15:01:14,like
r0003450,post000209,u00118,2025-03-12T15:01:46,like
r0003451,post000237,u00362,2025-03-12T15:02:54,like
r0003452,post000233,u00174,2025-03-12T15:03:03,like
r0003453,post000250,u00133,2025-03-12T15:06:08,like
r0003454,post000224,u00253,2025-03-12T15:09:22,like
r0003455,post000203,u00333,2025-03-12T15:11:23,like
r0003456,post000252,u00124,2025-03-12T15:17:19,like
r0003457,post000255,u00117,2025-03-12T15:17:58,like
r0003458,post000231,u00340,2025-03-12T15:19:22,like
r0003459,post000228,u00263,2025-03-12T15:23:01,like
r0003460,post000255,u00338,2025-03-12T15:24:25,like
r0003461,post000251,u00074,2025-03-12T15:25:26,like
r0003462,post000212,u00246,2025-03-12T15:25:40,like
r0003463,post000223,u00225,2025-03-12T15:26:05,like
r0003464,post000224,u00054,2025-03-12T15:32:45,like
r0003465,post000255,u00228,2025-03-12T15:35:42,like
r0003466,post000255,u00094,2025-03-12T15:38:38,like
r0003467,post000255,u00353,2025-03-12T15:42:56,celebrate
r0003468,post000243,u00329,2025-03-12T15:44:34,like
r0003469,post000256,u00096,2025-03-12T15:45:02,support
r0003470,post000245,u00333,2025-03-12T15:51:18,insightful
r0003471,post000215,u00129,2025-03-12T15:55:04,support
r0003472,post000204,u00238,2025-03-12T15:56:20,like
r0003473,post000213,u00013,2025-03-12T15:56:59,like
r0003474,post000217,u00228,2025-03-12T15:57:06,like
r0003475,post000260,u00317,2025-03-12T16:00:07,like
r0003476,post000218,u00071,2025-03-12T16:08:05,support
r0003477,post000213,u00382,2025-03-12T16:16:14,like
r0003478,post000240,u00263,2025-03-12T16:19:13,like
r0003479,post000247,u00196,2025-03-12T16:27:04,like
r0003480,post000219,u00148,2025-03-12T16:31:03,like
r0003481,post000241,u00146,2025-03-12T16:33:43,insightful
r0003482,post000232,u00006,2025-03-12T16:43:12,like
r0003483,post000239,u00252,2025-03-12T16:47:48,like
r0003484,post000222,u00246,2025-03-12T16:50:53,like
r0003485,post000215,u00037,2025-03-12T16:53:40,like
r0003486,post000239,u00006,2025-03-12T16:58:12,insightful
r0003487,post000257,u00080,2025-03-12T17:00:35,like
r0003488,post000224,u00311,2025-03-12T17:31:24,like
r0003489,post000248,u00079,2025-03-12T17:33:25,like
r0003490,post000211,u00268,2025-03-12T17:37:14,insightful
r0003491,post000249,u00225,2025-03-12T17:40:24,like
r0003492,post000258,u00117,2025-03-12T18:10:01,like
r0003493,post000213,u00210,2025-03-12T18:11:24,like
r0003494,post000244,u00225,2025-03-12T18:39:45,celebrate
r0003495,post000238,u00326,2025-03-12T18:42:45,like
r0003496,post000254,u00244,2025-03-12T18:45:12,insightful
r0003497,post000229,u00252,2025-03-12T18:46:02,like
r0003498,post000248,u00148,2025-03-12T18:53:56,like
r0003499,post000248,u00329,2025-03-12T18:55:48,insightful
r0003500,post000214,u00099,2025-03-12T19:02:43,support
r0003501,post000222,u00267,2025-03-12T19:05:55,like
r0003502,post000214,u00259,2025-03-12T19:09:48,like
r0003503,post000240,u00397,2025-03-12T19:10:25,like
r0003504,post000234,u00210,2025-03-12T19:10:46,like
r0003505,post000256,u00225,2025-03-12T19:16:20,like
r0003506,post000216,u00288,2025-03-12T19:32:32,insightful
r0003507,post000253,u00071,2025-03-12T19:46:33,like
r0003508,post000239,u00260,2025-03-12T19:49:17,like
r0003509,post000260,u00140,2025-03-12T19:55:26,celebrate
r0003510,post000230,u00260,2025-03-12T19:56:07,like
r0003511,post000238,u00210,2025-03-12T20:14:02,like
r0003512,post000222,u00225,2025-03-12T20:17:31,like
r0003513,post000242,u00159,2025-03-12T20:21:27,like
r0003514,post000217,u00256,2025-03-12T20:28:39,like
r0003515,post000251,u00281,2025-03-12T20:31:13,like
r0003516,post000237,u00071,2025-03-12T20:31:15,celebrate
r0003517,post000243,u00054,2025-03-12T20:35:30,like
r0003518,post000251,u00054,2025-03-12T20:43:42,support
r0003519,post000227,u00050,2025-03-12T20:47:53,insightful
r0003520,post000262,u00263,2025-03-12T20:49:44,celebrate
r0003521,post000262,u00174,2025-03-12T20:51:58,insightful
r0003522,post000236,u00344,2025-03-12T20:55:17,celebrate
r0003523,post000227,u00133,2025-03-12T21:00:44,like
r0003524,post000233,u00256,2025-03-12T21:05:39,like
r0003525,post000253,u00127,2025-03-12T21:06:01,like
r0003526,post000231,u00055,2025-03-12T21:22:48,celebrate
r0003527,post000232,u00255,2025-03-12T21:28:49,insightful
r0003528,post000236,u00108,2025-03-12T21:32:59,like
r0003529,post000264,u00205,2025-03-12T21:36:24,like
r0003530,post000250,u00225,2025-03-12T21:38:45,insightful
r0003531,post000221,u00098,2025-03-12T21:41:29,like
r0003532,post000244,u00090,2025-03-12T22:12:20,like
r0003533,post000237,u00117,2025-03-12T22:16:18,like
r0003534,post000261,u00105,2025-03-12T22:17:05,insightful
r0003535,post000217,u00026,2025-03-12T22:24:22,like
r0003536,post000211,u00012,2025-03-12T22:32:28,like
r0003537,post000254,u00052,2025-03-12T22:37:12,like
r0003538,post000207,u00337,2025-03-12T22:37:33,insightful
r0003539,post000254,u00063,2025-03-12T22:39:10,like
r0003540,post000220,u00203,2025-03-12T22:43:18,like
r0003541,post000247,u00011,2025-03-12T22:46:50,celebrate
r0003542,post000239,u00352,2025-03-12T22:51:33,like
r0003543,post000245,u00094,2025-03-12T22:51:52,like
r0003544,post000228,u00158,2025-03-12T22:57:49,like
r0003545,post000220,u00105,2025-03-12T22:59:03,celebrate
r0003546,post000244,u00050,2025-03-12T23:02:08,like
r0003547,post000254,u00105,2025-03-12T23:05:36,like
r0003548,post000211,u00290,2025-03-12T23:06:12,like
r0003549,post000240,u00040,2025-03-12T23:06:40,like
r0003550,post000261,u00163,2025-03-12T23:13:06,like
r0003551,post000243,u00035,2025-03-12T23:22:10,like
r0003552,post000207,u00382,2025-03-12T23:22:37,like
r0003553,post000240,u00329,2025-03-12T23:22:55,like
r0003554,post000207,u00210,2025-03-12T23:43:28,celebrate
r0003555,post000263,u00380,2025-03-12T23:46:07,like
r0003556,post000213,u00394,2025-03-12T23:59:55,like
r0003557,post000235,u00098,2025-03-13T00:26:38,like
r0003558,post000259,u00260,2025-03-13T00:49:24,support
r0003559,post000225,u00163,2025-03-13T00:56:55,like
r0003560,post000249,u00053,2025-03-13T00:57:42,insightful
r0003561,post000243,u00144,2025-03-13T01:06:15,like
r0003562,post000261,u00262,2025-03-13T01:12:21,like
r0003563,post000265,u00053,2025-03-13T01:13:50,support
r0003564,post000247,u00157,2025-03-13T01:14:03,support
r0003565,post000219,u00120,2025-03-13T01:15:17,like
r0003566,post000247,u00080,2025-03-13T01:18:12,like
r0003567,post000240,u00120,2025-03-13T01:18:13,like
r0003568,post000264,u00204,2025-03-13T01:18:17,like
r0003569,post000209,u00118,2025-03-13T01:19:34,like
r0003570,post000215,u00179,2025-03-13T01:39:54,like
r0003571,post000268,u00144,2025-03-13T01:54:32,like
r0003572,post000219,u00120,2025-03-13T01:54:52,celebrate
r0003573,post000231,u00317,2025-03-13T01:58:31,insightful
r0003574,post000232,u00160,2025-03-13T02:06:57,like
r0003575,post000254,u00158,2025-03-13T02:14:28,like
r0003576,post000227,u00317,2025-03-13T02:21:25,support
r0003577,post000262,u00048,2025-03-13T02:22:44,like
r0003578,post000212,u00069,2025-03-13T02:23:43,celebrate
r0003579,post000235,u00065,2025-03-13T02:30:49,like
r0003580,post000210,u00337,2025-03-13T02:31:51,like
r0003581,post000219,u00192,2025-03-13T02:40:09,like
r0003582,post000233,u00150,2025-03-13T02:42:25,insightful
r0003583,post000230,u00253,2025-03-13T02:51:14,like
r0003584,post000223,u00196,2025-03-13T03:20:51,like
r0003585,post000255,u00348,2025-03-13T03:26:51,like
r0003586,post000228,u00013,2025-03-13T03:32:38,like
r0003587,post000215,u00065,2025-03-13T03:35:02,celebrate
r0003588,post000257,u00178,2025-03-13T03:42:23,like
r0003589,post000228,u00349,2025-03-13T03:45:09,celebrate
r0003590,post000232,u00272,2025-03-13T03:50:04,support
r0003591,post000227,u00129,2025-03-13T03:52:18,like
r0003592,post000222,u00133,2025-03-13T04:00:20,like
r0003593,post000216,u00185,2025-03-13T04:01:31,like
r0003594,post000215,u00126,2025-03-13T04:05:51,like
r0003595,post000256,u00313,2025-03-13T04:05:53,like
r0003596,post000215,u00055,2025-03-13T04:08:12,celebrate
r0003597,post000238,u00192,2025-03-13T04:14:18,like
r0003598,post000248,u00380,2025-03-13T04:16:44,like
r0003599,post000255,u00240,2025-03-13T04:30:02,like
r0003600,post000268,u00159,2025-03-13T04:37:06,like
r0003601,post000259,u00080,2025-03-13T04:37:34,support
r0003602,post000251,u00117,2025-03-13T04:44:12,support
r0003603,post000212,u00157,2025-03-13T04:49:46,like
r0003604,post000258,u00352,2025-03-13T04:58:46,celebrate
r0003605,post000252,u00339,2025-03-13T05:09:47,like
r0003606,post000252,u00003,2025-03-13T05:11:59,insightful
r0003607,post000215,u00031,2025-03-13T05:14:55,support
r0003608,post000241,u00291,2025-03-13T05:19:55,like
r0003609,post000257,u00019,2025-03-13T05:26:03,like
r0003610,post000234,u00380,2025-03-13T05:26:29,insightful
r0003611,post000265,u00090,2025-03-13T05:39:12,celebrate
r0003612,post000250,u00080,2025-03-13T05:46:34,celebrate
r0003613,post000246,u00157,2025-03-13T05:49:23,like
r0003614,post000217,u00253,2025-03-13T06:05:26,like
r0003615,post000215,u00382,2025-03-13T06:19:08,celebrate
r0003616,post000216,u00260,2025-03-13T06:20:19,like
r0003617,post000237,u00023,2025-03-13T06:26:36,like
r0003618,post000262,u00285,2025-03-13T06:27:34,like
r0003619,post000221,u00120,2025-03-13T06:34:43,like
r0003620,post000247,u00366,2025-03-13T06:53:50,insightful
r0003621,post000250,u00252,2025-03-13T06:59:17,like
r0003622,post000265,u00185,2025-03-13T07:12:11,like
r0003623,post000268,u00350,2025-03-13T07:21:09,like
r0003624,post000218,u00358,2025-03-13T07:23:38,insightful
r0003625,post000260,u00291,2025-03-13T07:33:07,insightful
r0003626,post000255,u00106,2025-03-13T07:35:24,like
r0003627,post000235,u00349,2025-03-13T07:35:40,like
r0003628,post000229,u00326,2025-03-13T07:40:36,like
r0003629,post000237,u00097,2025-03-13T07:42:09,celebrate
r0003630,post000222,u00126,2025-03-13T07:44:15,like
r0003631,post000245,u00349,2025-03-13T07:44:24,like
r0003632,post000268,u00089,2025-03-13T07:45:01,like
r0003633,post000216,u00308,2025-03-13T07:47:20,like
r0003634,post000266,u00234,2025-03-13T07:47:47,like
r0003635,post000241,u00118,2025-03-13T07:52:53,like
r0003636,post000238,u00255,2025-03-13T07:53:44,like
r0003637,post000268,u00291,2025-03-13T07:53:50,like
r0003638,post000272,u00174,2025-03-13T07:55:10,like
r0003639,post000238,u00240,2025-03-13T07:55:36,like
r0003640,post000268,u00157,2025-03-13T07:59:10,like
r0003641,post000225,u00191,2025-03-13T07:59:37,like
r0003642,post000228,u00245,2025-03-13T07:59:51,like
r0003643,post000270,u00085,2025-03-13T08:02:01,like
r0003644,post000253,u00133,2025-03-13T08:03:05,like
r0003645,post000232,u00140,2025-03-13T08:03:47,like
r0003646,post000214,u00089,2025-03-13T08:05:22,like
r0003647,post000271,u00363,2025-03-13T08:08:44,like
r0003648,post000214,u00236,2025-03-13T08:08:54,like
r0003649,post000229,u00308,2025-03-13T08:10:53,support
r0003650,post000214,u00274,2025-03-13T08:11:13,insightful
r0003651,post000258,u00053,2025-03-13T08:16:27,insightful
r0003652,post000267,u00117,2025-03-13T08:16:48,like
r0003653,post000266,u00107,2025-03-13T08:17:34,celebrate
r0003654,post000270,u00132,2025-03-13T08:17:37,like
r0003655,post000250,u00253,2025-03-13T08:17:46,like
r0003656,post000217,u00195,2025-03-13T08:21:27,like
r0003657,post000245,u00240,2025-03-13T08:23:48,like
r0003658,post000215,u00090,2025-03-13T08:24:48,like
r0003659,post000246,u00308,2025-03-13T08:25:42,like
r0003660,post000216,u00011,2025-03-13T08:31:28,like
r0003661,post000253,u00301,2025-03-13T08:31:32,support
r0003662,post000249,u00131,2025-03-13T08:32:23,like
r0003663,post000243,u00291,2025-03-13T08:32:43,like
r0003664,post000234,u00098,2025-03-13T08:37:04,like
r0003665,post000248,u00112,2025-03-13T08:39:30,like
r0003666,post000263,u00293,2025-03-13T08:41:32,like
r0003667,post000267,u00174,2025-03-13T08:41:51,like
r0003668,post000239,u00140,2025-03-13T08:44:19,like
r0003669,post000253,u00371,2025-03-13T08:44:33,like
r0003670,post000243,u00129,2025-03-13T08:46:19,celebrate
r0003671,post000262,u00340,2025-03-13T08:47:53,like
r0003672,post000265,u00011,2025-03-13T08:49:31,like
r0003673,post000217,u00064,2025-03-13T08:54:12,like
r0003674,post000259,u00316,2025-03-13T09:01:36,insightful
r0003675,post000227,u00179,2025-03-13T09:01:45,celebrate
r0003676,post000260,u00203,2025-03-13T09:09:16,like
r0003677,post000256,u00272,2025-03-13T09:10:10,like
r0003678,post000242,u00246,2025-03-13T09:12:07,celebrate
r0003679,post000218,u00240,2025-03-13T09:15:12,like
r0003680,post000257,u00263,2025-03-13T09:18:27,support
r0003681,post000228,u00146,2025-03-13T09:20:57,like
r0003682,post000237,u00089,2025-03-13T09:26:51,like
r0003683,post000242,u00291,2025-03-13T09:27:56,celebrate
r0003684,post000218,u00159,2025-03-13T09:29:25,insightful
r0003685,post000219,u00350,2025-03-13T09:30:02,insightful
r0003686,post000241,u00300,2025-03-13T09:31:43,insightful
r0003687,post000225,u00288,2025-03-13T09:33:07,like
r0003688,post000244,u00291,2025-03-13T09:35:50,like
r0003689,post000268,u00333,2025-03-13T09:37:10,like
r0003690,post000265,u00018,2025-03-13T09:37:41,support
r0003691,post000218,u00053,2025-03-13T09:38:59,like
r0003692,post000270,u00385,2025-03-13T09:39:43,like
r0003693,post000243,u00291,2025-03-13T09:41:40,like
r0003694,post000271,u00003,2025-03-13T09:44:28,like
r0003695,post000239,u00074,2025-03-13T09:46:28,like
r0003696,post000274,u00051,2025-03-13T09:47:26,like
r0003697,post000261,u00263,2025-03-13T09:47:30,like
r0003698,post000262,u00013,2025-03-13T09:47:42,like
r0003699,post000262,u00159,2025-03-13T09:49:48,like
r0003700,post000223,u00366,2025-03-13T09:49:55,like
r0003701,post000256,u00114,2025-03-13T10:00:00,like
r0003702,post000277,u00265,2025-03-13T10:00:17,like
r0003703,post000241,u00369,2025-03-13T10:00:21,like
r0003704,post000220,u00351,2025-03-13T10:00:31,like
r0003705,post000238,u00262,2025-03-13T10:02:01,like
r0003706,post000256,u00146,2025-03-13T10:02:26,like
r0003707,post000252,u00211,2025-03-13T10:04:54,like
r0003708,post000228,u00114,2025-03-13T10:05:06,like
r0003709,post000226,u00069,2025-03-13T10:05:30,insightful
r0003710,post000271,u00015,2025-03-13T10:05:47,support
r0003711,post000260,u00093,2025-03-13T10:06:04,like
r0003712,post000255,u00163,2025-03-13T10:07:35,like
r0003713,post000235,u00312,2025-03-13T10:07:38,like
r0003714,post000229,u00011,2025-03-13T10:07:59,like
r0003715,post000277,u00088,2025-03-13T10:14:20,like
r0003716,post000222,u00339,2025-03-13T10:15:37,like
r0003717,post000271,u00385,2025-03-13T10:15:40,like
r0003718,post000270,u00093,2025-03-13T10:15:44,like
r0003719,post000250,u00065,2025-03-13T10:17:33,celebrate
r0003720,post000272,u00114,2025-03-13T10:18:00,like
r0003721,post000263,u00343,2025-03-13T10:19:30,like
r0003722,post000275,u00183,2025-03-13T10:20:34,support
r0003723,post000237,u00330,2025-03-13T10:21:19,like
r0003724,post000247,u00030,2025-03-13T10:22:19,like
r0003725,post000278,u00028,2025-03-13T10:22:19,like
r0003726,post000243,u00252,2025-03-13T10:26:04,like
r0003727,post000246,u00043,2025-03-13T10:26:10,insightful
r0003728,post000258,u00006,2025-03-13T10:28:15,like
r0003729,post000266,u00129,2025-03-13T10:31:18,like
r0003730,post000238,u00360,2025-03-13T10:34:34,like
r0003731,post000232,u00071,2025-03-13T10:34:42,insightful
r0003732,post000241,u00117,2025-03-13T10:35:39,like
r0003733,post000252,u00260,2025-03-13T10:37:12,like
r0003734,post000243,u00069,2025-03-13T10:40:56,like
r0003735,post000268,u00205,2025-03-13T10:43:05,like
r0003736,post000257,u00312,2025-03-13T10:43:47,like
r0003737,post000274,u00252,2025-03-13T10:45:03,like
r0003738,post000242,u00021,2025-03-13T10:46:38,like
r0003739,post000278,u00196,2025-03-13T10:47:46,support
r0003740,post000281,u00129,2025-03-13T10:49:16,like
r0003741,post000256,u00093,2025-03-13T10:51:28,like
r0003742,post000270,u00369,2025-03-13T10:53:27,insightful
r0003743,post000259,u00066,2025-03-13T10:54:08,like
r0003744,post000244,u00021,2025-03-13T10:55:51,like
r0003745,post000267,u00031,2025-03-13T10:59:13,support
r0003746,post000269,u00220,2025-03-13T11:00:19,insightful
r0003747,post000231,u00059,2025-03-13T11:04:34,support
r0003748,post000279,u00023,2025-03-13T11:05:52,like
r0003749,post000261,u00339,2025-03-13T11:10:03,insightful
r0003750,post000273,u00006,2025-03-13T11:11:51,like
r0003751,post000264,u00204,2025-03-13T11:12:35,like
r0003752,post000257,u00225,2025-03-13T11:16:12,celebrate
r0003753,post000263,u00310,2025-03-13T11:16:24,like
r0003754,post000265,u00112,2025-03-13T11:16:39,support
r0003755,post000275,u00364,2025-03-13T11:22:23,like
r0003756,post000227,u00349,2025-03-13T11:24:58,like
r0003757,post000249,u00159,2025-03-13T11:25:50,celebrate
r0003758,post000283,u00203,2025-03-13T11:26:34,celebrate
r0003759,post000227,u00350,2025-03-13T11:29:54,like
r0003760,post000224,u00118,2025-03-13T11:31:17,celebrate
r0003761,post000249,u00231,2025-03-13T11:33:51,like
r0003762,post000236,u00061,2025-03-13T11:34:43,insightful
r0003763,post000242,u00006,2025-03-13T11:36:52,like
r0003764,post000251,u00262,2025-03-13T11:40:40,like
r0003765,post000232,u00065,2025-03-13T11:44:11,insightful
r0003766,post000239,u00051,2025-03-13T11:44:57,like
r0003767,post000283,u00090,2025-03-13T11:47:28,like
r0003768,post000252,u00360,2025-03-13T11:49:01,like
r0003769,post000224,u00098,2025-03-13T11:49:19,like
r0003770,post000244,u00199,2025-03-13T11:49:24,like
r0003771,post000234,u00051,2025-03-13T11:49:59,celebrate
r0003772,post000238,u00272,2025-03-13T11:52:05,like
r0003773,post000266,u00223,2025-03-13T11:54:13,like
r0003774,post000255,u00268,2025-03-13T11:58:11,celebrate
r0003775,post000272,u00056,2025-03-13T11:59:54,support
r0003776,post000262,u00220,2025-03-13T12:02:25,insightful
r0003777,post000274,u00004,2025-03-13T12:03:01,like
r0003778,post000241,u00157,2025-03-13T12:08:02,like
r0003779,post000275,u00329,2025-03-13T12:09:44,support
r0003780,post000275,u00112,2025-03-13T12:09:48,celebrate
r0003781,post000233,u00350,2025-03-13T12:10:30,celebrate
r0003782,post000285,u00337,2025-03-13T12:11:57,celebrate
r0003783,post000258,u00308,2025-03-13T12:13:39,support
r0003784,post000279,u00274,2025-03-13T12:15:33,like
r0003785,post000274,u00301,2025-03-13T12:16:24,like
r0003786,post000234,u00146,2025-03-13T12:19:25,like
r0003787,post000251,u00293,2025-03-13T12:19:33,like
r0003788,post000240,u00261,2025-03-13T12:22:12,like
r0003789,post000241,u00069,2025-03-13T12:30:33,like
r0003790,post000243,u00197,2025-03-13T12:35:35,like
r0003791,post000268,u00056,2025-03-13T12:40:59,like
r0003792,post000284,u00053,2025-03-13T12:44:39,like
r0003793,post000263,u00023,2025-03-13T12:45:38,like
r0003794,post000252,u00154,2025-03-13T12:47:46,like
r0003795,post000232,u00274,2025-03-13T12:50:08,like
r0003796,post000247,u00006,2025-03-13T12:52:24,like
r0003797,post000253,u00260,2025-03-13T12:54:41,like
r0003798,post000256,u00364,2025-03-13T12:56:08,like
r0003799,post000266,u00236,2025-03-13T12:57:31,like
r0003800,post000274,u00069,2025-03-13T13:02:27,like
r0003801,post000244,u00205,2025-03-13T13:03:23,like
r0003802,post000231,u00117,2025-03-13T13:03:25,like
r0003803,post000244,u00192,2025-03-13T13:04:07,insightful
r0003804,post000260,u00339,2025-03-13T13:05:07,like
r0003805,post000260,u00185,2025-03-13T13:08:04,like
r0003806,post000236,u00350,2025-03-13T13:10:20,support
r0003807,post000253,u00255,2025-03-13T13:11:16,like
r0003808,post000243,u00078,2025-03-13T13:13:45,support
r0003809,post000244,u00339,2025-03-13T13:16:11,like
r0003810,post000281,u00360,2025-03-13T13:18:59,like
r0003811,post000244,u00069,2025-03-13T13:19:05,like
r0003812,post000228,u00393,2025-03-13T13:19:35,celebrate
r0003813,post000267,u00300,2025-03-13T13:25:03,like
r0003814,post000260,u00028,2025-03-13T13:25:41,support
r0003815,post000239,u00183,2025-03-13T13:27:48,like
r0003816,post000254,u00343,2025-03-13T13:28:14,like
r0003817,post000270,u00066,2025-03-13T13:30:26,celebrate
r0003818,post000249,u00163,2025-03-13T13:31:17,like
r0003819,post000265,u00268,2025-03-13T13:34:23,like
r0003820,post000252,u00031,2025-03-13T13:35:26,celebrate
r0003821,post000271,u00321,2025-03-13T13:37:11,insightful
r0003822,post000272,u00097,2025-03-13T13:45:17,like
r0003823,post000239,u00249,2025-03-13T13:46:16,celebrate
r0003824,post000264,u00335,2025-03-13T13:48:35,like
r0003825,post000273,u00052,2025-03-13T13:51:16,like
r0003826,post000269,u00224,2025-03-13T13:51:30,like
r0003827,post000288,u00339,2025-03-13T13:55:08,like
r0003828,post000288,u00260,2025-03-13T14:00:12,like
r0003829,post000285,u00352,2025-03-13T14:02:00,celebrate
r0003830,post000280,u00366,2025-03-13T14:05:00,insightful
r0003831,post000230,u00064,2025-03-13T14:05:56,like
r0003832,post000284,u00003,2025-03-13T14:08:00,like
r0003833,post000238,u00196,2025-03-13T14:09:55,support
r0003834,post000265,u00195,2025-03-13T14:16:10,insightful
r0003835,post000244,u00317,2025-03-13T14:20:51,celebrate
r0003836,post000244,u00053,2025-03-13T14:25:33,like
r0003837,post000232,u00097,2025-03-13T14:29:15,like
r0003838,post000237,u00352,2025-03-13T14:33:20,like
r0003839,post000272,u00117,2025-03-13T14:33:46,celebrate
r0003840,post000229,u00140,2025-03-13T14:34:15,celebrate
r0003841,post000286,u00294,2025-03-13T14:37:30,insightful
r0003842,post000283,u00146,2025-03-13T14:38:03,like
r0003843,post000243,u00126,2025-03-13T14:38:31,like
r0003844,post000252,u00089,2025-03-13T14:39:26,support
r0003845,post000260,u00333,2025-03-13T14:40:47,support
r0003846,post000252,u00265,2025-03-13T14:41:06,insightful
r0003847,post000247,u00096,2025-03-13T14:43:14,like
r0003848,post000240,u00003,2025-03-13T14:46:35,support
r0003849,post000288,u00337,2025-03-13T14:47:51,insightful
r0003850,post000269,u00255,2025-03-13T14:54:22,like
r0003851,post000244,u00234,2025-03-13T14:54:58,like
r0003852,post000280,u00211,2025-03-13T15:05:59,like
r0003853,post000257,u00021,2025-03-13T15:06:46,like
r0003854,post000237,u00159,2025-03-13T15:13:07,insightful
r0003855,post000277,u00018,2025-03-13T15:13:29,like
r0003856,post000243,u00340,2025-03-13T15:13:49,like
r0003857,post000248,u00300,2025-03-13T15:16:34,like
r0003858,post000277,u00231,2025-03-13T15:17:40,like
r0003859,post000254,u00178,2025-03-13T15:18:36,like
r0003860,post000244,u00280,2025-03-13T15:19:46,like
r0003861,post000265,u00348,2025-03-13T15:19:54,like
r0003862,post000251,u00333,2025-03-13T15:21:18,like
r0003863,post000244,u00352,2025-03-13T15:22:35,like
r0003864,post000260,u00003,2025-03-13T15:26:38,like
r0003865,post000253,u00129,2025-03-13T15:27:58,support
r0003866,post000237,u00234,2025-03-13T15:34:15,like
r0003867,post000281,u00358,2025-03-13T15:36:08,like
r0003868,post000231,u00377,2025-03-13T15:38:18,like
r0003869,post000243,u00211,2025-03-13T15:38:54,like
r0003870,post000267,u00252,2025-03-13T15:39:35,like
r0003871,post000260,u00157,2025-03-13T15:39:53,like
r0003872,post000259,u00205,2025-03-13T15:40:39,like
r0003873,post000268,u00240,2025-03-13T15:41:52,support
r0003874,post000263,u00211,2025-03-13T15:43:23,like
r0003875,post000257,u00211,2025-03-13T15:43:30,like
r0003876,post000271,u00204,2025-03-13T15:43:57,like
r0003877,post000287,u00308,2025-03-13T15:46:58,like
r0003878,post000271,u00107,2025-03-13T15:47:40,like
r0003879,post000261,u00003,2025-03-13T15:48:27,celebrate
r0003880,post000258,u00064,2025-03-13T15:56:25,support
r0003881,post000249,u00299,2025-03-13T15:58:30,like
r0003882,post000230,u00185,2025-03-13T15:59:50,like
r0003883,post000244,u00185,2025-03-13T16:02:36,like
r0003884,post000270,u00107,2025-03-13T16:05:50,celebrate
r0003885,post000263,u00037,2025-03-13T16:07:26,like
r0003886,post000230,u00074,2025-03-13T16:09:11,celebrate
r0003887,post000241,u00335,2025-03-13T16:09:47,like
r0003888,post000232,u00073,2025-03-13T16:22:42,like
r0003889,post000286,u00098,2025-03-13T16:25:57,like
r0003890,post000254,u00105,2025-03-13T16:29:13,support
r0003891,post000240,u00065,2025-03-13T16:31:11,like
r0003892,post000249,u00098,2025-03-13T16:34:04,insightful
r0003893,post000272,u00067,2025-03-13T16:41:21,like
r0003894,post000270,u00221,2025-03-13T16:42:26,like
r0003895,post000273,u00329,2025-03-13T16:42:38,like
r0003896,post000230,u00157,2025-03-13T16:44:44,like
r0003897,post000269,u00252,2025-03-13T16:54:01,like
r0003898,post000262,u00011,2025-03-13T17:01:00,like
r0003899,post000257,u00263,2025-03-13T17:01:25,like
r0003900,post000254,u00380,2025-03-13T17:03:01,like
r0003901,post000279,u00351,2025-03-13T17:07:16,like
r0003902,post000252,u00112,2025-03-13T17:07:46,like
r0003903,post000278,u00055,2025-03-13T17:09:49,like
r0003904,post000273,u00173,2025-03-13T17:13:51,celebrate
r0003905,post000234,u00340,2025-03-13T17:19:22,support
r0003906,post000282,u00158,2025-03-13T17:27:21,like
r0003907,post000287,u00221,2025-03-13T17:34:03,like
r0003908,post000243,u00085,2025-03-13T17:34:48,insightful
r0003909,post000255,u00344,2025-03-13T17:35:33,like
r0003910,post000233,u00052,2025-03-13T17:39:05,like
r0003911,post000253,u00073,2025-03-13T17:39:38,like
r0003912,post000271,u00348,2025-03-13T17:40:06,like
r0003913,post000280,u00159,2025-03-13T17:43:58,support
r0003914,post000273,u00221,2025-03-13T17:48:37,like
r0003915,post000266,u00095,2025-03-13T17:51:47,like
r0003916,post000251,u00163,2025-03-13T17:52:03,like
r0003917,post000287,u00382,2025-03-13T17:54:16,insightful
r0003918,post000236,u00329,2025-03-13T17:57:48,support
r0003919,post000253,u00256,2025-03-13T18:00:35,like
r0003920,post000272,u00333,2025-03-13T18:02:05,like
r0003921,post000270,u00350,2025-03-13T18:06:29,like
r0003922,post000247,u00249,2025-03-13T18:08:35,like
r0003923,post000279,u00352,2025-03-13T18:36:58,like
r0003924,post000281,u00039,2025-03-13T18:37:24,like
r0003925,post000272,u00062,2025-03-13T18:46:52,support
r0003926,post000247,u00174,2025-03-13T18:47:01,like
r0003927,post000256,u00274,2025-03-13T18:47:55,like
r0003928,post000245,u00291,2025-03-13T18:52:20,like
r0003929,post000243,u00256,2025-03-13T18:53:49,like
r0003930,post000278,u00291,2025-03-13T19:06:18,like
r0003931,post000271,u00025,2025-03-13T19:16:10,like
r0003932,post000267,u00221,2025-03-13T19:35:14,like
r0003933,post000256,u00098,2025-03-13T19:35:40,like
r0003934,post000260,u00078,2025-03-13T19:42:07,celebrate
r0003935,post000293,u00380,2025-03-13T19:51:08,like
r0003936,post000265,u00350,2025-03-13T20:04:32,like
r0003937,post000271,u00299,2025-03-13T20:05:21,insightful
r0003938,post000284,u00098,2025-03-13T20:23:50,like
r0003939,post000271,u00117,2025-03-13T20:32:58,like
r0003940,post000238,u00179,2025-03-13T20:35:28,celebrate
r0003941,post000242,u00206,2025-03-13T20:43:07,support
r0003942,post000293,u00349,2025-03-13T20:44:13,insightful
r0003943,post000275,u00197,2025-03-13T21:13:01,like
r0003944,post000241,u00004,2025-03-13T21:20:46,insightful
r0003945,post000250,u00120,2025-03-13T21:25:22,insightful
r0003946,post000242,u00249,2025-03-13T21:36:57,like
r0003947,post000255,u00249,2025-03-13T21:48:16,like
r0003948,post000238,u00157,2025-03-13T21:50:48,like
r0003949,post000277,u00274,2025-03-13T21:57:37,like
r0003950,post000286,u00096,2025-03-13T22:12:53,support
r0003951,post000249,u00285,2025-03-13T22:13:56,like
r0003952,post000254,u00181,2025-03-13T22:31:08,insightful
r0003953,post000290,u00282,2025-03-13T22:35:07,support
r0003954,post000244,u00090,2025-03-13T22:44:47,like
r0003955,post000270,u00071,2025-03-13T22:50:22,like
r0003956,post000249,u00032,2025-03-13T22:57:43,celebrate
r0003957,post000273,u00032,2025-03-13T23:04:37,celebrate
r0003958,post000257,u00211,2025-03-13T23:14:00,like
r0003959,post000256,u00352,2025-03-13T23:14:59,support
r0003960,post000283,u00159,2025-03-13T23:16:29,celebrate
r0003961,post000295,u00098,2025-03-13T23:26:57,like
r0003962,post000272,u00260,2025-03-13T23:28:13,insightful
r0003963,post000287,u00396,2025-03-13T23:29:01,support
r0003964,post000244,u00096,2025-03-13T23:30:23,celebrate
r0003965,post000251,u00084,2025-03-13T23:40:08,like
r0003966,post000271,u00096,2025-03-13T23:45:50,like
r0003967,post000262,u00211,2025-03-13T23:53:52,celebrate
r0003968,post000274,u00075,2025-03-14T00:03:02,insightful
r0003969,post000281,u00317,2025-03-14T00:03:18,like
r0003970,post000245,u00260,2025-03-14T00:11:19,like
r0003971,post000277,u00128,2025-03-14T00:17:12,like
r0003972,post000259,u00276,2025-03-14T00:17:20,like
r0003973,post000247,u00285,2025-03-14T00:23:18,like
r0003974,post000262,u00120,2025-03-14T00:26:56,like
r0003975,post000286,u00371,2025-03-14T00:27:06,like
r0003976,post000268,u00287,2025-03-14T00:32:49,like
r0003977,post000276,u00185,2025-03-14T00:42:34,like
r0003978,post000291,u00237,2025-03-14T00:47:00,support
r0003979,post000277,u00287,2025-03-14T00:48:29,like
r0003980,post000288,u00133,2025-03-14T00:48:40,support
r0003981,post000295,u00225,2025-03-14T00:59:12,like
r0003982,post000263,u00339,2025-03-14T01:01:42,like
r0003983,post000268,u00073,2025-03-14T01:03:22,like
r0003984,post000264,u00036,2025-03-14T01:10:50,insightful
r0003985,post000241,u00212,2025-03-14T01:11:12,like
r0003986,post000263,u00205,2025-03-14T01:12:42,like
r0003987,post000294,u00250,2025-03-14T01:16:09,like
r0003988,post000268,u00098,2025-03-14T01:21:43,like
r0003989,post000256,u00263,2025-03-14T01:23:23,like
r0003990,post000273,u00260,2025-03-14T01:42:22,support
r0003991,post000270,u00023,2025-03-14T01:42:33,like
r0003992,post000257,u00098,2025-03-14T01:47:16,like
r0003993,post000252,u00094,2025-03-14T01:51:10,like
r0003994,post000244,u00120,2025-03-14T01:52:12,like
r0003995,post000292,u00069,2025-03-14T01:53:27,like
r0003996,post000298,u00007,2025-03-14T02:05:50,like
r0003997,post000264,u00159,2025-03-14T02:14:59,like
r0003998,post000261,u00265,2025-03-14T02:17:22,like
r0003999,post000271,u00105,2025-03-14T02:19:51,celebrate
r0004000,post000245,u00185,2025-03-14T02:27:02,like
r0004001,post000273,u00245,2025-03-14T02:45:25,like
r0004002,post000254,u00268,2025-03-14T02:49:14,insightful
r0004003,post000255,u00105,2025-03-14T02:50:56,support
r0004004,post000285,u00087,2025-03-14T02:57:19,like
r0004005,post000287,u00080,2025-03-14T02:59:58,celebrate
r0004006,post000293,u00374,2025-03-14T03:05:13,celebrate
r0004007,post000266,u00046,2025-03-14T03:06:11,insightful
r0004008,post000291,u00087,2025-03-14T03:10:35,like
r0004009,post000286,u00344,2025-03-14T03:23:28,celebrate
r0004010,post000266,u00371,2025-03-14T03:26:15,support
r0004011,post000266,u00231,2025-03-14T03:27:45,like
r0004012,post000251,u00033,2025-03-14T03:30:26,support
r0004013,post000260,u00133,2025-03-14T03:32:27,insightful
r0004014,post000278,u00384,2025-03-14T03:34:50,like
r0004015,post000267,u00325,2025-03-14T03:40:16,like
r0004016,post000277,u00219,2025-03-14T03:58:30,like
r0004017,post000292,u00329,2025-03-14T04:01:43,like
r0004018,post000258,u00352,2025-03-14T04:03:31,like
r0004019,post000270,u00234,2025-03-14T04:03:50,like
r0004020,post000264,u00126,2025-03-14T04:08:52,like
r0004021,post000287,u00287,2025-03-14T04:09:44,like
r0004022,post000259,u00187,2025-03-14T04:11:54,celebrate
r0004023,post000256,u00036,2025-03-14T04:19:28,insightful
r0004024,post000259,u00260,2025-03-14T04:26:00,like
r0004025,post000281,u00003,2025-03-14T04:27:55,like
r0004026,post000296,u00282,2025-03-14T04:30:15,like
r0004027,post000287,u00174,2025-03-14T04:31:46,like
r0004028,post000290,u00010,2025-03-14T04:46:22,like
r0004029,post000276,u00090,2025-03-14T04:49:42,like
r0004030,post000276,u00185,2025-03-14T04:50:31,celebrate
r0004031,post000245,u00230,2025-03-14T04:54:37,like
r0004032,post000284,u00120,2025-03-14T05:00:26,like
r0004033,post000251,u00036,2025-03-14T05:04:04,support
r0004034,post000257,u00271,2025-03-14T05:11:41,like
r0004035,post000241,u00036,2025-03-14T05:14:53,support
r0004036,post000271,u00153,2025-03-14T05:18:32,like
r0004037,post000282,u00282,2025-03-14T05:26:31,like
r0004038,post000278,u00105,2025-03-14T05:42:46,like
r0004039,post000259,u00083,2025-03-14T06:18:44,like
r0004040,post000267,u00094,2025-03-14T06:29:02,like
r0004041,post000279,u00209,2025-03-14T06:29:22,like
r0004042,post000292,u00372,2025-03-14T06:33:58,like
r0004043,post000256,u00211,2025-03-14T06:42:26,like
r0004044,post000294,u00205,2025-03-14T06:44:02,like
r0004045,post000289,u00197,2025-03-14T06:47:13,like
r0004046,post000258,u00211,2025-03-14T06:55:10,like
r0004047,post000297,u00031,2025-03-14T06:56:33,celebrate
r0004048,post000252,u00399,2025-03-14T07:01:19,like
r0004049,post000246,u00063,2025-03-14T07:05:27,like
r0004050,post000271,u00263,2025-03-14T07:09:50,like
r0004051,post000278,u00174,2025-03-14T07:12:53,insightful
r0004052,post000269,u00133,2025-03-14T07:36:34,like
r0004053,post000277,u00348,2025-03-14T07:37:51,insightful
r0004054,post000284,u00240,2025-03-14T07:43:39,insightful
r0004055,post000291,u00168,2025-03-14T07:49:02,like
r0004056,post000279,u00329,2025-03-14T07:50:16,like
r0004057,post000284,u00185,2025-03-14T07:50:40,like
r0004058,post000244,u00246,2025-03-14T07:51:52,like
r0004059,post000248,u00262,2025-03-14T07:56:56,like
r0004060,post000253,u00039,2025-03-14T07:57:18,celebrate
r0004061,post000270,u00397,2025-03-14T07:58:04,like
r0004062,post000276,u00196,2025-03-14T08:01:57,support
r0004063,post000287,u00245,2025-03-14T08:06:13,insightful
r0004064,post000274,u00235,2025-03-14T08:09:57,like
r0004065,post000290,u00005,2025-03-14T08:12:11,insightful
r0004066,post000253,u00243,2025-03-14T08:12:37,like
r0004067,post000260,u00339,2025-03-14T08:16:59,insightful
r0004068,post000263,u00064,2025-03-14T08:17:09,insightful
r0004069,post000256,u00260,2025-03-14T08:19:36,like
r0004070,post000275,u00221,2025-03-14T08:22:43,like
r0004071,post000299,u00260,2025-03-14T08:22:44,like
r0004072,post000255,u00132,2025-03-14T08:28:30,celebrate
r0004073,post000286,u00352,2025-03-14T08:29:45,like
r0004074,post000289,u00245,2025-03-14T08:30:31,like
r0004075,post000299,u00252,2025-03-14T08:31:32,like
r0004076,post000270,u00227,2025-03-14T08:31:36,like
r0004077,post000283,u00397,2025-03-14T08:32:02,support
r0004078,post000299,u00230,2025-03-14T08:39:08,like
r0004079,post000252,u00128,2025-03-14T08:39:53,like
r0004080,post000291,u00306,2025-03-14T08:44:02,like
r0004081,post000264,u00256,2025-03-14T08:44:39,celebrate
r0004082,post000300,u00339,2025-03-14T08:46:33,like
r0004083,post000292,u00383,2025-03-14T08:47:13,like
r0004084,post000269,u00395,2025-03-14T08:50:18,like
r0004085,post000272,u00305,2025-03-14T08:53:58,like
r0004086,post000278,u00282,2025-03-14T08:55:04,like
r0004087,post000274,u00125,2025-03-14T08:58:31,support
r0004088,post000285,u00028,2025-03-14T09:00:15,like
r0004089,post000292,u00020,2025-03-14T09:02:46,support
r0004090,post000278,u00328,2025-03-14T09:02:56,insightful
r0004091,post000262,u00079,2025-03-14T09:05:13,like
r0004092,post000274,u00159,2025-03-14T09:07:20,like
r0004093,post000293,u00246,2025-03-14T09:07:43,like
r0004094,post000252,u00011,2025-03-14T09:07:53,like
r0004095,post000250,u00069,2025-03-14T09:08:35,like
r0004096,post000253,u00394,2025-03-14T09:09:37,like
r0004097,post000244,u00003,2025-03-14T09:09:53,like
r0004098,post000278,u00329,2025-03-14T09:11:17,insightful
r0004099,post000263,u00263,2025-03-14T09:13:50,celebrate
r0004100,post000251,u00253,2025-03-14T09:16:04,like
r0004101,post000296,u00059,2025-03-14T09:16:32,like
r0004102,post000286,u00350,2025-03-14T09:17:24,like
r0004103,post000288,u00031,2025-03-14T09:21:46,like
r0004104,post000303,u00147,2025-03-14T09:22:29,like
r0004105,post000285,u00234,2025-03-14T09:24:35,like
r0004106,post000249,u00192,2025-03-14T09:27:25,support
r0004107,post000269,u00210,2025-03-14T09:29:36,like
r0004108,post000301,u00300,2025-03-14T09:30:45,like
r0004109,post000292,u00372,2025-03-14T09:35:01,like
r0004110,post000248,u00231,2025-03-14T09:37:08,like
r0004111,post000279,u00269,2025-03-14T09:42:11,celebrate
r0004112,post000267,u00114,2025-03-14T09:42:47,insightful
r0004113,post000253,u00252,2025-03-14T09:47:43,like
r0004114,post000299,u00224,2025-03-14T09:48:52,like
r0004115,post000297,u00174,2025-03-14T09:50:23,like
r0004116,post000287,u00268,2025-03-14T09:53:41,like
r0004117,post000283,u00195,2025-03-14T09:55:00,celebrate
r0004118,post000287,u00193,2025-03-14T09:55:21,insightful
r0004119,post000275,u00395,2025-03-14T09:55:43,like
r0004120,post000297,u00099,2025-03-14T09:59:13,like
r0004121,post000247,u00339,2025-03-14T10:01:45,like
r0004122,post000304,u00187,2025-03-14T10:01:54,like
r0004123,post000272,u00039,2025-03-14T10:07:14,support
r0004124,post000275,u00127,2025-03-14T10:07:44,like
r0004125,post000271,u00073,2025-03-14T10:09:26,like
r0004126,post000291,u00268,2025-03-14T10:10:45,like
r0004127,post000251,u00352,2025-03-14T10:10:46,like
r0004128,post000295,u00003,2025-03-14T10:12:25,celebrate
r0004129,post000272,u00179,2025-03-14T10:12:31,insightful
r0004130,post000287,u00166,2025-03-14T10:13:25,support
r0004131,post000268,u00006,2025-03-14T10:14:33,like
r0004132,post000293,u00029,2025-03-14T10:16:57,celebrate
r0004133,post000300,u00349,2025-03-14T10:17:34,like
r0004134,post000292,u00315,2025-03-14T10:20:07,like
r0004135,post000266,u00380,2025-03-14T10:24:14,like
r0004136,post000275,u00260,2025-03-14T10:25:28,like
r0004137,post000292,u00022,2025-03-14T10:30:45,support
r0004138,post000256,u00329,2025-03-14T10:32:35,like
r0004139,post000256,u00099,2025-03-14T10:33:58,like
r0004140,post000305,u00069,2025-03-14T10:39:45,like
r0004141,post000264,u00308,2025-03-14T10:40:54,like
r0004142,post000277,u00265,2025-03-14T10:43:18,celebrate
r0004143,post000255,u00250,2025-03-14T10:43:19,insightful
r0004144,post000284,u00394,2025-03-14T10:43:31,support
r0004145,post000249,u00264,2025-03-14T10:43:46,like
r0004146,post000253,u00237,2025-03-14T10:44:02,like
r0004147,post000270,u00250,2025-03-14T10:44:21,celebrate
r0004148,post000295,u00003,2025-03-14T10:46:21,like
r0004149,post000288,u00360,2025-03-14T10:48:59,insightful
r0004150,post000292,u00276,2025-03-14T10:51:46,like
r0004151,post000266,u00025,2025-03-14T10:54:32,like
r0004152,post000305,u00203,2025-03-14T10:56:49,support
r0004153,post000302,u00011,2025-03-14T10:56:55,support
r0004154,post000252,u00392,2025-03-14T11:01:34,celebrate
r0004155,post000297,u00003,2025-03-14T11:03:05,insightful
r0004156,post000298,u00188,2025-03-14T11:05:25,support
r0004157,post000291,u00099,2025-03-14T11:05:32,like
r0004158,post000260,u00179,2025-03-14T11:08:23,like
r0004159,post000278,u00256,2025-03-14T11:11:53,like
r0004160,post000276,u00238,2025-03-14T11:14:09,like
r0004161,post000277,u00253,2025-03-14T11:14:10,like
r0004162,post000267,u00088,2025-03-14T11:14:43,like
r0004163,post000297,u00265,2025-03-14T11:16:42,like
r0004164,post000283,u00285,2025-03-14T11:18:12,support
r0004165,post000286,u00192,2025-03-14T11:18:49,like
r0004166,post000289,u00112,2025-03-14T11:21:12,celebrate
r0004167,post000293,u00395,2025-03-14T11:23:41,like
r0004168,post000270,u00046,2025-03-14T11:26:05,like
r0004169,post000280,u00192,2025-03-14T11:31:01,like
r0004170,post000255,u00253,2025-03-14T11:32:17,celebrate
r0004171,post000304,u00397,2025-03-14T11:36:16,insightful
r0004172,post000266,u00246,2025-03-14T11:36:16,like
r0004173,post000258,u00223,2025-03-14T11:45:21,support
r0004174,post000291,u00225,2025-03-14T11:45:45,like
r0004175,post000262,u00031,2025-03-14T11:46:47,like
r0004176,post000261,u00092,2025-03-14T11:47:02,like
r0004177,post000273,u00260,2025-03-14T11:47:10,insightful
r0004178,post000292,u00039,2025-03-14T11:50:18,celebrate
r0004179,post000290,u00094,2025-03-14T11:53:22,insightful
r0004180,post000256,u00094,2025-03-14T11:53:31,like
r0004181,post000273,u00064,2025-03-14T11:53:47,celebrate
r0004182,post000252,u00195,2025-03-14T11:55:48,like
r0004183,post000307,u00329,2025-03-14T11:56:44,insightful
r0004184,post000305,u00039,2025-03-14T11:57:13,support
r0004185,post000289,u00179,2025-03-14T12:01:55,celebrate
r0004186,post000299,u00339,2025-03-14T12:03:29,like
r0004187,post000265,u00172,2025-03-14T12:08:08,like
r0004188,post000261,u00033,2025-03-14T12:12:10,like
r0004189,post000307,u00070,2025-03-14T12:13:12,like
r0004190,post000264,u00359,2025-03-14T12:13:38,support
r0004191,post000312,u00231,2025-03-14T12:14:32,insightful
r0004192,post000270,u00112,2025-03-14T12:15:50,like
r0004193,post000287,u00039,2025-03-14T12:16:25,like
r0004194,post000294,u00348,2025-03-14T12:19:04,like
r0004195,post000312,u00005,2025-03-14T12:20:31,like
r0004196,post000287,u00064,2025-03-14T12:21:14,like
r0004197,post000309,u00310,2025-03-14T12:22:44,like
r0004198,post000257,u00188,2025-03-14T12:22:46,insightful
r0004199,post000299,u00300,2025-03-14T12:25:02,support
r0004200,post000307,u00393,2025-03-14T12:27:32,insightful
r0004201,post000296,u00023,2025-03-14T12:27:44,insightful
r0004202,post000291,u00276,2025-03-14T12:31:36,like
r0004203,post000254,u00291,2025-03-14T12:31:47,like
r0004204,post000268,u00205,2025-03-14T12:35:36,like
r0004205,post000257,u00308,2025-03-14T12:37:02,like
r0004206,post000265,u00274,2025-03-14T12:37:58,like
r0004207,post000301,u00020,2025-03-14T12:38:50,insightful
r0004208,post000275,u00376,2025-03-14T12:40:32,like
r0004209,post000292,u00250,2025-03-14T12:40:34,like
r0004210,post000312,u00376,2025-03-14T12:43:08,like
r0004211,post000282,u00371,2025-03-14T12:47:38,like
r0004212,post000297,u00174,2025-03-14T12:48:44,like
r0004213,post000300,u00022,2025-03-14T12:52:00,celebrate
r0004214,post000273,u00306,2025-03-14T12:52:59,like
r0004215,post000270,u00262,2025-03-14T12:56:17,insightful
r0004216,post000297,u00051,2025-03-14T12:56:51,like
r0004217,post000293,u00121,2025-03-14T12:56:55,like
r0004218,post000280,u00238,2025-03-14T12:57:33,like
r0004219,post000256,u00054,2025-03-14T12:59:22,like
r0004220,post000279,u00004,2025-03-14T13:01:53,like
r0004221,post000260,u00051,2025-03-14T13:02:12,support
r0004222,post000294,u00120,2025-03-14T13:03:29,support
r0004223,post000284,u00364,2025-03-14T13:04:01,like
r0004224,post000294,u00312,2025-03-14T13:07:13,like
r0004225,post000282,u00376,2025-03-14T13:10:40,celebrate
r0004226,post000294,u00252,2025-03-14T13:10:46,like
r0004227,post000307,u00059,2025-03-14T13:13:35,celebrate
r0004228,post000303,u00046,2025-03-14T13:15:15,like
r0004229,post000286,u00043,2025-03-14T13:16:00,like
r0004230,post000279,u00262,2025-03-14T13:16:49,like
r0004231,post000281,u00003,2025-03-14T13:17:14,like
r0004232,post000297,u00333,2025-03-14T13:18:05,like
r0004233,post000277,u00044,2025-03-14T13:18:15,support
r0004234,post000267,u00358,2025-03-14T13:23:42,like
r0004235,post000275,u00308,2025-03-14T13:24:45,like
r0004236,post000276,u00207,2025-03-14T13:25:04,like
r0004237,post000311,u00384,2025-03-14T13:25:22,like
r0004238,post000290,u00250,2025-03-14T13:27:02,celebrate
r0004239,post000300,u00063,2025-03-14T13:27:21,support
r0004240,post000266,u00274,2025-03-14T13:34:09,support
r0004241,post000308,u00250,2025-03-14T13:34:18,insightful
r0004242,post000257,u00380,2025-03-14T13:36:36,celebrate
r0004243,post000283,u00087,2025-03-14T13:37:01,support
r0004244,post000298,u00317,2025-03-14T13:39:55,like
r0004245,post000278,u00125,2025-03-14T13:40:13,insightful
r0004246,post000290,u00224,2025-03-14T13:41:38,like
r0004247,post000307,u00306,2025-03-14T13:41:42,insightful
r0004248,post000278,u00007,2025-03-14T13:41:57,like
r0004249,post000300,u00399,2025-03-14T13:42:52,celebrate
r0004250,post000291,u00080,2025-03-14T13:43:21,like
r0004251,post000262,u00355,2025-03-14T13:44:35,like
r0004252,post000274,u00359,2025-03-14T13:44:48,like
r0004253,post000308,u00010,2025-03-14T13:48:44,like
r0004254,post000273,u00133,2025-03-14T13:49:20,like
r0004255,post000285,u00191,2025-03-14T13:50:45,insightful
r0004256,post000305,u00025,2025-03-14T13:58:50,celebrate
r0004257,post000312,u00374,2025-03-14T14:02:53,like
r0004258,post000290,u00054,2025-03-14T14:07:50,like
r0004259,post000271,u00039,2025-03-14T14:09:00,celebrate
r0004260,post000280,u00064,2025-03-14T14:09:36,support
r0004261,post000279,u00212,2025-03-14T14:09:54,like
r0004262,post000306,u00201,2025-03-14T14:14:59,like
r0004263,post000304,u00329,2025-03-14T14:15:19,insightful
r0004264,post000266,u00065,2025-03-14T14:18:14,celebrate
r0004265,post000297,u00033,2025-03-14T14:18:58,like
r0004266,post000308,u00099,2025-03-14T14:32:54,like
r0004267,post000295,u00260,2025-03-14T14:32:58,like
r0004268,post000261,u00124,2025-03-14T14:33:49,celebrate
r0004269,post000260,u00016,2025-03-14T14:34:46,like
r0004270,post000303,u00330,2025-03-14T14:37:21,like
r0004271,post000291,u00036,2025-03-14T14:37:29,like
r0004272,post000272,u00211,2025-03-14T14:37:33,like
r0004273,post000265,u00252,2025-03-14T14:37:53,like
r0004274,post000263,u00237,2025-03-14T14:41:44,like
r0004275,post000297,u00020,2025-03-14T14:43:40,like
r0004276,post000274,u00138,2025-03-14T14:45:02,like
r0004277,post000308,u00127,2025-03-14T14:46:41,like
r0004278,post000270,u00053,2025-03-14T14:48:43,insightful
r0004279,post000287,u00094,2025-03-14T14:49:27,like
r0004280,post000262,u00159,2025-03-14T14:49:58,like
r0004281,post000297,u00218,2025-03-14T14:51:38,like
r0004282,post000310,u00329,2025-03-14T14:52:15,like
r0004283,post000292,u00192,2025-03-14T14:53:38,like
r0004284,post000296,u00381,2025-03-14T14:56:50,like
r0004285,post000302,u00211,2025-03-14T14:57:11,like
r0004286,post000307,u00308,2025-03-14T15:03:57,support
r0004287,post000257,u00399,2025-03-14T15:04:03,celebrate
r0004288,post000279,u00394,2025-03-14T15:05:34,like
r0004289,post000279,u00234,2025-03-14T15:10:49,like
r0004290,post000284,u00120,2025-03-14T15:11:40,like
r0004291,post000274,u00245,2025-03-14T15:14:36,like
r0004292,post000287,u00333,2025-03-14T15:15:07,like
r0004293,post000274,u00225,2025-03-14T15:18:15,like
r0004294,post000265,u00126,2025-03-14T15:19:28,celebrate
r0004295,post000284,u00329,2025-03-14T15:24:18,like
r0004296,post000290,u00237,2025-03-14T15:25:46,like
r0004297,post000287,u00291,2025-03-14T15:30:01,like
r0004298,post000255,u00249,2025-03-14T15:30:08,like
r0004299,post000304,u00032,2025-03-14T15:30:11,insightful
r0004300,post000267,u00348,2025-03-14T15:32:52,support
r0004301,post000271,u00120,2025-03-14T15:33:12,like
r0004302,post000272,u00065,2025-03-14T15:36:12,like
r0004303,post000297,u00235,2025-03-14T15:38:52,celebrate
r0004304,post000301,u00237,2025-03-14T15:44:21,like
r0004305,post000311,u00246,2025-03-14T15:45:21,like
r0004306,post000259,u00329,2025-03-14T15:47:08,like
r0004307,post000313,u00148,2025-03-14T15:47:17,like
r0004308,post000266,u00011,2025-03-14T15:50:05,celebrate
r0004309,post000302,u00024,2025-03-14T15:53:26,celebrate
r0004310,post000277,u00218,2025-03-14T15:55:06,like
r0004311,post000289,u00246,2025-03-14T15:55:25,like
r0004312,post000283,u00046,2025-03-14T15:58:46,celebrate
r0004313,post000269,u00187,2025-03-14T16:05:52,insightful
r0004314,post000297,u00276,2025-03-14T16:13:47,insightful
r0004315,post000301,u00256,2025-03-14T16:14:16,like
r0004316,post000274,u00265,2025-03-14T16:18:48,like
r0004317,post000267,u00154,2025-03-14T16:18:50,like
r0004318,post000285,u00364,2025-03-14T16:20:02,celebrate
r0004319,post000267,u00033,2025-03-14T16:20:42,like
r0004320,post000294,u00242,2025-03-14T16:24:07,like
r0004321,post000302,u00306,2025-03-14T16:26:43,celebrate
r0004322,post000287,u00231,2025-03-14T16:29:54,like
r0004323,post000288,u00269,2025-03-14T16:30:34,like
r0004324,post000261,u00345,2025-03-14T16:43:37,support
r0004325,post000260,u00210,2025-03-14T16:44:44,like
r0004326,post000308,u00230,2025-03-14T16:50:24,like
r0004327,post000280,u00094,2025-03-14T16:52:09,celebrate
r0004328,post000316,u00087,2025-03-14T16:58:32,like
r0004329,post000311,u00212,2025-03-14T17:00:58,like
r0004330,post000296,u00098,2025-03-14T17:03:30,like
r0004331,post000259,u00357,2025-03-14T17:13:01,like
r0004332,post000280,u00065,2025-03-14T17:15:19,like
r0004333,post000277,u00315,2025-03-14T17:30:58,celebrate
r0004334,post000287,u00006,2025-03-14T17:34:47,like
r0004335,post000275,u00159,2025-03-14T17:39:27,celebrate
r0004336,post000272,u00098,2025-03-14T17:39:56,like
r0004337,post000286,u00020,2025-03-14T17:42:10,insightful
r0004338,post000263,u00260,2025-03-14T17:55:18,celebrate
r0004339,post000291,u00305,2025-03-14T17:58:44,like
r0004340,post000306,u00003,2025-03-14T18:17:54,like
r0004341,post000292,u00131,2025-03-14T18:30:10,insightful
r0004342,post000304,u00245,2025-03-14T18:40:32,like
r0004343,post000306,u00397,2025-03-14T18:45:34,support
r0004344,post000305,u00069,2025-03-14T19:08:13,celebrate
r0004345,post000294,u00174,2025-03-14T19:18:17,like
r0004346,post000297,u00112,2025-03-14T19:26:16,like
r0004347,post000263,u00205,2025-03-14T19:27:38,like
r0004348,post000273,u00218,2025-03-14T19:38:52,like
r0004349,post000267,u00055,2025-03-14T19:43:25,insightful
r0004350,post000311,u00394,2025-03-14T19:44:55,like
r0004351,post000305,u00210,2025-03-14T19:52:11,like
r0004352,post000278,u00268,2025-03-14T20:04:46,support
r0004353,post000304,u00064,2025-03-14T20:08:38,like
r0004354,post000287,u00376,2025-03-14T20:22:32,insightful
r0004355,post000308,u00007,2025-03-14T20:35:14,like
r0004356,post000258,u00034,2025-03-14T20:46:16,like
r0004357,post000285,u00073,2025-03-14T20:50:15,like
r0004358,post000285,u00150,2025-03-14T21:02:54,like
r0004359,post000281,u00105,2025-03-14T21:13:14,like
r0004360,post000282,u00089,2025-03-14T21:19:19,like
r0004361,post000309,u00253,2025-03-14T21:27:59,celebrate
r0004362,post000298,u00392,2025-03-14T21:34:18,insightful
r0004363,post000312,u00260,2025-03-14T21:36:16,like
r0004364,post000294,u00268,2025-03-14T21:37:41,like
r0004365,post000280,u00235,2025-03-14T21:46:05,insightful
r0004366,post000280,u00189,2025-03-14T21:46:07,insightful
r0004367,post000261,u00053,2025-03-14T22:01:34,support
r0004368,post000301,u00245,2025-03-14T22:02:00,like
r0004369,post000265,u00317,2025-03-14T22:03:50,like
r0004370,post000305,u00264,2025-03-14T22:07:00,like
r0004371,post000264,u00317,2025-03-14T22:08:38,support
r0004372,post000277,u00055,2025-03-14T22:12:01,like
r0004373,post000262,u00037,2025-03-14T22:26:38,like
r0004374,post000300,u00196,2025-03-14T22:58:20,like
r0004375,post000272,u00276,2025-03-14T23:00:52,like
r0004376,post000277,u00174,2025-03-14T23:09:15,celebrate
r0004377,post000297,u00293,2025-03-14T23:10:41,support
r0004378,post000306,u00384,2025-03-14T23:13:03,insightful
r0004379,post000301,u00020,2025-03-14T23:18:06,like
r0004380,post000313,u00196,2025-03-14T23:18:57,support
r0004381,post000302,u00083,2025-03-14T23:19:17,insightful
r0004382,post000307,u00031,2025-03-14T23:28:51,like
r0004383,post000308,u00256,2025-03-14T23:35:13,like
r0004384,post000292,u00240,2025-03-14T23:37:48,like
r0004385,post000294,u00393,2025-03-14T23:39:52,like
r0004386,post000312,u00250,2025-03-14T23:40:38,like
r0004387,post000289,u00196,2025-03-14T23:43:54,like
r0004388,post000316,u00057,2025-03-14T23:45:54,like
r0004389,post000260,u00127,2025-03-14T23:48:22,celebrate
r0004390,post000261,u00133,2025-03-14T23:50:39,like
r0004391,post000296,u00098,2025-03-15T00:16:37,like
r0004392,post000273,u00105,2025-03-15T00:26:31,like
r0004393,post000269,u00380,2025-03-15T00:30:43,like
r0004394,post000275,u00083,2025-03-15T00:38:53,like
r0004395,post000276,u00210,2025-03-15T00:51:07,support
r0004396,post000273,u00306,2025-03-15T01:09:54,like
r0004397,post000276,u00190,2025-03-15T01:16:59,insightful
r0004398,post000272,u00150,2025-03-15T01:21:59,like
r0004399,post000277,u00036,2025-03-15T01:23:40,like
r0004400,post000302,u00011,2025-03-15T01:33:28,like
r0004401,post000280,u00131,2025-03-15T01:45:40,like
r0004402,post000306,u00157,2025-03-15T01:59:49,like
r0004403,post000308,u00218,2025-03-15T02:01:50,support
r0004404,post000314,u00260,2025-03-15T02:04:50,like
r0004405,post000290,u00271,2025-03-15T02:10:22,like
r0004406,post000314,u00350,2025-03-15T02:13:42,like
r0004407,post000303,u00248,2025-03-15T02:20:13,like
r0004408,post000266,u00286,2025-03-15T02:21:28,like
r0004409,post000284,u00098,2025-03-15T02:24:34,like
r0004410,post000278,u00036,2025-03-15T02:34:16,like
r0004411,post000287,u00352,2025-03-15T02:40:40,like
r0004412,post000301,u00104,2025-03-15T02:41:51,like
r0004413,post000297,u00306,2025-03-15T02:42:51,insightful
r0004414,post000315,u00036,2025-03-15T02:42:59,like
r0004415,post000271,u00314,2025-03-15T02:43:15,like
r0004416,post000277,u00108,2025-03-15T02:43:37,support
r0004417,post000318,u00157,2025-03-15T02:59:19,celebrate
r0004418,post000314,u00205,2025-03-15T03:03:59,insightful
r0004419,post000297,u00196,2025-03-15T03:17:26,like
r0004420,post000298,u00350,2025-03-15T03:19:45,like
r0004421,post000295,u00186,2025-03-15T03:34:30,like
r0004422,post000305,u00036,2025-03-15T03:38:51,like
r0004423,post000313,u00210,2025-03-15T03:44:27,support
r0004424,post000291,u00018,2025-03-15T04:02:11,like
r0004425,post000294,u00036,2025-03-15T04:14:49,support
r0004426,post000289,u00245,2025-03-15T04:24:40,insightful
r0004427,post000302,u00196,2025-03-15T04:53:29,like
r0004428,post000305,u00036,2025-03-15T04:54:23,like
r0004429,post000282,u00036,2025-03-15T04:54:34,insightful
r0004430,post000262,u00285,2025-03-15T04:56:45,like
r0004431,post000285,u00374,2025-03-15T05:00:56,like
r0004432,post000277,u00245,2025-03-15T05:09:06,celebrate
r0004433,post000281,u00144,2025-03-15T05:09:10,like
r0004434,post000274,u00196,2025-03-15T05:12:01,like
r0004435,post000315,u00374,2025-03-15T05:26:25,like
r0004436,post000300,u00108,2025-03-15T05:37:28,support
r0004437,post000315,u00120,2025-03-15T05:41:48,like
r0004438,post000273,u00271,2025-03-15T05:50:48,like
r0004439,post000286,u00150,2025-03-15T05:51:51,like
r0004440,post000268,u00192,2025-03-15T05:57:48,like
r0004441,post000301,u00125,2025-03-15T05:58:55,insightful
r0004442,post000292,u00196,2025-03-15T06:02:03,like
r0004443,post000292,u00098,2025-03-15T06:14:05,like
r0004444,post000282,u00382,2025-03-15T06:23:10,celebrate
r0004445,post000266,u00285,2025-03-15T06:25:53,like
r0004446,post000289,u00348,2025-03-15T06:35:24,like
r0004447,post000267,u00003,2025-03-15T06:47:13,celebrate
r0004448,post000313,u00174,2025-03-15T06:59:54,like
r0004449,post000265,u00174,2025-03-15T07:05:05,like
r0004450,post000297,u00348,2025-03-15T07:35:37,like
r0004451,post000265,u00312,2025-03-15T07:45:11,like
r0004452,post000297,u00174,2025-03-15T07:49:51,like
r0004453,post000270,u00245,2025-03-15T07:50:06,insightful
r0004454,post000276,u00165,2025-03-15T07:51:54,like
r0004455,post000293,u00093,2025-03-15T07:57:10,like
r0004456,post000292,u00369,2025-03-15T08:10:33,like
r0004457,post000302,u00354,2025-03-15T08:12:44,insightful
r0004458,post000281,u00003,2025-03-15T08:15:27,like
r0004459,post000285,u00074,2025-03-15T08:15:46,like
r0004460,post000271,u00120,2025-03-15T08:16:29,insightful
r0004461,post000308,u00026,2025-03-15T08:22:11,like
r0004462,post000269,u00338,2025-03-15T08:32:16,support
r0004463,post000300,u00185,2025-03-15T08:33:37,celebrate
r0004464,post000276,u00341,2025-03-15T08:33:54,like
r0004465,post000315,u00235,2025-03-15T08:39:27,like
r0004466,post000299,u00174,2025-03-15T08:41:53,insightful
r0004467,post000267,u00097,2025-03-15T08:42:32,like
r0004468,post000284,u00209,2025-03-15T08:43:14,like
r0004469,post000280,u00341,2025-03-15T08:49:54,insightful
r0004470,post000277,u00374,2025-03-15T08:50:39,like
r0004471,post000280,u00354,2025-03-15T08:52:06,celebrate
r0004472,post000321,u00044,2025-03-15T08:53:31,like
r0004473,post000265,u00069,2025-03-15T08:55:34,like
r0004474,post000280,u00104,2025-03-15T08:59:39,like
r0004475,post000296,u00174,2025-03-15T09:10:05,like
r0004476,post000296,u00185,2025-03-15T09:10:38,like
r0004477,post000303,u00338,2025-03-15T09:13:44,like
r0004478,post000323,u00383,2025-03-15T09:15:09,like
r0004479,post000278,u00067,2025-03-15T09:17:43,like
r0004480,post000268,u00209,2025-03-15T09:19:10,support
r0004481,post000297,u00190,2025-03-15T09:20:32,support
r0004482,post000306,u00146,2025-03-15T09:22:48,like
r0004483,post000316,u00174,2025-03-15T09:23:21,support
r0004484,post000288,u00209,2025-03-15T09:25:03,insightful
r0004485,post000293,u00059,2025-03-15T09:28:04,insightful
r0004486,post000312,u00192,2025-03-15T09:31:21,like
r0004487,post000321,u00035,2025-03-15T09:33:45,support
r0004488,post000304,u00050,2025-03-15T09:37:30,like
r0004489,post000311,u00018,2025-03-15T09:41:01,like
r0004490,post000271,u00073,2025-03-15T09:43:13,like
r0004491,post000294,u00316,2025-03-15T09:46:22,like
r0004492,post000299,u00249,2025-03-15T09:52:03,like
r0004493,post000271,u00385,2025-03-15T09:52:34,insightful
r0004494,post000309,u00305,2025-03-15T09:54:19,celebrate
r0004495,post000306,u00190,2025-03-15T10:08:46,like
r0004496,post000284,u00245,2025-03-15T10:09:18,like
r0004497,post000298,u00352,2025-03-15T10:27:58,like
r0004498,post000284,u00205,2025-03-15T10:28:02,like
r0004499,post000291,u00102,2025-03-15T10:31:59,like
r0004500,post000274,u00306,2025-03-15T10:32:10,like
r0004501,post000305,u00074,2025-03-15T10:32:50,like
r0004502,post000301,u00339,2025-03-15T10:42:38,like
r0004503,post000313,u00097,2025-03-15T10:44:02,like
r0004504,post000271,u00300,2025-03-15T10:48:13,insightful
r0004505,post000299,u00205,2025-03-15T10:51:38,like
r0004506,post000325,u00348,2025-03-15T10:54:46,like
r0004507,post000273,u00083,2025-03-15T10:56:09,like
r0004508,post000276,u00205,2025-03-15T11:02:01,like
r0004509,post000300,u00069,2025-03-15T11:03:13,like
r0004510,post000287,u00050,2025-03-15T11:06:27,celebrate
r0004511,post000275,u00030,2025-03-15T11:11:42,like
r0004512,post000314,u00022,2025-03-15T11:15:20,support
r0004513,post000304,u00210,2025-03-15T11:20:44,celebrate
r0004514,post000324,u00186,2025-03-15T11:23:37,support
r0004515,post000308,u00223,2025-03-15T11:26:54,celebrate
r0004516,post000282,u00341,2025-03-15T11:28:23,like
r0004517,post000306,u00174,2025-03-15T11:31:38,like
r0004518,post000311,u00157,2025-03-15T11:36:14,like
r0004519,post000311,u00245,2025-03-15T11:44:19,like
r0004520,post000314,u00252,2025-03-15T11:48:00,like
r0004521,post000301,u00190,2025-03-15T11:48:50,support
r0004522,post000326,u00253,2025-03-15T11:53:49,like
r0004523,post000296,u00069,2025-03-15T11:56:11,like
r0004524,post000296,u00078,2025-03-15T11:56:32,like
r0004525,post000274,u00341,2025-03-15T12:01:42,like
r0004526,post000314,u00351,2025-03-15T12:05:51,like
r0004527,post000309,u00338,2025-03-15T12:05:56,like
r0004528,post000278,u00131,2025-03-15T12:09:42,like
r0004529,post000310,u00120,2025-03-15T12:11:19,like
r0004530,post000303,u00118,2025-03-15T12:12:34,like
r0004531,post000284,u00374,2025-03-15T12:12:55,like
r0004532,post000291,u00255,2025-03-15T12:24:16,celebrate
r0004533,post000326,u00253,2025-03-15T12:27:54,celebrate
r0004534,post000315,u00352,2025-03-15T12:29:33,like
r0004535,post000269,u00061,2025-03-15T12:31:15,like
r0004536,post000274,u00003,2025-03-15T12:35:16,like
r0004537,post000291,u00260,2025-03-15T12:42:32,like
r0004538,post000268,u00350,2025-03-15T12:46:30,like
r0004539,post000290,u00211,2025-03-15T12:50:31,like
r0004540,post000310,u00245,2025-03-15T12:53:37,like
r0004541,post000303,u00138,2025-03-15T12:58:23,like
r0004542,post000288,u00339,2025-03-15T13:01:41,celebrate
r0004543,post000320,u00042,2025-03-15T13:14:54,like
r0004544,post000297,u00339,2025-03-15T13:16:24,like
r0004545,post000291,u00222,2025-03-15T13:17:50,like
r0004546,post000309,u00384,2025-03-15T13:19:30,like
r0004547,post000297,u00383,2025-03-15T13:20:28,like
r0004548,post000317,u00003,2025-03-15T13:22:11,support
r0004549,post000280,u00344,2025-03-15T13:25:46,like
r0004550,post000301,u00174,2025-03-15T13:27:40,like
r0004551,post000318,u00174,2025-03-15T13:29:08,like
r0004552,post000320,u00003,2025-03-15T13:30:37,like
r0004553,post000285,u00260,2025-03-15T13:34:19,celebrate
r0004554,post000298,u00384,2025-03-15T13:36:29,like
r0004555,post000274,u00185,2025-03-15T13:41:07,like
r0004556,post000320,u00196,2025-03-15T13:44:47,like
r0004557,post000314,u00312,2025-03-15T13:48:57,insightful
r0004558,post000313,u00211,2025-03-15T13:56:32,like
r0004559,post000309,u00210,2025-03-15T13:59:53,like
r0004560,post000279,u00380,2025-03-15T14:01:39,like
r0004561,post000300,u00306,2025-03-15T14:03:20,like
r0004562,post000284,u00341,2025-03-15T14:06:23,like
r0004563,post000304,u00306,2025-03-15T14:14:45,like
r0004564,post000328,u00312,2025-03-15T14:16:47,like
r0004565,post000297,u00120,2025-03-15T14:26:45,like
r0004566,post000282,u00271,2025-03-15T14:27:49,celebrate
r0004567,post000287,u00249,2025-03-15T14:28:25,insightful
r0004568,post000304,u00013,2025-03-15T14:50:02,like
r0004569,post000286,u00365,2025-03-15T14:51:05,like
r0004570,post000308,u00153,2025-03-15T14:55:33,support
r0004571,post000271,u00186,2025-03-15T14:56:17,like
r0004572,post000328,u00374,2025-03-15T15:01:58,like
r0004573,post000285,u00221,2025-03-15T15:04:24,like
r0004574,post000329,u00352,2025-03-15T15:07:47,like
r0004575,post000327,u00352,2025-03-15T15:08:35,insightful
r0004576,post000288,u00165,2025-03-15T15:28:06,like
r0004577,post000313,u00352,2025-03-15T15:33:24,like
r0004578,post000309,u00313,2025-03-15T15:34:45,like
r0004579,post000298,u00209,2025-03-15T15:41:28,celebrate
r0004580,post000331,u00330,2025-03-15T15:42:36,like
r0004581,post000289,u00350,2025-03-15T15:44:30,like
r0004582,post000272,u00196,2025-03-15T15:53:37,like
r0004583,post000326,u00098,2025-03-15T16:00:59,like
r0004584,post000275,u00285,2025-03-15T16:01:51,like
r0004585,post000276,u00097,2025-03-15T16:04:12,like
r0004586,post000293,u00196,2025-03-15T16:22:02,insightful
r0004587,post000299,u00255,2025-03-15T16:24:12,like
r0004588,post000275,u00221,2025-03-15T16:38:34,like
r0004589,post000288,u00230,2025-03-15T16:41:37,like
r0004590,post000288,u00221,2025-03-15T16:56:33,like
r0004591,post000310,u00099,2025-03-15T16:57:22,like
r0004592,post000312,u00271,2025-03-15T17:01:15,like
r0004593,post000324,u00196,2025-03-15T17:06:51,insightful
r0004594,post000273,u00120,2025-03-15T17:10:08,like
r0004595,post000284,u00085,2025-03-15T17:18:59,support
r0004596,post000289,u00125,2025-03-15T17:19:41,celebrate
r0004597,post000278,u00099,2025-03-15T17:34:02,like
r0004598,post000297,u00120,2025-03-15T17:53:56,like
r0004599,post000282,u00157,2025-03-15T17:54:34,celebrate
r0004600,post000317,u00013,2025-03-15T18:26:44,support
r0004601,post000277,u00210,2025-03-15T18:31:24,like
r0004602,post000294,u00378,2025-03-15T18:42:09,like
r0004603,post000288,u00357,2025-03-15T18:50:55,insightful
r0004604,post000277,u00380,2025-03-15T18:57:12,support
r0004605,post000318,u00096,2025-03-15T19:05:46,like
r0004606,post000307,u00174,2025-03-15T19:06:09,like
r0004607,post000321,u00035,2025-03-15T19:06:38,like
r0004608,post000320,u00166,2025-03-15T19:14:23,like
r0004609,post000330,u00098,2025-03-15T19:15:29,like
r0004610,post000304,u00249,2025-03-15T19:15:58,celebrate
r0004611,post000281,u00192,2025-03-15T19:29:14,like
r0004612,post000291,u00003,2025-03-15T19:33:24,celebrate
r0004613,post000297,u00340,2025-03-15T19:37:46,like
r0004614,post000281,u00211,2025-03-15T19:45:08,insightful
r0004615,post000295,u00328,2025-03-15T19:51:41,like
r0004616,post000292,u00023,2025-03-15T20:04:36,like
r0004617,post000320,u00079,2025-03-15T20:04:42,like
r0004618,post000306,u00325,2025-03-15T20:18:09,celebrate
r0004619,post000296,u00380,2025-03-15T20:19:01,like
r0004620,post000295,u00125,2025-03-15T20:25:20,like
r0004621,post000291,u00120,2025-03-15T20:29:27,like
r0004622,post000280,u00210,2025-03-15T20:33:57,like
r0004623,post000333,u00148,2025-03-15T20:51:12,like
r0004624,post000310,u00325,2025-03-15T20:54:24,like
r0004625,post000314,u00383,2025-03-15T21:14:23,insightful
r0004626,post000313,u00221,2025-03-15T21:17:52,support
r0004627,post000278,u00253,2025-03-15T21:55:00,like
r0004628,post000326,u00271,2025-03-15T21:57:29,support
r0004629,post000333,u00003,2025-03-15T21:59:04,support
r0004630,post000302,u00125,2025-03-15T22:06:44,like
r0004631,post000328,u00120,2025-03-15T22:09:33,like
r0004632,post000327,u00365,2025-03-15T22:10:22,like
r0004633,post000301,u00096,2025-03-15T22:14:05,like
r0004634,post000278,u00252,2025-03-15T22:14:06,like
r0004635,post000328,u00138,2025-03-15T22:19:32,like
r0004636,post000289,u00374,2025-03-15T22:20:28,celebrate
r0004637,post000287,u00382,2025-03-15T22:33:44,like
r0004638,post000308,u00249,2025-03-15T22:34:37,like
r0004639,post000284,u00036,2025-03-15T22:42:36,like
r0004640,post000285,u00174,2025-03-15T22:58:56,like
r0004641,post000282,u00114,2025-03-15T23:03:37,insightful
r0004642,post000276,u00023,2025-03-15T23:06:26,like
r0004643,post000288,u00108,2025-03-15T23:11:43,like
r0004644,post000331,u00157,2025-03-15T23:11:57,like
r0004645,post000332,u00022,2025-03-15T23:42:28,insightful
r0004646,post000332,u00210,2025-03-15T23:44:40,like
r0004647,post000320,u00330,2025-03-15T23:58:06,like
r0004648,post000289,u00290,2025-03-16T00:12:12,insightful
r0004649,post000331,u00055,2025-03-16T00:40:06,like
r0004650,post000335,u00350,2025-03-16T00:42:09,like
r0004651,post000291,u00006,2025-03-16T00:50:22,like
r0004652,post000334,u00188,2025-03-16T00:56:41,like
r0004653,post000332,u00036,2025-03-16T01:27:46,like
r0004654,post000283,u00055,2025-03-16T01:50:31,like
r0004655,post000316,u00032,2025-03-16T02:01:36,like
r0004656,post000319,u00235,2025-03-16T02:24:14,like
r0004657,post000298,u00341,2025-03-16T02:25:12,like
r0004658,post000325,u00380,2025-03-16T02:29:22,like
r0004659,post000316,u00189,2025-03-16T02:50:51,like
r0004660,post000312,u00215,2025-03-16T02:51:42,like
r0004661,post000280,u00073,2025-03-16T03:03:43,support
r0004662,post000285,u00080,2025-03-16T03:04:41,insightful
r0004663,post000320,u00097,2025-03-16T03:07:07,like
r0004664,post000322,u00276,2025-03-16T03:08:52,like
r0004665,post000306,u00241,2025-03-16T03:28:30,like
r0004666,post000279,u00032,2025-03-16T03:29:41,like
r0004667,post000336,u00191,2025-03-16T03:30:22,like
r0004668,post000326,u00036,2025-03-16T03:58:33,support
r0004669,post000308,u00249,2025-03-16T04:25:29,like
r0004670,post000279,u00032,2025-03-16T04:39:22,like
r0004671,post000300,u00287,2025-03-16T04:42:33,like
r0004672,post000332,u00209,2025-03-16T04:43:12,like
r0004673,post000330,u00096,2025-03-16T04:43:29,like
r0004674,post000335,u00129,2025-03-16T04:57:19,celebrate
r0004675,post000296,u00006,2025-03-16T05:07:02,like
r0004676,post000311,u00380,2025-03-16T05:22:00,support
r0004677,post000283,u00394,2025-03-16T05:25:31,insightful
r0004678,post000280,u00234,2025-03-16T05:27:10,like
r0004679,post000308,u00337,2025-03-16T05:53:33,like
r0004680,post000314,u00205,2025-03-16T06:22:52,like
r0004681,post000319,u00337,2025-03-16T06:35:46,insightful
r0004682,post000317,u00011,2025-03-16T07:02:44,like
r0004683,post000285,u00210,2025-03-16T07:07:24,like
r0004684,post000334,u00126,2025-03-16T07:13:27,celebrate
r0004685,post000336,u00369,2025-03-16T07:30:54,insightful
r0004686,post000279,u00311,2025-03-16T07:54:09,like
r0004687,post000335,u00168,2025-03-16T07:59:17,like
r0004688,post000296,u00174,2025-03-16T08:05:59,insightful
r0004689,post000300,u00231,2025-03-16T08:10:36,like
r0004690,post000303,u00133,2025-03-16T08:10:43,celebrate
r0004691,post000302,u00344,2025-03-16T08:19:56,support
r0004692,post000289,u00252,2025-03-16T08:22:00,celebrate
r0004693,post000306,u00015,2025-03-16T08:25:16,like
r0004694,post000295,u00174,2025-03-16T08:30:23,celebrate
r0004695,post000310,u00350,2025-03-16T08:30:30,like
r0004696,post000322,u00137,2025-03-16T08:41:55,like
r0004697,post000293,u00322,2025-03-16T08:42:24,like
r0004698,post000333,u00322,2025-03-16T08:43:15,like
r0004699,post000294,u00329,2025-03-16T08:44:18,like
r0004700,post000305,u00253,2025-03-16T08:50:05,like
r0004701,post000317,u00380,2025-03-16T08:51:04,support
r0004702,post000306,u00199,2025-03-16T08:53:18,like
r0004703,post000299,u00249,2025-03-16T08:53:52,celebrate
r0004704,post000318,u00286,2025-03-16T09:09:26,like
r0004705,post000322,u00210,2025-03-16T09:10:01,like
r0004706,post000313,u00166,2025-03-16T09:10:09,like
r0004707,post000288,u00050,2025-03-16T09:15:14,like
r0004708,post000294,u00014,2025-03-16T09:17:14,like
r0004709,post000303,u00129,2025-03-16T09:21:08,like
r0004710,post000327,u00339,2025-03-16T09:22:14,celebrate
r0004711,post000314,u00057,2025-03-16T09:29:18,like
r0004712,post000310,u00290,2025-03-16T09:34:00,like
r0004713,post000315,u00006,2025-03-16T09:34:50,like
r0004714,post000334,u00352,2025-03-16T09:35:15,like
r0004715,post000290,u00006,2025-03-16T09:39:34,like
r0004716,post000308,u00021,2025-03-16T09:41:06,insightful
r0004717,post000298,u00021,2025-03-16T09:43:25,like
r0004718,post000326,u00358,2025-03-16T09:44:40,like
r0004719,post000340,u00339,2025-03-16T09:56:26,like
r0004720,post000304,u00370,2025-03-16T09:56:57,like
r0004721,post000332,u00349,2025-03-16T10:03:25,like
r0004722,post000305,u00129,2025-03-16T10:03:35,like
r0004723,post000291,u00204,2025-03-16T10:04:40,like
r0004724,post000302,u00006,2025-03-16T10:04:58,like
r0004725,post000313,u00014,2025-03-16T10:06:53,like
r0004726,post000310,u00129,2025-03-16T10:09:10,like
r0004727,post000285,u00137,2025-03-16T10:16:37,like
r0004728,post000300,u00118,2025-03-16T10:18:47,like
r0004729,post000325,u00194,2025-03-16T10:21:03,celebrate
r0004730,post000307,u00034,2025-03-16T10:23:59,like
r0004731,post000322,u00051,2025-03-16T10:24:35,support
r0004732,post000339,u00112,2025-03-16T10:27:42,like
r0004733,post000315,u00009,2025-03-16T10:29:45,like
r0004734,post000297,u00329,2025-03-16T10:30:06,like
r0004735,post000333,u00174,2025-03-16T10:31:28,like
r0004736,post000294,u00337,2025-03-16T10:32:13,insightful
r0004737,post000325,u00015,2025-03-16T10:36:21,celebrate
r0004738,post000307,u00124,2025-03-16T10:40:22,support
r0004739,post000301,u00390,2025-03-16T10:41:49,like
r0004740,post000310,u00390,2025-03-16T10:42:34,like
r0004741,post000319,u00129,2025-03-16T10:53:20,like
r0004742,post000310,u00300,2025-03-16T10:54:26,like
r0004743,post000288,u00350,2025-03-16T10:57:24,like
r0004744,post000328,u00234,2025-03-16T11:03:58,like
r0004745,post000294,u00231,2025-03-16T11:05:00,support
r0004746,post000331,u00011,2025-03-16T11:15:01,celebrate
r0004747,post000301,u00193,2025-03-16T11:16:27,support
r0004748,post000305,u00135,2025-03-16T11:22:44,celebrate
r0004749,post000333,u00314,2025-03-16T11:26:12,insightful
r0004750,post000332,u00079,2025-03-16T11:30:33,celebrate
r0004751,post000341,u00133,2025-03-16T11:34:40,celebrate
r0004752,post000291,u00231,2025-03-16T11:34:46,like
r0004753,post000318,u00174,2025-03-16T11:39:47,like
r0004754,post000283,u00006,2025-03-16T11:44:45,celebrate
r0004755,post000313,u00179,2025-03-16T11:48:30,insightful
r0004756,post000311,u00024,2025-03-16T11:49:58,like
r0004757,post000311,u00011,2025-03-16T11:55:28,insightful
r0004758,post000340,u00238,2025-03-16T12:04:53,celebrate
r0004759,post000301,u00231,2025-03-16T12:05:33,like
r0004760,post000333,u00035,2025-03-16T12:13:08,insightful
r0004761,post000293,u00188,2025-03-16T12:17:53,celebrate
r0004762,post000304,u00166,2025-03-16T12:24:35,like
r0004763,post000330,u00168,2025-03-16T12:28:32,like
r0004764,post000294,u00129,2025-03-16T12:33:09,celebrate
r0004765,post000323,u00309,2025-03-16T12:36:54,like
r0004766,post000286,u00011,2025-03-16T12:38:52,support
r0004767,post000295,u00129,2025-03-16T12:40:22,like
r0004768,post000304,u00339,2025-03-16T12:43:22,like
r0004769,post000341,u00255,2025-03-16T12:55:42,support
r0004770,post000318,u00042,2025-03-16T12:59:08,like
r0004771,post000291,u00205,2025-03-16T13:01:03,like
r0004772,post000312,u00358,2025-03-16T13:03:15,insightful
r0004773,post000340,u00205,2025-03-16T13:04:47,like
r0004774,post000306,u00055,2025-03-16T13:05:10,like
r0004775,post000333,u00011,2025-03-16T13:06:58,insightful
r0004776,post000328,u00350,2025-03-16T13:10:56,like
r0004777,post000302,u00112,2025-03-16T13:12:25,like
r0004778,post000296,u00078,2025-03-16T13:13:07,like
r0004779,post000309,u00314,2025-03-16T13:15:07,insightful
r0004780,post000307,u00399,2025-03-16T13:18:04,like
r0004781,post000340,u00057,2025-03-16T13:18:22,like
r0004782,post000291,u00344,2025-03-16T13:21:52,like
r0004783,post000286,u00050,2025-03-16T13:24:05,like
r0004784,post000331,u00300,2025-03-16T13:26:22,celebrate
r0004785,post000322,u00097,2025-03-16T13:29:07,like
r0004786,post000302,u00042,2025-03-16T13:30:29,like
r0004787,post000318,u00357,2025-03-16T13:32:27,support
r0004788,post000335,u00249,2025-03-16T13:36:11,insightful
r0004789,post000291,u00204,2025-03-16T13:37:22,like
r0004790,post000290,u00329,2025-03-16T13:38:21,insightful
r0004791,post000312,u00096,2025-03-16T13:41:12,like
r0004792,post000314,u00258,2025-03-16T14:01:43,like
r0004793,post000289,u00258,2025-03-16T14:03:56,like
r0004794,post000336,u00339,2025-03-16T14:06:17,like
r0004795,post000343,u00097,2025-03-16T14:10:20,like
r0004796,post000315,u00309,2025-03-16T14:26:10,like
r0004797,post000333,u00078,2025-03-16T14:40:57,like
r0004798,post000326,u00380,2025-03-16T14:45:26,support
r0004799,post000322,u00311,2025-03-16T14:58:07,insightful
r0004800,post000325,u00314,2025-03-16T15:03:36,like
r0004801,post000326,u00249,2025-03-16T15:07:10,like
r0004802,post000334,u00137,2025-03-16T15:07:58,like
r0004803,post000288,u00399,2025-03-16T15:08:34,like
r0004804,post000293,u00244,2025-03-16T15:10:47,like
r0004805,post000330,u00083,2025-03-16T15:24:43,like
r0004806,post000298,u00099,2025-03-16T15:26:19,like
r0004807,post000291,u00258,2025-03-16T15:39:22,like
r0004808,post000338,u00329,2025-03-16T15:39:42,like
r0004809,post000338,u00126,2025-03-16T15:54:06,like
r0004810,post000302,u00190,2025-03-16T16:23:30,like
r0004811,post000310,u00273,2025-03-16T16:31:14,like
r0004812,post000348,u00085,2025-03-16T16:38:47,like
r0004813,post000296,u00188,2025-03-16T16:39:53,insightful
r0004814,post000347,u00013,2025-03-16T16:49:33,like
r0004815,post000337,u00209,2025-03-16T17:22:18,like
r0004816,post000323,u00314,2025-03-16T17:32:13,like
r0004817,post000339,u00372,2025-03-16T17:32:49,like
r0004818,post000349,u00088,2025-03-16T18:33:31,like
r0004819,post000333,u00080,2025-03-16T18:45:52,like
r0004820,post000322,u00168,2025-03-16T18:48:17,like
r0004821,post000334,u00235,2025-03-16T19:10:02,like
r0004822,post000308,u00132,2025-03-16T19:25:39,like
r0004823,post000342,u00166,2025-03-16T19:28:17,like
r0004824,post000295,u00133,2025-03-16T19:50:26,like
r0004825,post000314,u00126,2025-03-16T20:04:06,like
r0004826,post000303,u00129,2025-03-16T20:23:01,support
r0004827,post000336,u00009,2025-03-16T20:44:38,like
r0004828,post000305,u00096,2025-03-16T21:06:07,insightful
r0004829,post000341,u00061,2025-03-16T21:58:36,like
r0004830,post000330,u00032,2025-03-16T22:06:39,like
r0004831,post000327,u00252,2025-03-16T22:11:50,like
r0004832,post000346,u00036,2025-03-16T22:26:21,support
r0004833,post000323,u00086,2025-03-16T22:39:13,like
r0004834,post000333,u00036,2025-03-16T22:40:41,like
r0004835,post000313,u00096,2025-03-16T22:44:52,like
r0004836,post000296,u00234,2025-03-16T23:01:32,like
r0004837,post000298,u00015,2025-03-16T23:04:54,like
r0004838,post000336,u00349,2025-03-16T23:18:52,celebrate
r0004839,post000294,u00304,2025-03-16T23:26:15,like
r0004840,post000348,u00073,2025-03-16T23:26:40,like
r0004841,post000322,u00032,2025-03-16T23:48:34,like
r0004842,post000327,u00141,2025-03-16T23:50:44,like
r0004843,post000300,u00317,2025-03-17T00:01:36,like
r0004844,post000299,u00267,2025-03-17T00:05:25,like
r0004845,post000340,u00369,2025-03-17T00:05:33,like
r0004846,post000315,u00263,2025-03-17T00:22:43,like
r0004847,post000328,u00150,2025-03-17T00:25:24,like
r0004848,post000325,u00317,2025-03-17T00:27:45,like
r0004849,post000309,u00266,2025-03-17T00:29:07,like
r0004850,post000310,u00159,2025-03-17T00:31:10,celebrate
r0004851,post000310,u00120,2025-03-17T00:34:05,celebrate
r0004852,post000344,u00366,2025-03-17T00:35:43,insightful
r0004853,post000310,u00168,2025-03-17T00:38:20,support
r0004854,post000319,u00212,2025-03-17T00:46:31,like
r0004855,post000298,u00089,2025-03-17T00:46:34,like
r0004856,post000322,u00285,2025-03-17T00:51:13,like
r0004857,post000349,u00046,2025-03-17T00:55:48,celebrate
r0004858,post000294,u00096,2025-03-17T00:58:45,like
r0004859,post000301,u00259,2025-03-17T01:03:40,insightful
r0004860,post000315,u00157,2025-03-17T01:10:58,like
r0004861,post000304,u00080,2025-03-17T01:13:26,insightful
r0004862,post000338,u00281,2025-03-17T01:18:09,like
r0004863,post000294,u00259,2025-03-17T01:32:09,like
r0004864,post000319,u00291,2025-03-17T01:34:32,like
r0004865,post000347,u00256,2025-03-17T01:39:12,like
r0004866,post000330,u00052,2025-03-17T01:55:16,like
r0004867,post000331,u00268,2025-03-17T02:00:29,like
r0004868,post000299,u00285,2025-03-17T02:32:54,insightful
r0004869,post000346,u00317,2025-03-17T02:59:21,like
r0004870,post000340,u00089,2025-03-17T03:21:10,like
r0004871,post000342,u00003,2025-03-17T03:23:52,like
r0004872,post000332,u00089,2025-03-17T03:30:25,insightful
r0004873,post000354,u00127,2025-03-17T03:31:15,like
r0004874,post000317,u00290,2025-03-17T03:33:59,like
r0004875,post000325,u00259,2025-03-17T03:43:01,like
r0004876,post000351,u00212,2025-03-17T03:48:24,celebrate
r0004877,post000317,u00187,2025-03-17T03:50:02,like
r0004878,post000311,u00241,2025-03-17T04:04:22,support
r0004879,post000298,u00006,2025-03-17T04:31:56,like
r0004880,post000317,u00117,2025-03-17T04:43:49,like
r0004881,post000325,u00046,2025-03-17T04:50:22,like
r0004882,post000305,u00193,2025-03-17T04:57:33,insightful
r0004883,post000338,u00317,2025-03-17T04:57:40,like
r0004884,post000313,u00159,2025-03-17T05:07:27,like
r0004885,post000328,u00314,2025-03-17T05:10:16,like
r0004886,post000355,u00159,2025-03-17T05:16:56,like
r0004887,post000337,u00067,2025-03-17T05:18:40,like
r0004888,post000313,u00299,2025-03-17T05:21:30,celebrate
r0004889,post000354,u00185,2025-03-17T05:32:08,like
r0004890,post000299,u00033,2025-03-17T05:36:53,support
r0004891,post000333,u00218,2025-03-17T05:50:45,like
r0004892,post000332,u00236,2025-03-17T05:52:26,like
r0004893,post000334,u00160,2025-03-17T06:06:15,like
r0004894,post000310,u00321,2025-03-17T06:16:06,like
r0004895,post000343,u00224,2025-03-17T06:17:21,insightful
r0004896,post000305,u00117,2025-03-17T06:18:49,like
r0004897,post000305,u00120,2025-03-17T06:22:00,celebrate
r0004898,post000300,u00171,2025-03-17T06:33:58,insightful
r0004899,post000306,u00256,2025-03-17T06:37:27,like
r0004900,post000352,u00274,2025-03-17T06:38:39,support
r0004901,post000309,u00131,2025-03-17T06:46:00,celebrate
r0004902,post000316,u00329,2025-03-17T06:50:05,like
r0004903,post000341,u00250,2025-03-17T07:01:12,like
r0004904,post000334,u00329,2025-03-17T07:04:21,insightful
r0004905,post000351,u00192,2025-03-17T07:08:50,like
r0004906,post000338,u00114,2025-03-17T07:37:28,insightful
r0004907,post000344,u00118,2025-03-17T07:47:06,celebrate
r0004908,post000351,u00265,2025-03-17T07:48:09,like
r0004909,post000322,u00185,2025-03-17T07:49:15,support
r0004910,post000332,u00265,2025-03-17T07:49:44,like
r0004911,post000298,u00160,2025-03-17T07:53:30,like
r0004912,post000307,u00196,2025-03-17T07:53:43,like
r0004913,post000331,u00009,2025-03-17T07:55:23,insightful
r0004914,post000298,u00350,2025-03-17T08:01:44,insightful
r0004915,post000319,u00307,2025-03-17T08:17:43,insightful
r0004916,post000332,u00117,2025-03-17T08:19:37,celebrate
r0004917,post000322,u00048,2025-03-17T08:19:54,like
r0004918,post000305,u00185,2025-03-17T08:23:27,like
r0004919,post000339,u00008,2025-03-17T08:23:32,like
r0004920,post000344,u00167,2025-03-17T08:24:29,insightful
r0004921,post000321,u00395,2025-03-17T08:25:34,insightful
r0004922,post000337,u00094,2025-03-17T08:26:07,like
r0004923,post000319,u00258,2025-03-17T08:30:19,like
r0004924,post000306,u00308,2025-03-17T08:31:33,celebrate
r0004925,post000350,u00069,2025-03-17T08:32:53,like
r0004926,post000311,u00096,2025-03-17T08:33:15,support
r0004927,post000322,u00204,2025-03-17T08:35:52,like
r0004928,post000340,u00205,2025-03-17T08:38:04,like
r0004929,post000326,u00093,2025-03-17T08:38:21,like
r0004930,post000357,u00069,2025-03-17T08:39:12,like
r0004931,post000326,u00308,2025-03-17T08:41:49,like
r0004932,post000337,u00033,2025-03-17T08:46:11,celebrate
r0004933,post000351,u00048,2025-03-17T08:48:26,like
r0004934,post000330,u00128,2025-03-17T08:49:14,insightful
r0004935,post000318,u00013,2025-03-17T08:49:20,like
r0004936,post000349,u00328,2025-03-17T08:50:33,like
r0004937,post000334,u00009,2025-03-17T08:58:11,like
r0004938,post000343,u00188,2025-03-17T08:59:34,like
r0004939,post000322,u00006,2025-03-17T09:01:38,like
r0004940,post000353,u00360,2025-03-17T09:05:16,like
r0004941,post000316,u00021,2025-03-17T09:06:58,like
r0004942,post000350,u00220,2025-03-17T09:09:07,like
r0004943,post000331,u00237,2025-03-17T09:11:07,like
r0004944,post000311,u00031,2025-03-17T09:17:12,like
r0004945,post000312,u00160,2025-03-17T09:17:42,like
r0004946,post000318,u00064,2025-03-17T09:22:31,like
r0004947,post000327,u00168,2025-03-17T09:24:01,like
r0004948,post000333,u00131,2025-03-17T09:24:53,support
r0004949,post000332,u00080,2025-03-17T09:27:37,like
r0004950,post000325,u00193,2025-03-17T09:28:18,like
r0004951,post000306,u00117,2025-03-17T09:36:28,like
r0004952,post000311,u00128,2025-03-17T09:36:46,like
r0004953,post000350,u00185,2025-03-17T09:36:49,like
r0004954,post000329,u00093,2025-03-17T09:38:58,like
r0004955,post000317,u00350,2025-03-17T09:39:43,like
r0004956,post000343,u00192,2025-03-17T09:43:12,celebrate
r0004957,post000321,u00112,2025-03-17T09:43:40,like
r0004958,post000337,u00329,2025-03-17T09:44:21,like
r0004959,post000323,u00337,2025-03-17T09:44:52,celebrate
r0004960,post000331,u00031,2025-03-17T09:46:47,support
r0004961,post000303,u00031,2025-03-17T09:48:46,celebrate
r0004962,post000308,u00301,2025-03-17T09:48:57,like
r0004963,post000356,u00163,2025-03-17T09:49:33,like
r0004964,post000337,u00112,2025-03-17T09:51:24,celebrate
r0004965,post000331,u00074,2025-03-17T09:54:40,like
r0004966,post000347,u00128,2025-03-17T09:55:27,like
r0004967,post000304,u00267,2025-03-17T09:56:19,celebrate
r0004968,post000346,u00259,2025-03-17T10:02:54,like
r0004969,post000329,u00395,2025-03-17T10:06:02,support
r0004970,post000300,u00338,2025-03-17T10:06:40,insightful
r0004971,post000333,u00114,2025-03-17T10:07:26,like
r0004972,post000335,u00023,2025-03-17T10:07:34,celebrate
r0004973,post000333,u00014,2025-03-17T10:09:05,celebrate
r0004974,post000316,u00350,2025-03-17T10:11:43,like
r0004975,post000333,u00188,2025-03-17T10:12:13,like
r0004976,post000318,u00268,2025-03-17T10:15:13,support
r0004977,post000306,u00252,2025-03-17T10:18:29,like
r0004978,post000358,u00336,2025-03-17T10:24:29,like
r0004979,post000313,u00352,2025-03-17T10:25:04,insightful
r0004980,post000300,u00020,2025-03-17T10:27:18,like
r0004981,post000355,u00175,2025-03-17T10:29:33,support
r0004982,post000304,u00185,2025-03-17T10:31:57,celebrate
r0004983,post000358,u00315,2025-03-17T10:32:23,support
r0004984,post000336,u00003,2025-03-17T10:35:05,like
r0004985,post000326,u00106,2025-03-17T10:40:14,like
r0004986,post000358,u00022,2025-03-17T10:41:33,like
r0004987,post000317,u00201,2025-03-17T10:45:24,like
r0004988,post000305,u00329,2025-03-17T10:46:32,like
r0004989,post000352,u00164,2025-03-17T10:47:17,insightful
r0004990,post000313,u00011,2025-03-17T10:50:44,like
r0004991,post000303,u00096,2025-03-17T10:51:09,support
r0004992,post000326,u00240,2025-03-17T10:51:26,like
r0004993,post000334,u00370,2025-03-17T10:51:39,like
r0004994,post000341,u00305,2025-03-17T10:56:02,like
r0004995,post000322,u00067,2025-03-17T10:57:00,like
r0004996,post000342,u00263,2025-03-17T10:58:08,support
r0004997,post000359,u00102,2025-03-17T10:58:54,celebrate
r0004998,post000337,u00329,2025-03-17T11:01:42,like
r0004999,post000357,u00020,2025-03-17T11:04:41,support
r0005000,post000360,u00240,2025-03-17T11:17:04,celebrate
r0005001,post000360,u00185,2025-03-17T11:22:38,like
r0005002,post000336,u00094,2025-03-17T11:24:08,like
r0005003,post000316,u00250,2025-03-17T11:24:54,like
r0005004,post000321,u00308,2025-03-17T11:29:09,insightful
r0005005,post000311,u00383,2025-03-17T11:30:20,like
r0005006,post000340,u00011,2025-03-17T11:31:01,like
r0005007,post000356,u00069,2025-03-17T11:32:59,like
r0005008,post000356,u00359,2025-03-17T11:36:25,like
r0005009,post000331,u00013,2025-03-17T11:36:47,like
r0005010,post000326,u00263,2025-03-17T11:37:19,like
r0005011,post000306,u00268,2025-03-17T11:41:18,celebrate
r0005012,post000330,u00031,2025-03-17T11:44:10,like
r0005013,post000327,u00223,2025-03-17T11:46:41,like
r0005014,post000346,u00266,2025-03-17T11:50:27,like
r0005015,post000304,u00314,2025-03-17T11:51:49,celebrate
r0005016,post000353,u00235,2025-03-17T11:52:49,like
r0005017,post000312,u00240,2025-03-17T11:54:51,like
r0005018,post000343,u00128,2025-03-17T11:54:53,like
r0005019,post000316,u00370,2025-03-17T11:56:22,like
r0005020,post000345,u00359,2025-03-17T11:56:31,like
r0005021,post000324,u00262,2025-03-17T11:56:31,like
r0005022,post000323,u00314,2025-03-17T11:57:48,like
r0005023,post000325,u00188,2025-03-17T11:57:53,support
r0005024,post000312,u00117,2025-03-17T12:01:09,like
r0005025,post000305,u00291,2025-03-17T12:03:34,support
r0005026,post000324,u00301,2025-03-17T12:04:49,like
r0005027,post000307,u00006,2025-03-17T12:07:59,like
r0005028,post000332,u00186,2025-03-17T12:11:16,like
r0005029,post000319,u00050,2025-03-17T12:20:30,like
r0005030,post000351,u00313,2025-03-17T12:21:42,like
r0005031,post000338,u00066,2025-03-17T12:22:49,like
r0005032,post000338,u00121,2025-03-17T12:27:43,like
r0005033,post000306,u00117,2025-03-17T12:31:43,like
r0005034,post000359,u00006,2025-03-17T12:31:58,like
r0005035,post000333,u00069,2025-03-17T12:34:18,like
r0005036,post000302,u00096,2025-03-17T12:34:24,like
r0005037,post000302,u00272,2025-03-17T12:34:56,like
r0005038,post000306,u00112,2025-03-17T12:35:36,celebrate
r0005039,post000339,u00103,2025-03-17T12:36:48,insightful
r0005040,post000353,u00012,2025-03-17T12:48:10,like
r0005041,post000324,u00350,2025-03-17T12:48:43,like
r0005042,post000352,u00204,2025-03-17T12:51:42,like
r0005043,post000360,u00125,2025-03-17T12:53:01,like
r0005044,post000307,u00317,2025-03-17T12:54:03,insightful
r0005045,post000347,u00253,2025-03-17T12:58:13,support
r0005046,post000352,u00235,2025-03-17T13:03:16,like
r0005047,post000304,u00258,2025-03-17T13:03:41,like
r0005048,post000316,u00204,2025-03-17T13:05:32,support
r0005049,post000324,u00274,2025-03-17T13:08:49,like
r0005050,post000311,u00127,2025-03-17T13:10:38,like
r0005051,post000349,u00006,2025-03-17T13:11:03,like
r0005052,post000312,u00339,2025-03-17T13:12:51,like
r0005053,post000324,u00306,2025-03-17T13:13:23,support
r0005054,post000325,u00188,2025-03-17T13:17:03,like
r0005055,post000322,u00313,2025-03-17T13:23:22,like
r0005056,post000338,u00281,2025-03-17T13:24:29,celebrate
r0005057,post000308,u00348,2025-03-17T13:27:50,insightful
r0005058,post000358,u00329,2025-03-17T13:29:05,like
r0005059,post000358,u00348,2025-03-17T13:29:38,support
r0005060,post000317,u00000,2025-03-17T13:31:40,like
r0005061,post000339,u00329,2025-03-17T13:31:47,like
r0005062,post000353,u00089,2025-03-17T13:31:56,like
r0005063,post000357,u00308,2025-03-17T13:39:32,like
r0005064,post000304,u00021,2025-03-17T13:41:50,support
r0005065,post000332,u00094,2025-03-17T13:44:50,celebrate
r0005066,post000357,u00127,2025-03-17T13:47:25,celebrate
r0005067,post000309,u00094,2025-03-17T13:49:56,like
r0005068,post000310,u00145,2025-03-17T13:51:53,like
r0005069,post000345,u00117,2025-03-17T13:56:08,like
r0005070,post000321,u00308,2025-03-17T13:56:16,like
r0005071,post000329,u00187,2025-03-17T13:59:25,like
r0005072,post000316,u00185,2025-03-17T14:05:54,like
r0005073,post000309,u00291,2025-03-17T14:07:54,celebrate
r0005074,post000335,u00117,2025-03-17T14:10:34,celebrate
r0005075,post000358,u00259,2025-03-17T14:11:54,insightful
r0005076,post000353,u00117,2025-03-17T14:15:29,like
r0005077,post000304,u00071,2025-03-17T14:16:04,like
r0005078,post000339,u00089,2025-03-17T14:17:25,like
r0005079,post000341,u00291,2025-03-17T14:24:52,support
r0005080,post000344,u00348,2025-03-17T14:25:49,like
r0005081,post000347,u00332,2025-03-17T14:26:00,like
r0005082,post000344,u00162,2025-03-17T14:33:37,support
r0005083,post000362,u00150,2025-03-17T14:39:56,celebrate
r0005084,post000346,u00291,2025-03-17T14:48:56,celebrate
r0005085,post000313,u00226,2025-03-17T14:52:52,like
r0005086,post000344,u00064,2025-03-17T14:53:41,like
r0005087,post000335,u00196,2025-03-17T15:03:24,like
r0005088,post000355,u00308,2025-03-17T15:08:30,like
r0005089,post000325,u00093,2025-03-17T15:09:30,support
r0005090,post000336,u00094,2025-03-17T15:21:41,like
r0005091,post000305,u00172,2025-03-17T15:23:53,support
r0005092,post000315,u00205,2025-03-17T15:23:58,like
r0005093,post000334,u00192,2025-03-17T15:25:49,like
r0005094,post000362,u00102,2025-03-17T15:26:13,like
r0005095,post000332,u00209,2025-03-17T15:26:47,like
r0005096,post000325,u00089,2025-03-17T15:28:27,like
r0005097,post000323,u00272,2025-03-17T15:29:43,like
r0005098,post000313,u00290,2025-03-17T15:31:43,insightful
r0005099,post000322,u00155,2025-03-17T15:36:05,insightful
r0005100,post000353,u00213,2025-03-17T15:46:14,insightful
r0005101,post000315,u00127,2025-03-17T15:47:02,celebrate
r0005102,post000349,u00020,2025-03-17T15:50:31,like
r0005103,post000338,u00074,2025-03-17T15:50:36,like
r0005104,post000362,u00196,2025-03-17T15:53:36,like
r0005105,post000348,u00193,2025-03-17T15:53:52,like
r0005106,post000320,u00352,2025-03-17T15:54:30,like
r0005107,post000344,u00348,2025-03-17T15:55:41,celebrate
r0005108,post000332,u00069,2025-03-17T15:55:43,celebrate
r0005109,post000334,u00037,2025-03-17T15:56:47,like
r0005110,post000306,u00265,2025-03-17T15:57:12,support
r0005111,post000310,u00282,2025-03-17T16:02:48,like
r0005112,post000319,u00170,2025-03-17T16:03:55,insightful
r0005113,post000332,u00055,2025-03-17T16:04:31,like
r0005114,post000326,u00352,2025-03-17T16:06:17,like
r0005115,post000358,u00218,2025-03-17T16:06:42,insightful
r0005116,post000306,u00241,2025-03-17T16:07:20,celebrate
r0005117,post000326,u00170,2025-03-17T16:07:38,like
r0005118,post000322,u00272,2025-03-17T16:07:51,celebrate
r0005119,post000338,u00329,2025-03-17T16:07:56,insightful
r0005120,post000348,u00378,2025-03-17T16:14:46,like
r0005121,post000339,u00031,2025-03-17T16:15:46,like
r0005122,post000315,u00365,2025-03-17T16:16:32,insightful
r0005123,post000318,u00281,2025-03-17T16:17:19,celebrate
r0005124,post000339,u00071,2025-03-17T16:22:40,like
r0005125,post000335,u00089,2025-03-17T16:27:17,like
r0005126,post000336,u00094,2025-03-17T16:27:51,like
r0005127,post000362,u00168,2025-03-17T16:29:22,like
r0005128,post000341,u00117,2025-03-17T16:34:14,like
r0005129,post000351,u00112,2025-03-17T16:37:14,like
r0005130,post000346,u00350,2025-03-17T16:38:48,like
r0005131,post000347,u00011,2025-03-17T16:40:53,like
r0005132,post000308,u00120,2025-03-17T16:44:40,like
r0005133,post000356,u00203,2025-03-17T16:53:30,insightful
r0005134,post000318,u00301,2025-03-17T16:54:43,like
r0005135,post000362,u00062,2025-03-17T16:57:40,like
r0005136,post000310,u00265,2025-03-17T16:59:18,like
r0005137,post000337,u00209,2025-03-17T17:05:33,like
r0005138,post000353,u00357,2025-03-17T17:10:04,celebrate
r0005139,post000325,u00094,2025-03-17T17:15:56,like
r0005140,post000337,u00120,2025-03-17T17:23:53,like
r0005141,post000364,u00326,2025-03-17T17:31:44,insightful
r0005142,post000329,u00163,2025-03-17T17:32:57,like
r0005143,post000342,u00125,2025-03-17T17:36:50,support
r0005144,post000343,u00154,2025-03-17T17:39:12,like
r0005145,post000330,u00034,2025-03-17T17:39:28,like
r0005146,post000316,u00159,2025-03-17T17:44:57,insightful
r0005147,post000355,u00006,2025-03-17T17:46:58,like
r0005148,post000315,u00118,2025-03-17T17:50:44,like
r0005149,post000314,u00339,2025-03-17T17:55:23,like
r0005150,post000310,u00370,2025-03-17T18:01:59,like
r0005151,post000319,u00053,2025-03-17T18:08:17,celebrate
r0005152,post000343,u00282,2025-03-17T18:11:18,like
r0005153,post000316,u00037,2025-03-17T18:15:32,insightful
r0005154,post000341,u00370,2025-03-17T18:20:27,celebrate
r0005155,post000366,u00006,2025-03-17T18:24:09,celebrate
r0005156,post000336,u00272,2025-03-17T18:34:03,like
r0005157,post000325,u00203,2025-03-17T18:36:09,support
r0005158,post000316,u00267,2025-03-17T18:37:35,like
r0005159,post000319,u00163,2025-03-17T18:37:48,celebrate
r0005160,post000366,u00052,2025-03-17T18:44:55,like
r0005161,post000333,u00178,2025-03-17T18:48:18,like
r0005162,post000366,u00314,2025-03-17T18:56:59,like
r0005163,post000308,u00265,2025-03-17T19:16:23,support
r0005164,post000347,u00339,2025-03-17T19:19:07,support
r0005165,post000323,u00148,2025-03-17T19:32:17,like
r0005166,post000318,u00308,2025-03-17T19:42:18,like
r0005167,post000321,u00025,2025-03-17T19:45:43,like
r0005168,post000313,u00021,2025-03-17T19:46:54,insightful
r0005169,post000344,u00188,2025-03-17T19:51:29,insightful
r0005170,post000320,u00089,2025-03-17T19:54:41,support
r0005171,post000334,u00263,2025-03-17T20:07:02,like
r0005172,post000344,u00329,2025-03-17T20:09:23,like
r0005173,post000334,u00354,2025-03-17T20:10:37,like
r0005174,post000363,u00168,2025-03-17T20:22:13,like
r0005175,post000361,u00055,2025-03-17T20:22:19,like
r0005176,post000348,u00271,2025-03-17T20:25:28,like
r0005177,post000344,u00237,2025-03-17T20:27:15,like
r0005178,post000314,u00283,2025-03-17T20:38:22,like
r0005179,post000342,u00096,2025-03-17T20:45:27,like
r0005180,post000357,u00325,2025-03-17T20:55:11,like
r0005181,post000343,u00096,2025-03-17T20:59:37,like
r0005182,post000357,u00337,2025-03-17T21:04:34,insightful
r0005183,post000338,u00256,2025-03-17T21:13:19,like
r0005184,post000324,u00317,2025-03-17T21:28:06,like
r0005185,post000312,u00349,2025-03-17T21:29:02,like
r0005186,post000322,u00094,2025-03-17T21:37:12,like
r0005187,post000342,u00120,2025-03-17T21:37:17,celebrate
r0005188,post000349,u00337,2025-03-17T21:47:46,like
r0005189,post000331,u00308,2025-03-17T21:56:22,like
r0005190,post000334,u00215,2025-03-17T21:57:11,like
r0005191,post000344,u00348,2025-03-17T22:07:08,insightful
r0005192,post000317,u00321,2025-03-17T22:10:10,insightful
r0005193,post000360,u00192,2025-03-17T22:10:41,support
r0005194,post000328,u00157,2025-03-17T22:14:14,insightful
r0005195,post000354,u00264,2025-03-17T22:16:54,like
r0005196,post000342,u00357,2025-03-17T22:27:39,support
r0005197,post000362,u00089,2025-03-17T22:34:43,like
r0005198,post000339,u00329,2025-03-17T22:55:17,support
r0005199,post000359,u00192,2025-03-17T22:56:25,like
r0005200,post000337,u00310,2025-03-17T23:14:23,like
r0005201,post000335,u00290,2025-03-17T23:17:35,insightful
r0005202,post000334,u00290,2025-03-17T23:30:39,like
r0005203,post000329,u00033,2025-03-17T23:30:49,like
r0005204,post000342,u00317,2025-03-17T23:36:58,like
r0005205,post000344,u00053,2025-03-17T23:41:46,celebrate
r0005206,post000319,u00125,2025-03-17T23:44:51,like
r0005207,post000353,u00265,2025-03-17T23:48:08,like
r0005208,post000365,u00003,2025-03-17T23:54:35,like
r0005209,post000365,u00393,2025-03-17T23:56:31,like
r0005210,post000339,u00352,2025-03-18T00:15:31,support
r0005211,post000361,u00187,2025-03-18T00:19:08,like
r0005212,post000351,u00173,2025-03-18T00:21:14,like
r0005213,post000336,u00221,2025-03-18T00:30:29,like
r0005214,post000354,u00153,2025-03-18T00:47:02,like
r0005215,post000318,u00267,2025-03-18T00:53:05,support
r0005216,post000338,u00039,2025-03-18T00:58:22,like
r0005217,post000344,u00395,2025-03-18T00:59:12,like
r0005218,post000345,u00235,2025-03-18T01:02:02,like
r0005219,post000331,u00129,2025-03-18T01:03:01,like
r0005220,post000368,u00221,2025-03-18T01:11:18,like
r0005221,post000356,u00274,2025-03-18T01:29:30,like
r0005222,post000336,u00006,2025-03-18T01:36:28,like
r0005223,post000351,u00360,2025-03-18T01:37:16,like
r0005224,post000341,u00101,2025-03-18T01:43:02,insightful
r0005225,post000315,u00156,2025-03-18T01:45:38,like
r0005226,post000360,u00329,2025-03-18T01:51:15,like
r0005227,post000350,u00129,2025-03-18T01:51:42,like
r0005228,post000351,u00341,2025-03-18T01:51:47,like
r0005229,post000367,u00097,2025-03-18T01:53:17,like
r0005230,post000331,u00108,2025-03-18T02:11:26,like
r0005231,post000368,u00272,2025-03-18T02:18:12,like
r0005232,post000332,u00397,2025-03-18T02:19:53,insightful
r0005233,post000361,u00213,2025-03-18T02:23:42,like
r0005234,post000354,u00256,2025-03-18T02:23:59,like
r0005235,post000326,u00317,2025-03-18T02:43:27,like
r0005236,post000349,u00120,2025-03-18T02:46:52,insightful
r0005237,post000364,u00204,2025-03-18T02:51:22,insightful
r0005238,post000319,u00129,2025-03-18T02:51:29,like
r0005239,post000354,u00313,2025-03-18T03:00:09,like
r0005240,post000365,u00156,2025-03-18T03:14:36,support
r0005241,post000356,u00033,2025-03-18T03:30:40,support
r0005242,post000319,u00395,2025-03-18T03:31:23,celebrate
r0005243,post000366,u00192,2025-03-18T03:37:23,support
r0005244,post000317,u00226,2025-03-18T03:51:09,like
r0005245,post000321,u00272,2025-03-18T03:51:18,like
r0005246,post000349,u00188,2025-03-18T03:53:49,insightful
r0005247,post000327,u00087,2025-03-18T03:54:08,like
r0005248,post000349,u00326,2025-03-18T04:00:47,like
r0005249,post000342,u00339,2025-03-18T04:05:35,like
r0005250,post000369,u00159,2025-03-18T04:12:13,like
r0005251,post000354,u00301,2025-03-18T04:17:18,celebrate
r0005252,post000343,u00256,2025-03-18T04:18:25,like
r0005253,post000362,u00376,2025-03-18T04:18:26,like
r0005254,post000344,u00035,2025-03-18T04:32:20,like
r0005255,post000372,u00209,2025-03-18T04:35:22,like
r0005256,post000369,u00074,2025-03-18T04:42:23,like
r0005257,post000329,u00209,2025-03-18T04:44:37,celebrate
r0005258,post000370,u00371,2025-03-18T04:49:17,like
r0005259,post000358,u00011,2025-03-18T04:52:06,like
r0005260,post000353,u00090,2025-03-18T04:52:27,support
r0005261,post000357,u00325,2025-03-18T04:56:58,like
r0005262,post000349,u00080,2025-03-18T04:59:03,like
r0005263,post000359,u00210,2025-03-18T04:59:51,like
r0005264,post000372,u00192,2025-03-18T05:00:57,like
r0005265,post000347,u00008,2025-03-18T05:01:41,like
r0005266,post000359,u00033,2025-03-18T05:03:45,insightful
r0005267,post000320,u00399,2025-03-18T05:07:15,like
r0005268,post000374,u00190,2025-03-18T05:07:51,like
r0005269,post000349,u00326,2025-03-18T05:23:13,like
r0005270,post000356,u00271,2025-03-18T05:23:45,like
r0005271,post000336,u00276,2025-03-18T05:26:30,celebrate
r0005272,post000337,u00064,2025-03-18T05:26:48,insightful
r0005273,post000323,u00174,2025-03-18T05:33:36,like
r0005274,post000350,u00174,2025-03-18T05:38:32,insightful
r0005275,post000370,u00325,2025-03-18T05:39:52,like
r0005276,post000352,u00271,2025-03-18T05:40:57,like
r0005277,post000318,u00187,2025-03-18T05:43:23,like
r0005278,post000374,u00037,2025-03-18T05:47:32,celebrate
r0005279,post000368,u00211,2025-03-18T06:07:03,like
r0005280,post000319,u00210,2025-03-18T06:09:20,like
r0005281,post000341,u00235,2025-03-18T06:10:36,insightful
r0005282,post000368,u00127,2025-03-18T06:17:30,like
r0005283,post000344,u00237,2025-03-18T06:30:29,like
r0005284,post000319,u00274,2025-03-18T06:35:10,like
r0005285,post000356,u00281,2025-03-18T06:38:17,support
r0005286,post000343,u00329,2025-03-18T06:38:55,celebrate
r0005287,post000327,u00240,2025-03-18T06:46:46,like
r0005288,post000356,u00159,2025-03-18T06:51:53,like
r0005289,post000369,u00089,2025-03-18T07:03:13,like
r0005290,post000319,u00065,2025-03-18T07:18:18,celebrate
r0005291,post000325,u00308,2025-03-18T07:35:07,like
r0005292,post000346,u00048,2025-03-18T07:35:11,insightful
r0005293,post000368,u00061,2025-03-18T07:35:55,like
r0005294,post000320,u00071,2025-03-18T07:37:45,like
r0005295,post000374,u00080,2025-03-18T07:40:46,like
r0005296,post000357,u00046,2025-03-18T07:41:27,like
r0005297,post000321,u00128,2025-03-18T07:41:33,like
r0005298,post000361,u00281,2025-03-18T07:41:46,insightful
r0005299,post000370,u00089,2025-03-18T07:45:49,like
r0005300,post000334,u00127,2025-03-18T07:46:07,like
r0005301,post000363,u00031,2025-03-18T07:51:39,like
r0005302,post000360,u00237,2025-03-18T07:55:08,support
r0005303,post000335,u00168,2025-03-18T07:55:53,celebrate
r0005304,post000361,u00255,2025-03-18T07:56:05,like
r0005305,post000351,u00185,2025-03-18T08:00:50,like
r0005306,post000369,u00048,2025-03-18T08:05:11,like
r0005307,post000378,u00281,2025-03-18T08:05:23,celebrate
r0005308,post000351,u00172,2025-03-18T08:05:36,insightful
r0005309,post000360,u00236,2025-03-18T08:10:07,support
r0005310,post000335,u00245,2025-03-18T08:12:12,like
r0005311,post000322,u00030,2025-03-18T08:12:18,like
r0005312,post000329,u00159,2025-03-18T08:17:15,insightful
r0005313,post000356,u00341,2025-03-18T08:18:40,like
r0005314,post000333,u00031,2025-03-18T08:27:28,like
r0005315,post000367,u00272,2025-03-18T08:28:22,like
r0005316,post000354,u00112,2025-03-18T08:30:26,like
r0005317,post000331,u00205,2025-03-18T08:30:52,like
r0005318,post000357,u00215,2025-03-18T08:31:52,like
r0005319,post000339,u00265,2025-03-18T08:32:13,like
r0005320,post000361,u00260,2025-03-18T08:32:25,celebrate
r0005321,post000348,u00006,2025-03-18T08:33:47,support
r0005322,post000376,u00263,2025-03-18T08:34:34,like
r0005323,post000339,u00023,2025-03-18T08:34:41,like
r0005324,post000377,u00256,2025-03-18T08:36:17,like
r0005325,post000378,u00272,2025-03-18T08:38:43,insightful
r0005326,post000329,u00006,2025-03-18T08:39:22,like
r0005327,post000353,u00344,2025-03-18T08:41:06,like
r0005328,post000377,u00234,2025-03-18T08:42:00,like
r0005329,post000360,u00240,2025-03-18T08:42:52,celebrate
r0005330,post000361,u00101,2025-03-18T08:45:28,insightful
r0005331,post000355,u00225,2025-03-18T08:45:46,like
r0005332,post000346,u00129,2025-03-18T08:46:51,like
r0005333,post000367,u00011,2025-03-18T08:46:58,celebrate
r0005334,post000359,u00112,2025-03-18T08:47:10,like
r0005335,post000355,u00089,2025-03-18T08:48:43,like
r0005336,post000363,u00382,2025-03-18T08:49:56,like
r0005337,post000352,u00371,2025-03-18T08:51:12,celebrate
r0005338,post000328,u00071,2025-03-18T08:53:10,support
r0005339,post000353,u00301,2025-03-18T08:55:38,like
r0005340,post000362,u00071,2025-03-18T09:02:01,support
r0005341,post000373,u00160,2025-03-18T09:03:51,like
r0005342,post000350,u00254,2025-03-18T09:05:31,like
r0005343,post000373,u00004,2025-03-18T09:07:05,like
r0005344,post000343,u00048,2025-03-18T09:11:36,like
r0005345,post000346,u00280,2025-03-18T09:12:16,like
r0005346,post000361,u00187,2025-03-18T09:12:21,like
r0005347,post000329,u00328,2025-03-18T09:12:41,like
r0005348,post000372,u00340,2025-03-18T09:12:57,like
r0005349,post000369,u00197,2025-03-18T09:14:05,like
r0005350,post000364,u00033,2025-03-18T09:14:51,like
r0005351,post000362,u00329,2025-03-18T09:15:07,like
r0005352,post000367,u00127,2025-03-18T09:15:31,like
r0005353,post000356,u00128,2025-03-18T09:16:44,like
r0005354,post000341,u00265,2025-03-18T09:19:54,insightful
r0005355,post000345,u00129,2025-03-18T09:21:32,like
r0005356,post000366,u00221,2025-03-18T09:22:57,insightful
r0005357,post000352,u00246,2025-03-18T09:23:48,like
r0005358,post000358,u00006,2025-03-18T09:26:34,like
r0005359,post000340,u00185,2025-03-18T09:29:56,celebrate
r0005360,post000365,u00024,2025-03-18T09:31:59,like
r0005361,post000365,u00168,2025-03-18T09:33:53,like
r0005362,post000332,u00240,2025-03-18T09:33:59,like
r0005363,post000357,u00237,2025-03-18T09:39:15,insightful
r0005364,post000366,u00337,2025-03-18T09:40:29,like
r0005365,post000327,u00308,2025-03-18T09:44:42,celebrate
r0005366,post000331,u00174,2025-03-18T09:45:54,celebrate
r0005367,post000333,u00374,2025-03-18T09:48:58,celebrate
r0005368,post000374,u00063,2025-03-18T09:50:27,insightful
r0005369,post000359,u00197,2025-03-18T09:52:06,insightful
r0005370,post000325,u00274,2025-03-18T09:52:18,support
r0005371,post000330,u00006,2025-03-18T09:52:40,like
r0005372,post000328,u00006,2025-03-18T09:52:53,insightful
r0005373,post000341,u00251,2025-03-18T09:54:30,like
r0005374,post000341,u00099,2025-03-18T09:54:43,like
r0005375,post000374,u00306,2025-03-18T09:57:21,like
r0005376,post000354,u00211,2025-03-18T09:58:32,insightful
r0005377,post000344,u00178,2025-03-18T09:58:40,like
r0005378,post000366,u00308,2025-03-18T09:58:49,support
r0005379,post000348,u00351,2025-03-18T10:03:06,insightful
r0005380,post000334,u00106,2025-03-18T10:05:45,like
r0005381,post000382,u00174,2025-03-18T10:07:14,insightful
r0005382,post000348,u00174,2025-03-18T10:09:22,support
r0005383,post000329,u00031,2025-03-18T10:11:04,like
r0005384,post000370,u00048,2025-03-18T10:11:54,like
r0005385,post000364,u00265,2025-03-18T10:13:34,support
r0005386,post000339,u00085,2025-03-18T10:15:42,like
r0005387,post000332,u00256,2025-03-18T10:16:25,like
r0005388,post000341,u00247,2025-03-18T10:16:30,like
r0005389,post000384,u00065,2025-03-18T10:19:23,like
r0005390,post000379,u00260,2025-03-18T10:20:26,support
r0005391,post000383,u00067,2025-03-18T10:21:54,like
r0005392,post000374,u00315,2025-03-18T10:25:16,like
r0005393,post000346,u00380,2025-03-18T10:27:33,like
r0005394,post000366,u00383,2025-03-18T10:27:36,like
r0005395,post000367,u00037,2025-03-18T10:28:32,insightful
r0005396,post000363,u00031,2025-03-18T10:29:33,like
r0005397,post000376,u00065,2025-03-18T10:29:52,celebrate
r0005398,post000349,u00352,2025-03-18T10:30:18,like
r0005399,post000371,u00103,2025-03-18T10:30:21,like
r0005400,post000330,u00033,2025-03-18T10:31:19,support
r0005401,post000358,u00129,2025-03-18T10:34:24,like
r0005402,post000358,u00341,2025-03-18T10:34:50,like
r0005403,post000354,u00234,2025-03-18T10:35:29,like
r0005404,post000362,u00317,2025-03-18T10:36:30,like
r0005405,post000375,u00351,2025-03-18T10:37:02,like
r0005406,post000381,u00329,2025-03-18T10:40:25,like
r0005407,post000349,u00174,2025-03-18T10:42:23,insightful
r0005408,post000338,u00033,2025-03-18T10:43:33,like
r0005409,post000351,u00168,2025-03-18T10:46:12,like
r0005410,post000345,u00205,2025-03-18T10:47:37,like
r0005411,post000373,u00090,2025-03-18T10:55:01,like
r0005412,post000361,u00098,2025-03-18T10:55:46,like
r0005413,post000342,u00308,2025-03-18T10:59:05,like
r0005414,post000340,u00265,2025-03-18T11:00:48,like
r0005415,post000366,u00040,2025-03-18T11:00:50,like
r0005416,post000350,u00246,2025-03-18T11:02:42,like
r0005417,post000347,u00390,2025-03-18T11:03:55,like
r0005418,post000348,u00128,2025-03-18T11:05:45,celebrate
r0005419,post000382,u00129,2025-03-18T11:08:42,like
r0005420,post000349,u00251,2025-03-18T11:08:51,like
r0005421,post000380,u00004,2025-03-18T11:11:49,celebrate
r0005422,post000364,u00114,2025-03-18T11:16:23,like
r0005423,post000383,u00028,2025-03-18T11:18:51,like
r0005424,post000346,u00065,2025-03-18T11:20:53,insightful
r0005425,post000353,u00308,2025-03-18T11:21:05,insightful
r0005426,post000382,u00362,2025-03-18T11:21:49,like
r0005427,post000368,u00221,2025-03-18T11:26:19,like
r0005428,post000373,u00039,2025-03-18T11:28:28,celebrate
r0005429,post000368,u00067,2025-03-18T11:28:36,like
r0005430,post000378,u00255,2025-03-18T11:32:34,celebrate
r0005431,post000338,u00358,2025-03-18T11:32:34,like
r0005432,post000326,u00205,2025-03-18T11:33:40,like
r0005433,post000335,u00048,2025-03-18T11:33:40,like
r0005434,post000347,u00376,2025-03-18T11:33:53,like
r0005435,post000360,u00090,2025-03-18T11:34:30,like
r0005436,post000331,u00059,2025-03-18T11:34:31,like
r0005437,post000368,u00225,2025-03-18T11:38:06,celebrate
r0005438,post000333,u00203,2025-03-18T11:39:18,like
r0005439,post000361,u00325,2025-03-18T11:40:24,insightful
r0005440,post000379,u00185,2025-03-18T11:41:59,celebrate
r0005441,post000343,u00268,2025-03-18T11:44:57,support
r0005442,post000378,u00120,2025-03-18T11:46:27,like
r0005443,post000332,u00003,2025-03-18T11:47:59,like
r0005444,post000339,u00260,2025-03-18T11:49:33,like
r0005445,post000330,u00101,2025-03-18T11:52:26,like
r0005446,post000334,u00035,2025-03-18T11:53:08,like
r0005447,post000359,u00112,2025-03-18T12:03:12,insightful
r0005448,post000374,u00011,2025-03-18T12:10:01,support
r0005449,post000336,u00397,2025-03-18T12:10:27,like
r0005450,post000386,u00267,2025-03-18T12:13:50,like
r0005451,post000374,u00399,2025-03-18T12:14:35,like
r0005452,post000339,u00362,2025-03-18T12:15:27,celebrate
r0005453,post000378,u00231,2025-03-18T12:16:46,celebrate
r0005454,post000335,u00380,2025-03-18T12:20:07,like
r0005455,post000334,u00359,2025-03-18T12:23:41,like
r0005456,post000343,u00329,2025-03-18T12:23:56,like
r0005457,post000356,u00014,2025-03-18T12:29:31,like
r0005458,post000382,u00352,2025-03-18T12:29:53,insightful
r0005459,post000346,u00240,2025-03-18T12:31:37,like
r0005460,post000356,u00121,2025-03-18T12:37:35,like
r0005461,post000329,u00063,2025-03-18T12:38:26,like
r0005462,post000340,u00160,2025-03-18T12:40:47,like
r0005463,post000374,u00037,2025-03-18T12:42:04,support
r0005464,post000360,u00067,2025-03-18T12:42:41,like
r0005465,post000347,u00246,2025-03-18T12:43:00,support
r0005466,post000371,u00035,2025-03-18T12:44:05,like
r0005467,post000348,u00359,2025-03-18T12:53:08,like
r0005468,post000369,u00163,2025-03-18T12:53:40,like
r0005469,post000369,u00185,2025-03-18T12:54:15,like
r0005470,post000331,u00339,2025-03-18T12:55:06,insightful
r0005471,post000367,u00268,2025-03-18T12:55:59,like
r0005472,post000329,u00281,2025-03-18T12:56:20,like
r0005473,post000344,u00362,2025-03-18T12:59:40,insightful
r0005474,post000385,u00393,2025-03-18T12:59:45,like
r0005475,post000343,u00329,2025-03-18T13:00:50,like
r0005476,post000383,u00006,2025-03-18T13:04:28,like
r0005477,post000344,u00306,2025-03-18T13:04:48,like
r0005478,post000340,u00037,2025-03-18T13:08:18,insightful
r0005479,post000380,u00379,2025-03-18T13:08:23,insightful
r0005480,post000370,u00337,2025-03-18T13:11:34,like
r0005481,post000373,u00112,2025-03-18T13:11:40,like
r0005482,post000342,u00383,2025-03-18T13:21:51,like
r0005483,post000380,u00018,2025-03-18T13:22:17,like
r0005484,post000377,u00277,2025-03-18T13:23:19,like
r0005485,post000340,u00352,2025-03-18T13:24:18,like
r0005486,post000332,u00035,2025-03-18T13:26:45,like
r0005487,post000340,u00277,2025-03-18T13:27:16,like
r0005488,post000375,u00156,2025-03-18T13:34:00,like
r0005489,post000374,u00329,2025-03-18T13:34:33,like
r0005490,post000341,u00272,2025-03-18T13:35:20,like
r0005491,post000374,u00172,2025-03-18T13:44:05,like
r0005492,post000370,u00082,2025-03-18T13:44:30,like
r0005493,post000362,u00190,2025-03-18T13:46:54,like
r0005494,post000335,u00171,2025-03-18T13:48:45,support
r0005495,post000377,u00174,2025-03-18T13:50:55,support
r0005496,post000388,u00300,2025-03-18T13:53:28,like
r0005497,post000356,u00039,2025-03-18T13:54:18,like
r0005498,post000371,u00152,2025-03-18T13:55:17,like
r0005499,post000371,u00366,2025-03-18T13:57:58,like
r0005500,post000368,u00362,2025-03-18T13:59:54,like
r0005501,post000362,u00062,2025-03-18T14:02:47,like
r0005502,post000377,u00281,2025-03-18T14:05:04,like
r0005503,post000345,u00112,2025-03-18T14:10:29,like
r0005504,post000375,u00276,2025-03-18T14:14:29,like
r0005505,post000340,u00097,2025-03-18T14:16:19,like
r0005506,post000345,u00246,2025-03-18T14:16:24,like
r0005507,post000380,u00231,2025-03-18T14:20:10,like
r0005508,post000345,u00329,2025-03-18T14:22:25,celebrate
r0005509,post000394,u00030,2025-03-18T14:23:51,like
r0005510,post000361,u00263,2025-03-18T14:27:20,support
r0005511,post000383,u00003,2025-03-18T14:28:54,like
r0005512,post000375,u00037,2025-03-18T14:30:40,like
r0005513,post000377,u00065,2025-03-18T14:35:44,like
r0005514,post000377,u00037,2025-03-18T14:37:06,support
r0005515,post000380,u00352,2025-03-18T14:37:23,like
r0005516,post000385,u00185,2025-03-18T14:38:28,celebrate
r0005517,post000366,u00006,2025-03-18T14:41:46,like
r0005518,post000385,u00201,2025-03-18T14:43:33,insightful
r0005519,post000363,u00308,2025-03-18T14:45:56,like
r0005520,post000367,u00192,2025-03-18T14:48:10,like
r0005521,post000367,u00186,2025-03-18T14:51:25,like
r0005522,post000382,u00093,2025-03-18T14:53:41,like
r0005523,post000377,u00114,2025-03-18T14:56:37,like
r0005524,post000357,u00221,2025-03-18T14:58:06,like
r0005525,post000384,u00306,2025-03-18T14:59:44,like
r0005526,post000374,u00191,2025-03-18T15:05:35,like
r0005527,post000370,u00322,2025-03-18T15:08:14,celebrate
r0005528,post000342,u00265,2025-03-18T15:08:21,insightful
r0005529,post000383,u00240,2025-03-18T15:14:09,celebrate
r0005530,post000355,u00098,2025-03-18T15:14:31,insightful
r0005531,post000376,u00210,2025-03-18T15:14:53,like
r0005532,post000386,u00067,2025-03-18T15:15:06,insightful
r0005533,post000395,u00272,2025-03-18T15:16:16,celebrate
r0005534,post000354,u00159,2025-03-18T15:17:32,like
r0005535,post000341,u00212,2025-03-18T15:22:57,like
r0005536,post000353,u00235,2025-03-18T15:24:55,support
r0005537,post000391,u00006,2025-03-18T15:26:53,like
r0005538,post000377,u00355,2025-03-18T15:29:56,celebrate
r0005539,post000377,u00201,2025-03-18T15:30:17,like
r0005540,post000354,u00098,2025-03-18T15:30:58,celebrate
r0005541,post000358,u00313,2025-03-18T15:34:46,support
r0005542,post000346,u00362,2025-03-18T15:34:48,support
r0005543,post000361,u00397,2025-03-18T15:36:53,insightful
r0005544,post000385,u00087,2025-03-18T15:37:37,like
r0005545,post000361,u00281,2025-03-18T15:37:42,support
r0005546,post000362,u00052,2025-03-18T15:41:48,like
r0005547,post000341,u00359,2025-03-18T15:43:05,insightful
r0005548,post000375,u00263,2025-03-18T15:46:20,like
r0005549,post000356,u00281,2025-03-18T15:47:22,like
r0005550,post000339,u00329,2025-03-18T15:51:08,insightful
r0005551,post000343,u00127,2025-03-18T15:51:50,like
r0005552,post000361,u00089,2025-03-18T15:54:06,like
r0005553,post000365,u00031,2025-03-18T15:59:45,insightful
r0005554,post000342,u00397,2025-03-18T16:01:12,like
r0005555,post000384,u00102,2025-03-18T16:03:14,like
r0005556,post000386,u00265,2025-03-18T16:03:18,celebrate
r0005557,post000359,u00046,2025-03-18T16:06:05,celebrate
r0005558,post000398,u00271,2025-03-18T16:06:40,insightful
r0005559,post000369,u00178,2025-03-18T16:12:55,celebrate
r0005560,post000395,u00252,2025-03-18T16:22:51,like
r0005561,post000368,u00203,2025-03-18T16:24:10,insightful
r0005562,post000387,u00326,2025-03-18T16:25:39,celebrate
r0005563,post000360,u00256,2025-03-18T16:28:29,like
r0005564,post000383,u00305,2025-03-18T16:28:30,like
r0005565,post000381,u00090,2025-03-18T16:32:32,insightful
r0005566,post000375,u00021,2025-03-18T16:42:45,celebrate
r0005567,post000339,u00236,2025-03-18T16:43:40,like
r0005568,post000342,u00153,2025-03-18T16:56:58,like
r0005569,post000377,u00040,2025-03-18T17:00:26,like
r0005570,post000349,u00096,2025-03-18T17:03:14,like
r0005571,post000346,u00020,2025-03-18T17:05:12,like
r0005572,post000397,u00153,2025-03-18T17:11:47,like
r0005573,post000374,u00046,2025-03-18T17:14:42,celebrate
r0005574,post000369,u00159,2025-03-18T17:16:25,like
r0005575,post000371,u00186,2025-03-18T17:27:25,insightful
r0005576,post000365,u00382,2025-03-18T17:32:18,like
r0005577,post000378,u00305,2025-03-18T17:36:43,like
r0005578,post000363,u00053,2025-03-18T17:40:30,like
r0005579,post000361,u00040,2025-03-18T17:44:18,like
r0005580,post000386,u00203,2025-03-18T17:51:10,support
r0005581,post000394,u00047,2025-03-18T17:51:26,like
r0005582,post000343,u00096,2025-03-18T17:54:12,like
r0005583,post000384,u00156,2025-03-18T17:56:33,support
r0005584,post000357,u00097,2025-03-18T18:13:04,like
r0005585,post000349,u00192,2025-03-18T18:36:51,like
r0005586,post000345,u00358,2025-03-18T18:48:24,like
r0005587,post000400,u00352,2025-03-18T18:55:23,celebrate
r0005588,post000372,u00096,2025-03-18T19:00:45,like
r0005589,post000369,u00156,2025-03-18T19:04:02,support
r0005590,post000350,u00097,2025-03-18T19:04:41,like
r0005591,post000365,u00267,2025-03-18T19:10:06,like
r0005592,post000367,u00039,2025-03-18T19:25:07,support
r0005593,post000361,u00096,2025-03-18T19:30:47,insightful
r0005594,post000369,u00330,2025-03-18T19:39:35,like
r0005595,post000407,u00339,2025-03-18T20:11:41,like
r0005596,post000348,u00282,2025-03-18T20:12:02,like
r0005597,post000392,u00380,2025-03-18T20:30:24,celebrate
r0005598,post000372,u00074,2025-03-18T20:34:43,like
r0005599,post000369,u00252,2025-03-18T20:39:55,support
r0005600,post000387,u00252,2025-03-18T21:01:40,insightful
r0005601,post000351,u00006,2025-03-18T21:11:39,like
r0005602,post000402,u00380,2025-03-18T21:16:13,like
r0005603,post000359,u00352,2025-03-18T21:19:31,support
r0005604,post000360,u00108,2025-03-18T21:19:46,like
r0005605,post000381,u00129,2025-03-18T21:19:57,like
r0005606,post000354,u00127,2025-03-18T21:32:45,support
r0005607,post000350,u00065,2025-03-18T21:40:41,like
r0005608,post000362,u00397,2025-03-18T21:45:30,like
r0005609,post000378,u00225,2025-03-18T21:54:15,like
r0005610,post000385,u00276,2025-03-18T21:57:08,like
r0005611,post000373,u00235,2025-03-18T21:57:29,like
r0005612,post000392,u00108,2025-03-18T22:03:26,like
r0005613,post000401,u00307,2025-03-18T22:03:48,insightful
r0005614,post000370,u00026,2025-03-18T22:04:36,like
r0005615,post000384,u00252,2025-03-18T22:07:23,like
r0005616,post000390,u00329,2025-03-18T22:11:58,insightful
r0005617,post000388,u00383,2025-03-18T22:18:46,support
r0005618,post000357,u00271,2025-03-18T22:25:05,like
r0005619,post000355,u00063,2025-03-18T22:28:53,like
r0005620,post000364,u00192,2025-03-18T22:35:27,like
r0005621,post000398,u00317,2025-03-18T22:42:06,like
r0005622,post000378,u00097,2025-03-18T22:44:38,like
r0005623,post000371,u00377,2025-03-18T22:54:30,like
r0005624,post000375,u00317,2025-03-18T22:59:27,insightful
r0005625,post000354,u00281,2025-03-18T23:00:23,like
r0005626,post000374,u00039,2025-03-18T23:04:54,insightful
r0005627,post000366,u00267,2025-03-18T23:07:57,support
r0005628,post000369,u00237,2025-03-18T23:08:43,like
r0005629,post000356,u00260,2025-03-18T23:10:30,support
r0005630,post000367,u00078,2025-03-18T23:11:01,like
r0005631,post000400,u00186,2025-03-18T23:14:05,like
r0005632,post000352,u00274,2025-03-18T23:14:51,celebrate
r0005633,post000410,u00074,2025-03-18T23:19:16,celebrate
r0005634,post000381,u00129,2025-03-18T23:23:24,like
r0005635,post000377,u00306,2025-03-18T23:24:52,support
r0005636,post000360,u00128,2025-03-18T23:30:13,insightful
r0005637,post000365,u00092,2025-03-18T23:30:36,like
r0005638,post000361,u00108,2025-03-18T23:32:03,like
r0005639,post000367,u00354,2025-03-18T23:32:26,like
r0005640,post000392,u00120,2025-03-18T23:38:14,like
r0005641,post000367,u00360,2025-03-18T23:41:08,like
r0005642,post000387,u00301,2025-03-18T23:42:25,like
r0005643,post000393,u00339,2025-03-18T23:52:19,support
r0005644,post000367,u00107,2025-03-19T00:16:12,celebrate
r0005645,post000384,u00341,2025-03-19T00:27:14,like
r0005646,post000370,u00108,2025-03-19T00:29:22,like
r0005647,post000378,u00126,2025-03-19T00:33:35,like
r0005648,post000388,u00250,2025-03-19T00:38:12,like
r0005649,post000389,u00212,2025-03-19T00:38:21,like
r0005650,post000399,u00193,2025-03-19T00:44:35,like
r0005651,post000399,u00190,2025-03-19T00:46:00,celebrate
r0005652,post000412,u00367,2025-03-19T01:07:13,celebrate
r0005653,post000391,u00090,2025-03-19T01:13:15,insightful
r0005654,post000386,u00045,2025-03-19T01:16:57,like
r0005655,post000365,u00174,2025-03-19T01:21:42,celebrate
r0005656,post000368,u00097,2025-03-19T01:24:54,like
r0005657,post000385,u00190,2025-03-19T01:28:28,insightful
r0005658,post000368,u00102,2025-03-19T01:29:32,insightful
r0005659,post000406,u00233,2025-03-19T01:32:37,like
r0005660,post000403,u00203,2025-03-19T01:40:58,like
r0005661,post000369,u00361,2025-03-19T01:49:07,like
r0005662,post000386,u00395,2025-03-19T01:58:28,support
r0005663,post000386,u00036,2025-03-19T02:01:38,like
r0005664,post000396,u00383,2025-03-19T02:17:56,like
r0005665,post000401,u00120,2025-03-19T02:25:09,like
r0005666,post000353,u00225,2025-03-19T02:32:25,like
r0005667,post000385,u00360,2025-03-19T02:43:31,like
r0005668,post000408,u00065,2025-03-19T02:49:47,like
r0005669,post000381,u00083,2025-03-19T03:00:37,support
r0005670,post000404,u00006,2025-03-19T03:05:30,like
r0005671,post000403,u00037,2025-03-19T03:12:32,support
r0005672,post000387,u00350,2025-03-19T03:15:21,insightful
r0005673,post000405,u00350,2025-03-19T03:19:14,like
r0005674,post000396,u00090,2025-03-19T03:23:59,like
r0005675,post000378,u00217,2025-03-19T03:26:42,celebrate
r0005676,post000393,u00053,2025-03-19T03:30:49,like
r0005677,post000406,u00368,2025-03-19T03:31:55,support
r0005678,post000370,u00355,2025-03-19T03:32:54,like
r0005679,post000402,u00354,2025-03-19T03:39:51,like
r0005680,post000400,u00254,2025-03-19T03:43:26,like
r0005681,post000371,u00036,2025-03-19T03:47:32,like
r0005682,post000378,u00158,2025-03-19T03:48:40,support
r0005683,post000393,u00012,2025-03-19T03:58:42,insightful
r0005684,post000410,u00123,2025-03-19T04:10:15,celebrate
r0005685,post000391,u00185,2025-03-19T04:11:22,like
r0005686,post000396,u00090,2025-03-19T04:23:01,like
r0005687,post000356,u00380,2025-03-19T04:47:51,like
r0005688,post000379,u00065,2025-03-19T04:49:16,like
r0005689,post000377,u00150,2025-03-19T04:57:55,like
r0005690,post000399,u00105,2025-03-19T05:00:11,like
r0005691,post000370,u00265,2025-03-19T05:01:49,like
r0005692,post000403,u00256,2025-03-19T05:02:08,like
r0005693,post000410,u00120,2025-03-19T05:02:11,celebrate
r0005694,post000364,u00395,2025-03-19T05:08:11,insightful
r0005695,post000394,u00036,2025-03-19T05:16:36,like
r0005696,post000380,u00185,2025-03-19T05:28:07,like
r0005697,post000378,u00252,2025-03-19T05:39:04,like
r0005698,post000413,u00169,2025-03-19T05:53:28,support
r0005699,post000372,u00254,2025-03-19T05:56:25,support
r0005700,post000401,u00035,2025-03-19T06:18:57,celebrate
r0005701,post000370,u00080,2025-03-19T06:21:13,like
r0005702,post000417,u00094,2025-03-19T06:24:50,insightful
r0005703,post000365,u00179,2025-03-19T06:25:03,like
r0005704,post000392,u00090,2025-03-19T06:25:13,celebrate
r0005705,post000405,u00053,2025-03-19T06:26:39,celebrate
r0005706,post000407,u00064,2025-03-19T06:29:20,like
r0005707,post000393,u00326,2025-03-19T06:41:06,like
r0005708,post000395,u00359,2025-03-19T06:42:32,like
r0005709,post000401,u00050,2025-03-19T06:43:45,like
r0005710,post000393,u00370,2025-03-19T06:48:51,like
r0005711,post000362,u00280,2025-03-19T06:49:27,insightful
r0005712,post000380,u00361,2025-03-19T06:53:14,like
r0005713,post000385,u00080,2025-03-19T06:53:25,like
r0005714,post000397,u00037,2025-03-19T06:56:50,like
r0005715,post000405,u00326,2025-03-19T06:57:34,like
r0005716,post000404,u00203,2025-03-19T07:03:26,support
r0005717,post000400,u00281,2025-03-19T07:14:17,like
r0005718,post000362,u00187,2025-03-19T07:19:30,like
r0005719,post000410,u00174,2025-03-19T07:31:56,like
r0005720,post000411,u00355,2025-03-19T07:34:33,support
r0005721,post000362,u00192,2025-03-19T07:37:11,celebrate
r0005722,post000396,u00074,2025-03-19T07:40:15,support
r0005723,post000381,u00383,2025-03-19T07:42:12,like
r0005724,post000376,u00196,2025-03-19T07:46:52,celebrate
r0005725,post000383,u00090,2025-03-19T07:47:56,like
r0005726,post000365,u00244,2025-03-19T07:54:10,like
r0005727,post000391,u00108,2025-03-19T07:59:56,like
r0005728,post000371,u00252,2025-03-19T08:01:06,like
r0005729,post000394,u00341,2025-03-19T08:03:32,celebrate
r0005730,post000358,u00376,2025-03-19T08:03:42,like
r0005731,post000401,u00260,2025-03-19T08:13:43,support
r0005732,post000392,u00272,2025-03-19T08:28:30,celebrate
r0005733,post000396,u00177,2025-03-19T08:29:33,like
r0005734,post000397,u00346,2025-03-19T08:30:48,like
r0005735,post000407,u00374,2025-03-19T08:31:17,support
r0005736,post000404,u00190,2025-03-19T08:32:38,like
r0005737,post000370,u00062,2025-03-19T08:39:22,like
r0005738,post000417,u00053,2025-03-19T08:45:52,like
r0005739,post000387,u00393,2025-03-19T08:46:36,insightful
r0005740,post000414,u00192,2025-03-19T08:50:06,like
r0005741,post000386,u00056,2025-03-19T08:52:53,like
r0005742,post000373,u00006,2025-03-19T08:53:32,insightful
r0005743,post000375,u00196,2025-03-19T08:53:50,like
r0005744,post000370,u00252,2025-03-19T09:02:06,like
r0005745,post000371,u00066,2025-03-19T09:05:35,support
r0005746,post000383,u00355,2025-03-19T09:09:16,support
r0005747,post000359,u00011,2025-03-19T09:09:43,insightful
r0005748,post000417,u00170,2025-03-19T09:10:30,like
r0005749,post000394,u00192,2025-03-19T09:15:43,like
r0005750,post000375,u00246,2025-03-19T09:16:28,like
r0005751,post000409,u00052,2025-03-19T09:23:04,like
r0005752,post000375,u00064,2025-03-19T09:25:58,like
r0005753,post000409,u00125,2025-03-19T09:30:55,insightful
r0005754,post000376,u00283,2025-03-19T09:32:19,like
r0005755,post000402,u00352,2025-03-19T09:33:29,like
r0005756,post000399,u00015,2025-03-19T09:33:55,insightful
r0005757,post000416,u00277,2025-03-19T09:39:02,like
r0005758,post000412,u00053,2025-03-19T09:40:46,like
r0005759,post000407,u00192,2025-03-19T09:42:17,celebrate
r0005760,post000412,u00346,2025-03-19T09:42:26,like
r0005761,post000377,u00079,2025-03-19T09:45:02,like
r0005762,post000402,u00196,2025-03-19T09:46:20,celebrate
r0005763,post000419,u00037,2025-03-19T09:46:56,like
r0005764,post000402,u00053,2025-03-19T09:48:37,like
r0005765,post000412,u00112,2025-03-19T09:52:38,like
r0005766,post000363,u00307,2025-03-19T10:02:38,support
r0005767,post000399,u00196,2025-03-19T10:03:47,like
r0005768,post000365,u00216,2025-03-19T10:04:00,like
r0005769,post000405,u00146,2025-03-19T10:04:58,celebrate
r0005770,post000385,u00310,2025-03-19T10:06:32,insightful
r0005771,post000370,u00046,2025-03-19T10:08:36,like
r0005772,post000414,u00159,2025-03-19T10:09:50,like
r0005773,post000399,u00006,2025-03-19T10:10:23,celebrate
r0005774,post000369,u00011,2025-03-19T10:10:31,like
r0005775,post000366,u00080,2025-03-19T10:12:40,like
r0005776,post000364,u00019,2025-03-19T10:12:42,like
r0005777,post000384,u00125,2025-03-19T10:15:31,support
r0005778,post000417,u00272,2025-03-19T10:16:15,like
r0005779,post000415,u00147,2025-03-19T10:16:37,like
r0005780,post000394,u00364,2025-03-19T10:22:21,like
r0005781,post000379,u00370,2025-03-19T10:23:23,like
r0005782,post000414,u00146,2025-03-19T10:24:00,like
r0005783,post000411,u00065,2025-03-19T10:25:16,like
r0005784,post000419,u00329,2025-03-19T10:28:06,like
r0005785,post000388,u00050,2025-03-19T10:28:08,like
r0005786,post000404,u00199,2025-03-19T10:30:47,like
r0005787,post000409,u00392,2025-03-19T10:34:18,like
r0005788,post000388,u00329,2025-03-19T10:35:37,like
r0005789,post000372,u00011,2025-03-19T10:36:12,celebrate
r0005790,post000393,u00019,2025-03-19T10:37:28,like
r0005791,post000390,u00086,2025-03-19T10:39:55,celebrate
r0005792,post000401,u00212,2025-03-19T10:40:03,support
r0005793,post000402,u00094,2025-03-19T10:44:14,celebrate
r0005794,post000381,u00249,2025-03-19T10:44:49,like
r0005795,post000399,u00350,2025-03-19T10:45:11,like
r0005796,post000413,u00174,2025-03-19T10:47:53,celebrate
r0005797,post000405,u00360,2025-03-19T10:48:07,insightful
r0005798,post000413,u00395,2025-03-19T10:57:43,like
r0005799,post000416,u00339,2025-03-19T10:58:49,like
r0005800,post000391,u00240,2025-03-19T11:01:59,like
r0005801,post000408,u00218,2025-03-19T11:03:13,support
r0005802,post000416,u00250,2025-03-19T11:06:17,like
r0005803,post000414,u00024,2025-03-19T11:06:30,celebrate
r0005804,post000399,u00253,2025-03-19T11:08:48,like
r0005805,post000364,u00127,2025-03-19T11:09:01,insightful
r0005806,post000404,u00362,2025-03-19T11:11:20,support
r0005807,post000409,u00006,2025-03-19T11:11:22,like
r0005808,post000393,u00025,2025-03-19T11:11:46,like
r0005809,post000388,u00113,2025-03-19T11:21:34,like
r0005810,post000391,u00037,2025-03-19T11:25:13,like
r0005811,post000409,u00031,2025-03-19T11:27:34,like
r0005812,post000381,u00112,2025-03-19T11:27:54,like
r0005813,post000370,u00176,2025-03-19T11:32:37,like
r0005814,post000404,u00187,2025-03-19T11:32:56,support
r0005815,post000410,u00241,2025-03-19T11:33:34,like
r0005816,post000397,u00277,2025-03-19T11:36:02,like
r0005817,post000413,u00350,2025-03-19T11:39:12,like
r0005818,post000386,u00023,2025-03-19T11:40:22,like
r0005819,post000368,u00050,2025-03-19T11:41:35,like
r0005820,post000394,u00352,2025-03-19T11:47:29,like
r0005821,post000394,u00165,2025-03-19T11:54:43,like
r0005822,post000404,u00334,2025-03-19T11:54:49,like
r0005823,post000369,u00006,2025-03-19T11:57:00,like
r0005824,post000405,u00120,2025-03-19T12:00:22,like
r0005825,post000370,u00126,2025-03-19T12:01:50,like
r0005826,post000385,u00297,2025-03-19T12:03:28,like
r0005827,post000406,u00271,2025-03-19T12:05:01,like
r0005828,post000425,u00024,2025-03-19T12:06:10,like
r0005829,post000369,u00288,2025-03-19T12:09:08,support
r0005830,post000422,u00263,2025-03-19T12:10:03,celebrate
r0005831,post000381,u00253,2025-03-19T12:10:15,like
r0005832,post000388,u00112,2025-03-19T12:10:28,like
r0005833,post000398,u00397,2025-03-19T12:13:29,like
r0005834,post000368,u00064,2025-03-19T12:13:35,like
r0005835,post000373,u00321,2025-03-19T12:16:39,celebrate
r0005836,post000418,u00098,2025-03-19T12:23:37,like
r0005837,post000382,u00050,2025-03-19T12:28:40,support
r0005838,post000424,u00382,2025-03-19T12:29:37,like
r0005839,post000398,u00321,2025-03-19T12:31:01,like
r0005840,post000388,u00250,2025-03-19T12:34:05,like
r0005841,post000386,u00250,2025-03-19T12:35:52,insightful
r0005842,post000391,u00384,2025-03-19T12:38:19,like
r0005843,post000399,u00310,2025-03-19T12:38:29,like
r0005844,post000425,u00023,2025-03-19T12:40:21,like
r0005845,post000369,u00125,2025-03-19T12:42:12,celebrate
r0005846,post000411,u00113,2025-03-19T12:42:56,support
r0005847,post000397,u00325,2025-03-19T12:43:42,like
r0005848,post000400,u00097,2025-03-19T12:44:22,like
r0005849,post000424,u00026,2025-03-19T12:44:57,celebrate
r0005850,post000395,u00006,2025-03-19T12:45:52,like
r0005851,post000405,u00069,2025-03-19T12:46:15,celebrate
r0005852,post000427,u00098,2025-03-19T12:50:35,like
r0005853,post000393,u00127,2025-03-19T12:51:59,like
r0005854,post000421,u00125,2025-03-19T12:52:20,support
r0005855,post000420,u00259,2025-03-19T12:52:49,like
r0005856,post000425,u00190,2025-03-19T12:56:04,like
r0005857,post000373,u00341,2025-03-19T12:59:36,like
r0005858,post000378,u00097,2025-03-19T13:01:15,like
r0005859,post000393,u00113,2025-03-19T13:06:36,like
r0005860,post000376,u00082,2025-03-19T13:08:46,celebrate
r0005861,post000417,u00185,2025-03-19T13:11:28,support
r0005862,post000408,u00173,2025-03-19T13:11:50,like
r0005863,post000395,u00004,2025-03-19T13:14:21,like
r0005864,post000391,u00380,2025-03-19T13:16:07,like
r0005865,post000407,u00352,2025-03-19T13:18:00,like
r0005866,post000385,u00249,2025-03-19T13:18:22,like
r0005867,post000371,u00179,2025-03-19T13:18:53,like
r0005868,post000387,u00335,2025-03-19T13:23:39,like
r0005869,post000388,u00035,2025-03-19T13:24:00,like
r0005870,post000424,u00265,2025-03-19T13:25:23,like
r0005871,post000385,u00205,2025-03-19T13:26:36,like
r0005872,post000421,u00341,2025-03-19T13:28:22,like
r0005873,post000416,u00048,2025-03-19T13:29:05,like
r0005874,post000387,u00262,2025-03-19T13:29:53,like
r0005875,post000378,u00352,2025-03-19T13:33:02,like
r0005876,post000395,u00399,2025-03-19T13:33:19,like
r0005877,post000380,u00020,2025-03-19T13:35:22,insightful
r0005878,post000430,u00362,2025-03-19T13:36:04,like
r0005879,post000396,u00352,2025-03-19T13:36:05,like
r0005880,post000410,u00097,2025-03-19T13:39:32,celebrate
r0005881,post000430,u00260,2025-03-19T13:44:38,like
r0005882,post000380,u00211,2025-03-19T13:48:51,like
r0005883,post000375,u00225,2025-03-19T13:49:33,like
r0005884,post000397,u00355,2025-03-19T13:50:11,like
r0005885,post000417,u00329,2025-03-19T13:54:25,support
r0005886,post000384,u00033,2025-03-19T14:03:18,celebrate
r0005887,post000411,u00329,2025-03-19T14:08:54,support
r0005888,post000385,u00329,2025-03-19T14:10:26,like
r0005889,post000419,u00281,2025-03-19T14:11:58,like
r0005890,post000414,u00364,2025-03-19T14:12:34,support
r0005891,post000378,u00183,2025-03-19T14:17:46,insightful
r0005892,post000415,u00288,2025-03-19T14:30:36,like
r0005893,post000390,u00037,2025-03-19T14:34:19,like
r0005894,post000431,u00211,2025-03-19T14:38:01,like
r0005895,post000424,u00244,2025-03-19T14:42:02,like
r0005896,post000428,u00380,2025-03-19T14:43:59,like
r0005897,post000417,u00297,2025-03-19T14:49:43,like
r0005898,post000405,u00225,2025-03-19T14:50:58,like
r0005899,post000393,u00245,2025-03-19T14:51:18,insightful
r0005900,post000385,u00216,2025-03-19T14:51:47,like
r0005901,post000403,u00252,2025-03-19T14:52:00,like
r0005902,post000399,u00056,2025-03-19T14:53:11,like
r0005903,post000387,u00118,2025-03-19T14:56:07,celebrate
r0005904,post000434,u00082,2025-03-19T15:04:23,like
r0005905,post000377,u00306,2025-03-19T15:04:44,insightful
r0005906,post000417,u00306,2025-03-19T15:05:19,like
r0005907,post000416,u00286,2025-03-19T15:05:56,like
r0005908,post000386,u00195,2025-03-19T15:07:34,celebrate
r0005909,post000418,u00341,2025-03-19T15:07:49,like
r0005910,post000409,u00380,2025-03-19T15:15:33,celebrate
r0005911,post000410,u00132,2025-03-19T15:16:39,like
r0005912,post000422,u00112,2025-03-19T15:18:31,like
r0005913,post000413,u00341,2025-03-19T15:18:32,like
r0005914,post000427,u00097,2025-03-19T15:19:18,like
r0005915,post000422,u00281,2025-03-19T15:19:50,like
r0005916,post000405,u00281,2025-03-19T15:27:28,celebrate
r0005917,post000434,u00249,2025-03-19T15:36:06,like
r0005918,post000427,u00254,2025-03-19T15:39:53,like
r0005919,post000406,u00193,2025-03-19T15:41:23,like
r0005920,post000394,u00276,2025-03-19T15:41:26,insightful
r0005921,post000380,u00225,2025-03-19T15:42:41,like
r0005922,post000410,u00187,2025-03-19T15:43:13,like
r0005923,post000409,u00120,2025-03-19T15:48:58,like
r0005924,post000416,u00380,2025-03-19T15:49:25,like
r0005925,post000415,u00063,2025-03-19T15:49:41,like
r0005926,post000395,u00166,2025-03-19T15:52:18,like
r0005927,post000408,u00213,2025-03-19T15:54:18,like
r0005928,post000425,u00109,2025-03-19T15:55:26,like
r0005929,post000380,u00196,2025-03-19T15:55:50,insightful
r0005930,post000376,u00376,2025-03-19T16:05:42,like
r0005931,post000395,u00083,2025-03-19T16:10:26,like
r0005932,post000416,u00252,2025-03-19T16:16:05,celebrate
r0005933,post000410,u00212,2025-03-19T16:21:54,insightful
r0005934,post000416,u00358,2025-03-19T16:22:50,like
r0005935,post000387,u00044,2025-03-19T16:24:23,like
r0005936,post000398,u00131,2025-03-19T16:24:28,like
r0005937,post000429,u00380,2025-03-19T16:28:38,like
r0005938,post000434,u00040,2025-03-19T16:29:25,like
r0005939,post000418,u00362,2025-03-19T16:30:25,support
r0005940,post000429,u00099,2025-03-19T16:34:15,like
r0005941,post000384,u00244,2025-03-19T16:38:54,like
r0005942,post000404,u00112,2025-03-19T16:45:12,like
r0005943,post000410,u00245,2025-03-19T16:46:01,celebrate
r0005944,post000384,u00259,2025-03-19T16:51:44,insightful
r0005945,post000379,u00370,2025-03-19T16:55:51,like
r0005946,post000387,u00174,2025-03-19T16:59:13,like
r0005947,post000418,u00378,2025-03-19T17:03:33,insightful
r0005948,post000403,u00068,2025-03-19T17:04:32,insightful
r0005949,post000413,u00335,2025-03-19T17:08:28,support
r0005950,post000426,u00329,2025-03-19T17:08:40,like
r0005951,post000416,u00099,2025-03-19T17:13:51,like
r0005952,post000411,u00159,2025-03-19T17:15:46,like
r0005953,post000417,u00032,2025-03-19T17:25:39,celebrate
r0005954,post000402,u00031,2025-03-19T17:38:46,celebrate
r0005955,post000407,u00280,2025-03-19T17:46:00,like
r0005956,post000393,u00108,2025-03-19T17:46:37,like
r0005957,post000433,u00190,2025-03-19T17:46:43,like
r0005958,post000397,u00259,2025-03-19T17:49:28,celebrate
r0005959,post000397,u00249,2025-03-19T17:58:16,like
r0005960,post000387,u00012,2025-03-19T18:22:52,like
r0005961,post000389,u00271,2025-03-19T18:23:26,like
r0005962,post000394,u00339,2025-03-19T18:29:22,like
r0005963,post000430,u00317,2025-03-19T18:36:20,like
r0005964,post000424,u00306,2025-03-19T18:40:27,like
r0005965,post000416,u00063,2025-03-19T18:43:26,like
r0005966,post000382,u00326,2025-03-19T18:52:39,like
r0005967,post000418,u00050,2025-03-19T18:56:20,like
r0005968,post000433,u00127,2025-03-19T19:04:40,insightful
r0005969,post000390,u00399,2025-03-19T19:06:50,support
r0005970,post000433,u00329,2025-03-19T19:08:39,like
r0005971,post000408,u00173,2025-03-19T19:13:02,like
r0005972,post000406,u00282,2025-03-19T19:14:47,like
r0005973,post000400,u00256,2025-03-19T19:40:02,like
r0005974,post000418,u00339,2025-03-19T19:40:36,celebrate
r0005975,post000415,u00262,2025-03-19T19:41:05,like
r0005976,post000433,u00065,2025-03-19T19:50:08,like
r0005977,post000400,u00212,2025-03-19T20:07:36,like
r0005978,post000401,u00112,2025-03-19T20:20:31,like
r0005979,post000421,u00253,2025-03-19T20:24:37,celebrate
r0005980,post000387,u00265,2025-03-19T20:24:50,support
r0005981,post000389,u00012,2025-03-19T20:34:23,celebrate
r0005982,post000379,u00098,2025-03-19T20:54:15,like
r0005983,post000391,u00362,2025-03-19T20:54:33,support
r0005984,post000414,u00253,2025-03-19T20:58:49,like
r0005985,post000402,u00065,2025-03-19T21:02:41,like
r0005986,post000423,u00173,2025-03-19T21:12:17,celebrate
r0005987,post000431,u00037,2025-03-19T21:22:47,like
r0005988,post000388,u00318,2025-03-19T21:25:51,like
r0005989,post000427,u00352,2025-03-19T21:32:03,like
r0005990,post000401,u00120,2025-03-19T21:36:07,like
r0005991,post000436,u00195,2025-03-19T21:39:43,support
r0005992,post000382,u00271,2025-03-19T21:42:58,like
r0005993,post000421,u00259,2025-03-19T22:06:39,celebrate
r0005994,post000386,u00185,2025-03-19T22:10:08,like
r0005995,post000430,u00097,2025-03-19T22:11:09,support
r0005996,post000398,u00383,2025-03-19T22:12:51,like
r0005997,post000402,u00185,2025-03-19T22:23:12,like
r0005998,post000428,u00031,2025-03-19T22:48:57,support
r0005999,post000406,u00132,2025-03-19T23:11:23,like
r0006000,post000407,u00036,2025-03-19T23:18:59,like
r0006001,post000428,u00050,2025-03-19T23:43:47,like
r0006002,post000415,u00344,2025-03-19T23:51:06,like
r0006003,post000424,u00335,2025-03-19T23:55:15,like
r0006004,post000399,u00285,2025-03-20T00:02:04,like
r0006005,post000380,u00377,2025-03-20T00:02:35,like
r0006006,post000391,u00052,2025-03-20T00:05:46,celebrate
r0006007,post000390,u00230,2025-03-20T00:11:33,insightful
r0006008,post000410,u00285,2025-03-20T00:26:50,celebrate
r0006009,post000380,u00335,2025-03-20T00:29:06,like
r0006010,post000438,u00311,2025-03-20T00:47:27,celebrate
r0006011,post000420,u00157,2025-03-20T00:58:55,like
r0006012,post000387,u00046,2025-03-20T01:00:17,like
r0006013,post000416,u00206,2025-03-20T01:01:48,like
r0006014,post000426,u00262,2025-03-20T01:02:13,like
r0006015,post000437,u00256,2025-03-20T01:13:08,like
r0006016,post000431,u00087,2025-03-20T01:20:20,like
r0006017,post000400,u00158,2025-03-20T01:20:58,like
r0006018,post000412,u00112,2025-03-20T01:44:12,like
r0006019,post000400,u00185,2025-03-20T01:52:52,like
r0006020,post000417,u00209,2025-03-20T01:56:42,like
r0006021,post000420,u00087,2025-03-20T01:58:04,like
r0006022,post000396,u00168,2025-03-20T02:00:32,celebrate
r0006023,post000433,u00128,2025-03-20T02:18:55,like
r0006024,post000402,u00362,2025-03-20T02:21:00,like
r0006025,post000384,u00394,2025-03-20T02:25:03,like
r0006026,post000385,u00031,2025-03-20T02:29:14,insightful
r0006027,post000392,u00032,2025-03-20T02:32:52,like
r0006028,post000427,u00244,2025-03-20T02:34:51,celebrate
r0006029,post000399,u00167,2025-03-20T02:41:46,celebrate
r0006030,post000415,u00362,2025-03-20T02:43:28,like
r0006031,post000428,u00285,2025-03-20T02:50:17,like
r0006032,post000401,u00067,2025-03-20T02:52:11,like
r0006033,post000423,u00006,2025-03-20T03:12:02,like
r0006034,post000437,u00250,2025-03-20T03:22:38,like
r0006035,post000385,u00285,2025-03-20T03:29:08,like
r0006036,post000419,u00254,2025-03-20T03:40:53,like
r0006037,post000382,u00215,2025-03-20T04:21:22,like
r0006038,post000423,u00196,2025-03-20T04:22:31,like
r0006039,post000439,u00010,2025-03-20T04:30:25,like
r0006040,post000406,u00175,2025-03-20T04:31:46,insightful
r0006041,post000425,u00006,2025-03-20T04:59:05,like
r0006042,post000389,u00012,2025-03-20T05:02:07,insightful
r0006043,post000417,u00174,2025-03-20T05:18:31,like
r0006044,post000429,u00120,2025-03-20T05:19:07,like
r0006045,post000426,u00260,2025-03-20T05:23:36,support
r0006046,post000385,u00090,2025-03-20T05:30:03,like
r0006047,post000399,u00087,2025-03-20T05:39:58,like
r0006048,post000435,u00221,2025-03-20T05:40:06,like
r0006049,post000415,u00012,2025-03-20T05:57:14,like
r0006050,post000410,u00380,2025-03-20T06:01:21,like
r0006051,post000409,u00105,2025-03-20T06:07:12,insightful
r0006052,post000392,u00120,2025-03-20T06:15:21,like
r0006053,post000436,u00071,2025-03-20T06:26:04,like
r0006054,post000405,u00087,2025-03-20T06:28:48,like
r0006055,post000393,u00340,2025-03-20T06:32:39,like
r0006056,post000426,u00147,2025-03-20T06:47:59,like
r0006057,post000394,u00185,2025-03-20T06:50:52,like
r0006058,post000434,u00096,2025-03-20T06:55:40,support
r0006059,post000421,u00117,2025-03-20T07:19:37,like
r0006060,post000428,u00032,2025-03-20T07:19:57,like
r0006061,post000400,u00012,2025-03-20T07:27:35,like
r0006062,post000422,u00071,2025-03-20T07:31:34,like
r0006063,post000420,u00374,2025-03-20T07:32:26,insightful
r0006064,post000392,u00260,2025-03-20T07:41:28,celebrate
r0006065,post000436,u00256,2025-03-20T07:45:18,like
r0006066,post000419,u00268,2025-03-20T07:47:35,like
r0006067,post000393,u00006,2025-03-20T07:47:55,support
r0006068,post000414,u00015,2025-03-20T07:48:18,insightful
r0006069,post000384,u00242,2025-03-20T07:49:08,celebrate
r0006070,post000381,u00126,2025-03-20T07:51:18,insightful
r0006071,post000384,u00240,2025-03-20T07:53:02,like
r0006072,post000394,u00283,2025-03-20T07:59:01,like
r0006073,post000413,u00071,2025-03-20T08:01:30,like
r0006074,post000386,u00067,2025-03-20T08:03:48,like
r0006075,post000438,u00025,2025-03-20T08:05:07,like
r0006076,post000384,u00332,2025-03-20T08:06:56,insightful
r0006077,post000440,u00174,2025-03-20T08:10:07,like
r0006078,post000410,u00073,2025-03-20T08:11:31,like
r0006079,post000435,u00365,2025-03-20T08:15:15,celebrate
r0006080,post000414,u00263,2025-03-20T08:22:25,insightful
r0006081,post000406,u00127,2025-03-20T08:23:16,celebrate
r0006082,post000431,u00127,2025-03-20T08:23:39,support
r0006083,post000394,u00241,2025-03-20T08:25:18,like
r0006084,post000405,u00211,2025-03-20T08:26:40,like
r0006085,post000434,u00240,2025-03-20T08:28:57,like
r0006086,post000436,u00157,2025-03-20T08:31:07,like
r0006087,post000394,u00185,2025-03-20T08:31:12,support
r0006088,post000440,u00369,2025-03-20T08:32:11,support
r0006089,post000382,u00071,2025-03-20T08:37:17,like
r0006090,post000385,u00158,2025-03-20T08:39:12,like
r0006091,post000430,u00250,2025-03-20T08:41:34,support
r0006092,post000401,u00249,2025-03-20T08:43:46,insightful
r0006093,post000423,u00078,2025-03-20T08:45:24,celebrate
r0006094,post000418,u00006,2025-03-20T08:46:09,like
r0006095,post000442,u00146,2025-03-20T08:47:54,support
r0006096,post000419,u00306,2025-03-20T08:48:48,insightful
r0006097,post000385,u00006,2025-03-20T08:49:32,celebrate
r0006098,post000388,u00020,2025-03-20T08:52:53,like
r0006099,post000426,u00240,2025-03-20T08:55:02,like
r0006100,post000386,u00209,2025-03-20T08:58:12,celebrate
r0006101,post000435,u00147,2025-03-20T08:59:43,like
r0006102,post000421,u00093,2025-03-20T09:03:19,like
r0006103,post000412,u00256,2025-03-20T09:06:04,like
r0006104,post000386,u00168,2025-03-20T09:07:24,like
r0006105,post000390,u00281,2025-03-20T09:09:28,like
r0006106,post000398,u00263,2025-03-20T09:18:26,like
r0006107,post000407,u00006,2025-03-20T09:20:12,like
r0006108,post000419,u00362,2025-03-20T09:22:30,support
r0006109,post000402,u00300,2025-03-20T09:22:31,insightful
r0006110,post000444,u00306,2025-03-20T09:24:51,like
r0006111,post000438,u00196,2025-03-20T09:25:35,like
r0006112,post000428,u00351,2025-03-20T09:29:16,like
r0006113,post000386,u00333,2025-03-20T09:30:50,insightful
r0006114,post000433,u00146,2025-03-20T09:33:22,like
r0006115,post000394,u00351,2025-03-20T09:35:09,like
r0006116,post000405,u00176,2025-03-20T09:36:30,like
r0006117,post000427,u00253,2025-03-20T09:36:39,like
r0006118,post000389,u00263,2025-03-20T09:39:39,like
r0006119,post000394,u00085,2025-03-20T09:40:33,like
r0006120,post000389,u00333,2025-03-20T09:40:36,like
r0006121,post000405,u00067,2025-03-20T09:41:52,like
r0006122,post000440,u00079,2025-03-20T09:43:45,like
r0006123,post000438,u00251,2025-03-20T09:45:37,celebrate
r0006124,post000409,u00006,2025-03-20T09:46:28,celebrate
r0006125,post000388,u00179,2025-03-20T09:48:39,like
r0006126,post000430,u00301,2025-03-20T09:51:56,like
r0006127,post000444,u00305,2025-03-20T09:51:59,like
r0006128,post000410,u00352,2025-03-20T09:52:10,insightful
r0006129,post000418,u00250,2025-03-20T09:54:52,like
r0006130,post000415,u00306,2025-03-20T09:57:14,insightful
r0006131,post000399,u00033,2025-03-20T09:57:49,like
r0006132,post000438,u00203,2025-03-20T09:58:35,like
r0006133,post000437,u00071,2025-03-20T10:01:05,insightful
r0006134,post000419,u00179,2025-03-20T10:01:37,celebrate
r0006135,post000408,u00312,2025-03-20T10:07:33,celebrate
r0006136,post000430,u00078,2025-03-20T10:09:32,like
r0006137,post000397,u00035,2025-03-20T10:11:15,like
r0006138,post000397,u00254,2025-03-20T10:16:05,like
r0006139,post000437,u00281,2025-03-20T10:18:44,like
r0006140,post000415,u00226,2025-03-20T10:19:45,like
r0006141,post000423,u00114,2025-03-20T10:21:07,support
r0006142,post000421,u00052,2025-03-20T10:22:13,celebrate
r0006143,post000406,u00250,2025-03-20T10:24:03,insightful
r0006144,post000424,u00326,2025-03-20T10:25:01,like
r0006145,post000426,u00112,2025-03-20T10:26:11,like
r0006146,post000436,u00355,2025-03-20T10:31:09,like
r0006147,post000411,u00035,2025-03-20T10:35:12,celebrate
r0006148,post000417,u00035,2025-03-20T10:37:23,celebrate
r0006149,post000434,u00042,2025-03-20T10:40:55,like
r0006150,post000432,u00263,2025-03-20T10:41:01,like
r0006151,post000402,u00358,2025-03-20T10:41:06,like
r0006152,post000442,u00035,2025-03-20T10:42:50,like
r0006153,post000446,u00006,2025-03-20T10:46:39,like
r0006154,post000441,u00158,2025-03-20T10:47:56,like
r0006155,post000413,u00179,2025-03-20T10:48:48,like
r0006156,post000416,u00351,2025-03-20T10:53:08,like
r0006157,post000434,u00333,2025-03-20T10:57:05,insightful
r0006158,post000403,u00103,2025-03-20T10:58:24,like
r0006159,post000430,u00343,2025-03-20T11:00:04,insightful
r0006160,post000447,u00335,2025-03-20T11:04:01,celebrate
r0006161,post000412,u00204,2025-03-20T11:04:02,support
r0006162,post000432,u00250,2025-03-20T11:07:00,like
r0006163,post000450,u00212,2025-03-20T11:07:36,support
r0006164,post000397,u00262,2025-03-20T11:08:12,celebrate
r0006165,post000440,u00250,2025-03-20T11:11:19,like
r0006166,post000415,u00256,2025-03-20T11:15:25,like
r0006167,post000448,u00355,2025-03-20T11:17:01,support
r0006168,post000448,u00196,2025-03-20T11:17:45,like
r0006169,post000414,u00332,2025-03-20T11:18:18,insightful
r0006170,post000404,u00187,2025-03-20T11:20:13,support
r0006171,post000435,u00036,2025-03-20T11:21:04,insightful
r0006172,post000421,u00380,2025-03-20T11:23:10,insightful
r0006173,post000396,u00281,2025-03-20T11:23:13,like
r0006174,post000408,u00240,2025-03-20T11:27:45,support
r0006175,post000401,u00244,2025-03-20T11:28:00,support
r0006176,post000417,u00205,2025-03-20T11:32:06,insightful
r0006177,post000446,u00203,2025-03-20T11:35:09,support
r0006178,post000443,u00318,2025-03-20T11:38:02,celebrate
r0006179,post000402,u00395,2025-03-20T11:39:55,like
r0006180,post000410,u00311,2025-03-20T11:41:02,like
r0006181,post000431,u00042,2025-03-20T11:44:47,like
r0006182,post000414,u00211,2025-03-20T11:44:57,like
r0006183,post000436,u00202,2025-03-20T11:44:59,like
r0006184,post000440,u00196,2025-03-20T11:46:45,like
r0006185,post000399,u00009,2025-03-20T11:50:13,like
r0006186,post000443,u00174,2025-03-20T11:51:28,like
r0006187,post000428,u00188,2025-03-20T11:52:22,like
r0006188,post000401,u00203,2025-03-20T11:54:13,like
r0006189,post000443,u00370,2025-03-20T11:54:49,like
r0006190,post000419,u00032,2025-03-20T12:00:18,like
r0006191,post000440,u00106,2025-03-20T12:05:47,like
r0006192,post000450,u00039,2025-03-20T12:06:01,like
r0006193,post000414,u00117,2025-03-20T12:10:45,like
r0006194,post000409,u00326,2025-03-20T12:11:32,like
r0006195,post000444,u00128,2025-03-20T12:15:01,celebrate
r0006196,post000414,u00244,2025-03-20T12:15:25,like
r0006197,post000439,u00182,2025-03-20T12:15:36,support
r0006198,post000446,u00031,2025-03-20T12:17:05,like
r0006199,post000405,u00117,2025-03-20T12:18:08,like
r0006200,post000425,u00015,2025-03-20T12:18:42,like
r0006201,post000403,u00351,2025-03-20T12:20:02,like
r0006202,post000436,u00192,2025-03-20T12:20:19,celebrate
r0006203,post000398,u00117,2025-03-20T12:21:01,like
r0006204,post000407,u00052,2025-03-20T12:21:02,like
r0006205,post000392,u00071,2025-03-20T12:21:23,like
r0006206,post000406,u00313,2025-03-20T12:27:27,like
r0006207,post000424,u00250,2025-03-20T12:33:29,insightful
r0006208,post000429,u00253,2025-03-20T12:34:31,insightful
r0006209,post000427,u00185,2025-03-20T12:35:44,insightful
r0006210,post000395,u00380,2025-03-20T12:40:42,like
r0006211,post000404,u00131,2025-03-20T12:41:45,celebrate
r0006212,post000401,u00251,2025-03-20T12:41:59,celebrate
r0006213,post000437,u00036,2025-03-20T12:42:13,like
r0006214,post000405,u00271,2025-03-20T12:42:42,support
r0006215,post000398,u00256,2025-03-20T12:43:18,like
r0006216,post000421,u00013,2025-03-20T12:43:26,like
r0006217,post000433,u00179,2025-03-20T12:43:47,like
r0006218,post000399,u00079,2025-03-20T12:45:32,like
r0006219,post000425,u00281,2025-03-20T12:46:13,like
r0006220,post000393,u00178,2025-03-20T12:46:42,support
r0006221,post000436,u00311,2025-03-20T12:46:49,insightful
r0006222,post000424,u00032,2025-03-20T12:46:53,insightful
r0006223,post000406,u00205,2025-03-20T12:47:40,like
r0006224,post000428,u00241,2025-03-20T12:50:19,support
r0006225,post000396,u00260,2025-03-20T12:51:04,like
r0006226,post000408,u00009,2025-03-20T12:56:33,like
r0006227,post000420,u00165,2025-03-20T13:04:03,like
r0006228,post000440,u00196,2025-03-20T13:07:20,like
r0006229,post000438,u00203,2025-03-20T13:07:20,insightful
r0006230,post000420,u00031,2025-03-20T13:07:45,insightful
r0006231,post000403,u00281,2025-03-20T13:10:04,like
r0006232,post000414,u00366,2025-03-20T13:12:03,like
r0006233,post000413,u00127,2025-03-20T13:14:07,like
r0006234,post000407,u00211,2025-03-20T13:14:58,like
r0006235,post000394,u00112,2025-03-20T13:18:05,like
r0006236,post000409,u00205,2025-03-20T13:22:32,like
r0006237,post000410,u00118,2025-03-20T13:22:47,like
r0006238,post000432,u00079,2025-03-20T13:24:04,like
r0006239,post000430,u00184,2025-03-20T13:24:57,like
r0006240,post000400,u00078,2025-03-20T13:26:57,like
r0006241,post000415,u00128,2025-03-20T13:27:19,insightful
r0006242,post000402,u00157,2025-03-20T13:30:22,like
r0006243,post000401,u00117,2025-03-20T13:31:31,insightful
r0006244,post000400,u00224,2025-03-20T13:40:51,insightful
r0006245,post000448,u00168,2025-03-20T13:48:14,like
r0006246,post000453,u00158,2025-03-20T13:48:20,celebrate
r0006247,post000453,u00036,2025-03-20T13:50:23,celebrate
r0006248,post000415,u00163,2025-03-20T13:56:44,like
r0006249,post000453,u00031,2025-03-20T13:56:58,like
r0006250,post000432,u00117,2025-03-20T13:57:05,like
r0006251,post000442,u00313,2025-03-20T13:58:46,like
r0006252,post000428,u00039,2025-03-20T14:08:15,insightful
r0006253,post000405,u00071,2025-03-20T14:09:02,like
r0006254,post000432,u00267,2025-03-20T14:11:51,like
r0006255,post000451,u00246,2025-03-20T14:13:49,like
r0006256,post000410,u00108,2025-03-20T14:18:01,support
r0006257,post000403,u00382,2025-03-20T14:23:56,like
r0006258,post000418,u00380,2025-03-20T14:24:13,like
r0006259,post000408,u00174,2025-03-20T14:25:55,like
r0006260,post000409,u00293,2025-03-20T14:26:57,like
r0006261,post000429,u00025,2025-03-20T14:26:59,like
r0006262,post000451,u00336,2025-03-20T14:27:31,like
r0006263,post000412,u00192,2025-03-20T14:30:04,insightful
r0006264,post000414,u00242,2025-03-20T14:34:19,like
r0006265,post000421,u00212,2025-03-20T14:41:30,like
r0006266,post000418,u00221,2025-03-20T14:43:02,celebrate
r0006267,post000420,u00179,2025-03-20T14:44:34,like
r0006268,post000413,u00312,2025-03-20T14:47:55,like
r0006269,post000402,u00187,2025-03-20T14:48:07,like
r0006270,post000419,u00380,2025-03-20T14:49:42,like
r0006271,post000452,u00185,2025-03-20T14:50:48,celebrate
r0006272,post000400,u00229,2025-03-20T15:01:51,insightful
r0006273,post000436,u00333,2025-03-20T15:07:58,like
r0006274,post000406,u00352,2025-03-20T15:13:21,like
r0006275,post000412,u00254,2025-03-20T15:13:49,like
r0006276,post000442,u00052,2025-03-20T15:15:52,like
r0006277,post000424,u00268,2025-03-20T15:16:07,like
r0006278,post000437,u00336,2025-03-20T15:16:14,like
r0006279,post000435,u00127,2025-03-20T15:18:04,like
r0006280,post000456,u00241,2025-03-20T15:23:13,insightful
r0006281,post000421,u00046,2025-03-20T15:23:39,insightful
r0006282,post000410,u00326,2025-03-20T15:25:46,celebrate
r0006283,post000432,u00245,2025-03-20T15:26:32,support
r0006284,post000420,u00075,2025-03-20T15:27:35,like
r0006285,post000411,u00335,2025-03-20T15:27:49,like
r0006286,post000421,u00231,2025-03-20T15:35:14,insightful
r0006287,post000453,u00259,2025-03-20T15:36:05,like
r0006288,post000419,u00240,2025-03-20T15:38:43,insightful
r0006289,post000419,u00352,2025-03-20T15:41:01,like
r0006290,post000422,u00221,2025-03-20T15:41:33,like
r0006291,post000457,u00064,2025-03-20T15:42:04,like
r0006292,post000450,u00101,2025-03-20T15:45:41,like
r0006293,post000440,u00294,2025-03-20T15:48:44,like
r0006294,post000425,u00039,2025-03-20T15:51:20,celebrate
r0006295,post000431,u00243,2025-03-20T15:52:01,celebrate
r0006296,post000454,u00083,2025-03-20T15:52:01,like
r0006297,post000419,u00132,2025-03-20T15:52:44,like
r0006298,post000427,u00312,2025-03-20T15:53:31,like
r0006299,post000449,u00051,2025-03-20T15:54:10,celebrate
r0006300,post000422,u00031,2025-03-20T15:59:02,like
r0006301,post000444,u00003,2025-03-20T16:00:25,like
r0006302,post000410,u00332,2025-03-20T16:04:21,like
r0006303,post000404,u00268,2025-03-20T16:12:18,support
r0006304,post000441,u00174,2025-03-20T16:12:30,like
r0006305,post000402,u00031,2025-03-20T16:13:10,like
r0006306,post000433,u00260,2025-03-20T16:13:51,like
r0006307,post000400,u00185,2025-03-20T16:17:00,support
r0006308,post000436,u00105,2025-03-20T16:18:24,like
r0006309,post000437,u00231,2025-03-20T16:22:56,like
r0006310,post000435,u00221,2025-03-20T16:26:20,like
r0006311,post000403,u00215,2025-03-20T16:39:41,insightful
r0006312,post000428,u00333,2025-03-20T16:41:42,support
r0006313,post000426,u00281,2025-03-20T17:13:17,like
r0006314,post000428,u00263,2025-03-20T17:14:42,like
r0006315,post000443,u00240,2025-03-20T17:15:11,support
r0006316,post000452,u00132,2025-03-20T17:39:44,insightful
r0006317,post000399,u00366,2025-03-20T17:48:47,like
r0006318,post000427,u00362,2025-03-20T17:52:05,like
r0006319,post000410,u00211,2025-03-20T17:56:08,like
r0006320,post000439,u00205,2025-03-20T18:10:50,support
r0006321,post000439,u00366,2025-03-20T18:17:27,like
r0006322,post000439,u00318,2025-03-20T18:22:49,like
r0006323,post000437,u00033,2025-03-20T18:26:31,celebrate
r0006324,post000403,u00172,2025-03-20T18:31:47,like
r0006325,post000435,u00185,2025-03-20T18:32:58,celebrate
r0006326,post000431,u00071,2025-03-20T18:46:34,like
r0006327,post000454,u00165,2025-03-20T18:49:19,like
r0006328,post000422,u00259,2025-03-20T18:51:39,insightful
r0006329,post000408,u00337,2025-03-20T19:01:12,like
r0006330,post000416,u00382,2025-03-20T19:01:38,support
r0006331,post000442,u00222,2025-03-20T19:05:40,like
r0006332,post000410,u00380,2025-03-20T19:07:07,like
r0006333,post000409,u00020,2025-03-20T19:14:51,like
r0006334,post000420,u00221,2025-03-20T19:23:55,support
r0006335,post000404,u00285,2025-03-20T19:25:05,like
r0006336,post000448,u00230,2025-03-20T19:27:06,like
r0006337,post000415,u00380,2025-03-20T19:27:14,like
r0006338,post000424,u00003,2025-03-20T19:28:38,insightful
r0006339,post000418,u00249,2025-03-20T19:49:36,celebrate
r0006340,post000404,u00083,2025-03-20T19:57:13,like
r0006341,post000458,u00087,2025-03-20T20:02:28,like
r0006342,post000451,u00249,2025-03-20T20:04:16,like
r0006343,post000399,u00355,2025-03-20T20:06:50,like
r0006344,post000446,u00196,2025-03-20T20:08:00,insightful
r0006345,post000420,u00340,2025-03-20T20:09:26,celebrate
r0006346,post000448,u00121,2025-03-20T20:16:49,like
r0006347,post000434,u00168,2025-03-20T20:18:51,celebrate
r0006348,post000453,u00196,2025-03-20T20:19:54,like
r0006349,post000445,u00394,2025-03-20T20:20:12,like
r0006350,post000434,u00260,2025-03-20T20:21:44,like
r0006351,post000457,u00352,2025-03-20T20:39:56,like
r0006352,post000419,u00358,2025-03-20T20:40:46,like
r0006353,post000444,u00335,2025-03-20T20:51:59,like
r0006354,post000399,u00117,2025-03-20T21:09:38,like
r0006355,post000437,u00006,2025-03-20T21:10:07,like
r0006356,post000456,u00355,2025-03-20T21:25:17,like
r0006357,post000404,u00326,2025-03-20T21:37:49,like
r0006358,post000426,u00281,2025-03-20T21:39:54,insightful
r0006359,post000428,u00383,2025-03-20T21:48:47,like
r0006360,post000445,u00192,2025-03-20T21:53:48,like
r0006361,post000457,u00107,2025-03-20T21:54:05,like
r0006362,post000407,u00333,2025-03-20T22:02:08,like
r0006363,post000446,u00185,2025-03-20T22:05:46,like
r0006364,post000446,u00328,2025-03-20T22:19:06,support
r0006365,post000441,u00216,2025-03-20T22:19:58,like
r0006366,post000436,u00253,2025-03-20T22:34:41,insightful
r0006367,post000429,u00187,2025-03-20T22:36:09,support
r0006368,post000415,u00271,2025-03-20T22:41:14,like
r0006369,post000451,u00341,2025-03-20T23:03:15,like
r0006370,post000432,u00053,2025-03-20T23:10:19,like
r0006371,post000418,u00328,2025-03-20T23:17:15,celebrate
r0006372,post000414,u00256,2025-03-20T23:19:01,like
r0006373,post000429,u00036,2025-03-20T23:25:38,insightful
r0006374,post000453,u00009,2025-03-20T23:30:57,like
r0006375,post000423,u00186,2025-03-20T23:32:00,like
r0006376,post000452,u00218,2025-03-20T23:42:59,like
r0006377,post000452,u00067,2025-03-20T23:55:13,like
r0006378,post000455,u00267,2025-03-21T00:17:04,like
r0006379,post000425,u00014,2025-03-21T00:23:57,like
r0006380,post000435,u00325,2025-03-21T00:28:08,celebrate
r0006381,post000405,u00132,2025-03-21T00:37:30,celebrate
r0006382,post000422,u00313,2025-03-21T00:51:25,like
r0006383,post000432,u00157,2025-03-21T01:07:31,insightful
r0006384,post000430,u00274,2025-03-21T01:08:57,like
r0006385,post000460,u00157,2025-03-21T01:21:11,like
r0006386,post000410,u00352,2025-03-21T01:22:11,like
r0006387,post000432,u00126,2025-03-21T01:23:14,celebrate
r0006388,post000424,u00129,2025-03-21T01:24:12,like
r0006389,post000436,u00241,2025-03-21T01:24:26,like
r0006390,post000429,u00374,2025-03-21T01:31:44,support
r0006391,post000413,u00354,2025-03-21T01:39:40,like
r0006392,post000403,u00159,2025-03-21T01:40:09,celebrate
r0006393,post000410,u00348,2025-03-21T01:43:25,like
r0006394,post000456,u00156,2025-03-21T01:50:50,like
r0006395,post000460,u00260,2025-03-21T02:02:48,like
r0006396,post000454,u00067,2025-03-21T02:29:32,like
r0006397,post000415,u00256,2025-03-21T02:46:47,like
r0006398,post000428,u00186,2025-03-21T02:50:27,like
r0006399,post000464,u00281,2025-03-21T02:50:33,support
r0006400,post000437,u00128,2025-03-21T03:47:36,like
r0006401,post000424,u00397,2025-03-21T03:54:55,support
r0006402,post000452,u00264,2025-03-21T03:56:16,like
r0006403,post000461,u00253,2025-03-21T04:02:21,like
r0006404,post000413,u00376,2025-03-21T04:12:15,like
r0006405,post000458,u00067,2025-03-21T04:44:04,insightful
r0006406,post000412,u00335,2025-03-21T05:05:35,like
r0006407,post000438,u00209,2025-03-21T05:09:01,like
r0006408,post000449,u00210,2025-03-21T05:17:11,like
r0006409,post000453,u00252,2025-03-21T05:20:08,like
r0006410,post000457,u00300,2025-03-21T05:29:46,support
r0006411,post000439,u00175,2025-03-21T05:32:12,celebrate
r0006412,post000452,u00262,2025-03-21T05:42:09,insightful
r0006413,post000411,u00277,2025-03-21T05:43:53,insightful
r0006414,post000419,u00309,2025-03-21T05:49:58,like
r0006415,post000429,u00120,2025-03-21T05:56:21,like
r0006416,post000461,u00174,2025-03-21T05:57:10,like
r0006417,post000452,u00325,2025-03-21T05:58:06,insightful
r0006418,post000442,u00381,2025-03-21T05:59:17,like
r0006419,post000458,u00329,2025-03-21T06:09:23,like
r0006420,post000418,u00129,2025-03-21T06:26:40,insightful
r0006421,post000452,u00157,2025-03-21T06:27:44,like
r0006422,post000415,u00249,2025-03-21T06:33:46,support
r0006423,post000460,u00210,2025-03-21T06:33:56,like
r0006424,post000459,u00235,2025-03-21T06:43:43,like
r0006425,post000444,u00192,2025-03-21T07:04:31,like
r0006426,post000407,u00097,2025-03-21T07:08:36,like
r0006427,post000435,u00352,2025-03-21T07:19:22,like
r0006428,post000448,u00126,2025-03-21T07:21:57,celebrate
r0006429,post000455,u00098,2025-03-21T07:22:58,like
r0006430,post000406,u00325,2025-03-21T07:24:00,like
r0006431,post000424,u00240,2025-03-21T07:26:03,insightful
r0006432,post000462,u00252,2025-03-21T07:32:57,like
r0006433,post000413,u00153,2025-03-21T07:40:26,like
r0006434,post000431,u00252,2025-03-21T07:43:22,like
r0006435,post000430,u00214,2025-03-21T07:45:55,like
r0006436,post000448,u00089,2025-03-21T07:46:31,like
r0006437,post000445,u00090,2025-03-21T07:46:50,like
r0006438,post000422,u00352,2025-03-21T07:50:59,like
r0006439,post000412,u00326,2025-03-21T07:51:22,like
r0006440,post000461,u00132,2025-03-21T07:54:59,celebrate
r0006441,post000452,u00240,2025-03-21T07:56:15,insightful
r0006442,post000460,u00249,2025-03-21T07:59:16,like
r0006443,post000430,u00230,2025-03-21T08:00:14,like
r0006444,post000422,u00015,2025-03-21T08:02:56,like
r0006445,post000407,u00204,2025-03-21T08:04:55,like
r0006446,post000439,u00268,2025-03-21T08:08:59,like
r0006447,post000417,u00260,2025-03-21T08:10:46,like
r0006448,post000411,u00164,2025-03-21T08:11:07,like
r0006449,post000443,u00090,2025-03-21T08:11:28,like
r0006450,post000429,u00003,2025-03-21T08:13:04,like
r0006451,post000459,u00348,2025-03-21T08:18:15,celebrate
r0006452,post000456,u00329,2025-03-21T08:18:34,like
r0006453,post000408,u00213,2025-03-21T08:19:45,support
r0006454,post000414,u00397,2025-03-21T08:20:31,like
r0006455,post000455,u00299,2025-03-21T08:22:14,like
r0006456,post000464,u00291,2025-03-21T08:26:26,insightful
r0006457,post000426,u00166,2025-03-21T08:27:46,like
r0006458,post000444,u00160,2025-03-21T08:28:17,insightful
r0006459,post000423,u00034,2025-03-21T08:28:34,like
r0006460,post000452,u00094,2025-03-21T08:29:50,support
r0006461,post000440,u00204,2025-03-21T08:34:08,like
r0006462,post000458,u00069,2025-03-21T08:38:19,support
r0006463,post000420,u00282,2025-03-21T08:39:37,like
r0006464,post000428,u00370,2025-03-21T08:40:28,celebrate
r0006465,post000466,u00011,2025-03-21T08:40:42,insightful
r0006466,post000436,u00210,2025-03-21T08:40:58,like
r0006467,post000430,u00146,2025-03-21T08:41:52,like
r0006468,post000441,u00281,2025-03-21T08:41:58,like
r0006469,post000436,u00037,2025-03-21T08:45:02,like
r0006470,post000450,u00196,2025-03-21T08:46:25,like
r0006471,post000421,u00333,2025-03-21T08:50:07,like
r0006472,post000436,u00156,2025-03-21T08:50:47,like
r0006473,post000439,u00301,2025-03-21T08:51:09,like
r0006474,post000421,u00037,2025-03-21T08:51:20,like
r0006475,post000428,u00191,2025-03-21T08:54:38,like
r0006476,post000466,u00352,2025-03-21T08:57:12,like
r0006477,post000414,u00253,2025-03-21T08:57:35,support
r0006478,post000436,u00351,2025-03-21T08:58:50,like
r0006479,post000444,u00350,2025-03-21T08:58:56,support
r0006480,post000419,u00267,2025-03-21T09:00:52,like
r0006481,post000411,u00339,2025-03-21T09:01:17,like
r0006482,post000450,u00348,2025-03-21T09:04:39,insightful
r0006483,post000469,u00348,2025-03-21T09:06:25,insightful
r0006484,post000437,u00028,2025-03-21T09:07:04,like
r0006485,post000416,u00194,2025-03-21T09:08:06,like
r0006486,post000446,u00274,2025-03-21T09:09:32,like
r0006487,post000427,u00059,2025-03-21T09:09:53,like
r0006488,post000425,u00359,2025-03-21T09:10:06,support
r0006489,post000426,u00174,2025-03-21T09:12:20,like
r0006490,post000453,u00159,2025-03-21T09:13:10,like
r0006491,post000463,u00060,2025-03-21T09:13:26,insightful
r0006492,post000421,u00252,2025-03-21T09:16:08,support
r0006493,post000438,u00254,2025-03-21T09:17:58,like
r0006494,post000430,u00340,2025-03-21T09:18:50,insightful
r0006495,post000426,u00143,2025-03-21T09:20:42,like
r0006496,post000454,u00037,2025-03-21T09:21:12,like
r0006497,post000432,u00025,2025-03-21T09:24:50,like
r0006498,post000446,u00339,2025-03-21T09:25:10,like
r0006499,post000431,u00098,2025-03-21T09:25:49,like
r0006500,post000468,u00393,2025-03-21T09:26:42,like
r0006501,post000414,u00102,2025-03-21T09:29:25,support
r0006502,post000467,u00394,2025-03-21T09:31:16,like
r0006503,post000441,u00339,2025-03-21T09:32:37,like
r0006504,post000420,u00153,2025-03-21T09:33:56,support
r0006505,post000431,u00382,2025-03-21T09:34:09,like
r0006506,post000464,u00187,2025-03-21T09:35:09,like
r0006507,post000434,u00376,2025-03-21T09:35:35,like
r0006508,post000466,u00339,2025-03-21T09:40:11,like
r0006509,post000416,u00230,2025-03-21T09:42:48,like
r0006510,post000438,u00156,2025-03-21T09:45:10,like
r0006511,post000440,u00309,2025-03-21T09:47:12,support
r0006512,post000450,u00397,2025-03-21T09:49:02,celebrate
r0006513,post000468,u00159,2025-03-21T09:51:03,celebrate
r0006514,post000436,u00179,2025-03-21T09:57:02,like
r0006515,post000419,u00129,2025-03-21T09:57:29,support
r0006516,post000455,u00268,2025-03-21T09:59:17,like
r0006517,post000462,u00213,2025-03-21T10:03:07,like
r0006518,post000432,u00358,2025-03-21T10:05:39,like
r0006519,post000447,u00079,2025-03-21T10:06:49,like
r0006520,post000465,u00263,2025-03-21T10:09:02,support
r0006521,post000414,u00253,2025-03-21T10:10:28,like
r0006522,post000436,u00280,2025-03-21T10:13:47,like
r0006523,post000449,u00230,2025-03-21T10:14:11,like
r0006524,post000433,u00097,2025-03-21T10:15:39,like
r0006525,post000425,u00156,2025-03-21T10:19:20,celebrate
r0006526,post000425,u00281,2025-03-21T10:24:31,like
r0006527,post000413,u00275,2025-03-21T10:24:46,like
r0006528,post000437,u00022,2025-03-21T10:25:35,like
r0006529,post000434,u00129,2025-03-21T10:26:53,like
r0006530,post000471,u00062,2025-03-21T10:27:30,like
r0006531,post000415,u00156,2025-03-21T10:27:48,like
r0006532,post000443,u00352,2025-03-21T10:28:05,like
r0006533,post000419,u00258,2025-03-21T10:32:06,like
r0006534,post000469,u00114,2025-03-21T10:34:21,like
r0006535,post000438,u00011,2025-03-21T10:35:23,like
r0006536,post000468,u00129,2025-03-21T10:37:18,like
r0006537,post000464,u00274,2025-03-21T10:38:16,like
r0006538,post000454,u00340,2025-03-21T10:39:00,like
r0006539,post000448,u00329,2025-03-21T10:39:11,celebrate
r0006540,post000466,u00204,2025-03-21T10:40:10,like
r0006541,post000438,u00271,2025-03-21T10:46:16,like
r0006542,post000415,u00353,2025-03-21T10:49:02,insightful
r0006543,post000431,u00031,2025-03-21T10:50:52,like
r0006544,post000453,u00055,2025-03-21T10:52:23,celebrate
r0006545,post000422,u00014,2025-03-21T10:59:10,celebrate
r0006546,post000441,u00311,2025-03-21T11:00:14,insightful
r0006547,post000447,u00032,2025-03-21T11:00:23,like
r0006548,post000432,u00394,2025-03-21T11:02:21,like
r0006549,post000430,u00205,2025-03-21T11:05:55,like
r0006550,post000426,u00028,2025-03-21T11:07:09,like
r0006551,post000444,u00215,2025-03-21T11:07:22,like
r0006552,post000447,u00225,2025-03-21T11:09:18,like
r0006553,post000459,u00350,2025-03-21T11:19:17,like
r0006554,post000467,u00210,2025-03-21T11:20:48,support
r0006555,post000444,u00069,2025-03-21T11:24:23,like
r0006556,post000440,u00168,2025-03-21T11:24:38,insightful
r0006557,post000425,u00335,2025-03-21T11:24:56,support
r0006558,post000443,u00069,2025-03-21T11:26:27,like
r0006559,post000468,u00350,2025-03-21T11:27:52,support
r0006560,post000422,u00291,2025-03-21T11:28:00,like
r0006561,post000432,u00301,2025-03-21T11:28:10,like
r0006562,post000445,u00030,2025-03-21T11:28:25,like
r0006563,post000424,u00186,2025-03-21T11:28:48,like
r0006564,post000459,u00060,2025-03-21T11:29:54,like
r0006565,post000420,u00024,2025-03-21T11:33:06,celebrate
r0006566,post000433,u00250,2025-03-21T11:34:32,like
r0006567,post000449,u00376,2025-03-21T11:39:29,celebrate
r0006568,post000457,u00240,2025-03-21T11:41:07,celebrate
r0006569,post000435,u00157,2025-03-21T11:49:13,like
r0006570,post000467,u00157,2025-03-21T11:49:45,like
r0006571,post000421,u00253,2025-03-21T11:51:44,support
r0006572,post000448,u00326,2025-03-21T11:53:15,like
r0006573,post000466,u00069,2025-03-21T11:54:05,like
r0006574,post000455,u00006,2025-03-21T11:56:20,support
r0006575,post000475,u00282,2025-03-21T11:56:46,support
r0006576,post000419,u00351,2025-03-21T11:56:58,like
r0006577,post000463,u00262,2025-03-21T11:57:02,like
r0006578,post000472,u00283,2025-03-21T12:00:44,celebrate
r0006579,post000453,u00253,2025-03-21T12:00:57,insightful
r0006580,post000421,u00098,2025-03-21T12:01:17,like
r0006581,post000437,u00120,2025-03-21T12:03:16,like
r0006582,post000444,u00129,2025-03-21T12:05:36,like
r0006583,post000423,u00191,2025-03-21T12:05:52,like
r0006584,post000460,u00358,2025-03-21T12:05:56,insightful
r0006585,post000445,u00179,2025-03-21T12:07:47,like
r0006586,post000420,u00349,2025-03-21T12:10:05,like
r0006587,post000447,u00035,2025-03-21T12:14:05,celebrate
r0006588,post000460,u00204,2025-03-21T12:14:19,like
r0006589,post000473,u00188,2025-03-21T12:14:51,like
r0006590,post000434,u00114,2025-03-21T12:16:49,like
r0006591,post000435,u00247,2025-03-21T12:18:11,like
r0006592,post000445,u00381,2025-03-21T12:20:37,insightful
r0006593,post000428,u00204,2025-03-21T12:20:58,like
r0006594,post000419,u00265,2025-03-21T12:21:23,like
r0006595,post000439,u00282,2025-03-21T12:25:55,like
r0006596,post000462,u00154,2025-03-21T12:28:31,like
r0006597,post000454,u00035,2025-03-21T12:31:16,like
r0006598,post000457,u00348,2025-03-21T12:32:19,like
r0006599,post000441,u00246,2025-03-21T12:32:56,like
r0006600,post000422,u00156,2025-03-21T12:33:41,insightful
r0006601,post000463,u00339,2025-03-21T12:34:14,like
r0006602,post000459,u00164,2025-03-21T12:36:09,like
r0006603,post000443,u00291,2025-03-21T12:40:55,like
r0006604,post000424,u00291,2025-03-21T12:41:38,like
r0006605,post000430,u00311,2025-03-21T12:42:16,insightful
r0006606,post000475,u00370,2025-03-21T12:44:52,like
r0006607,post000437,u00011,2025-03-21T12:45:49,like
r0006608,post000438,u00050,2025-03-21T12:46:11,support
r0006609,post000425,u00329,2025-03-21T12:47:33,like
r0006610,post000442,u00339,2025-03-21T12:48:27,insightful
r0006611,post000469,u00385,2025-03-21T12:49:14,celebrate
r0006612,post000434,u00339,2025-03-21T12:49:23,like
r0006613,post000422,u00102,2025-03-21T12:49:23,like
r0006614,post000442,u00249,2025-03-21T12:53:39,like
r0006615,post000420,u00090,2025-03-21T13:06:27,like
r0006616,post000432,u00096,2025-03-21T13:07:54,support
r0006617,post000473,u00340,2025-03-21T13:08:07,insightful
r0006618,post000448,u00156,2025-03-21T13:12:52,like
r0006619,post000479,u00146,2025-03-21T13:15:26,support
r0006620,post000434,u00064,2025-03-21T13:18:29,insightful
r0006621,post000441,u00310,2025-03-21T13:19:29,support
r0006622,post000456,u00006,2025-03-21T13:21:23,support
r0006623,post000426,u00129,2025-03-21T13:22:21,insightful
r0006624,post000463,u00098,2025-03-21T13:22:25,insightful
r0006625,post000444,u00252,2025-03-21T13:36:11,support
r0006626,post000436,u00003,2025-03-21T13:40:50,like
r0006627,post000461,u00061,2025-03-21T13:42:45,like
r0006628,post000428,u00168,2025-03-21T13:42:55,support
r0006629,post000441,u00274,2025-03-21T13:44:30,like
r0006630,post000431,u00089,2025-03-21T13:44:40,like
r0006631,post000480,u00168,2025-03-21T13:48:59,like
r0006632,post000427,u00160,2025-03-21T13:50:00,insightful
r0006633,post000460,u00394,2025-03-21T13:51:42,like
r0006634,post000439,u00397,2025-03-21T13:55:31,like
r0006635,post000470,u00194,2025-03-21T14:02:48,like
r0006636,post000443,u00335,2025-03-21T14:02:50,insightful
r0006637,post000449,u00329,2025-03-21T14:03:55,like
r0006638,post000426,u00333,2025-03-21T14:08:46,like
r0006639,post000434,u00225,2025-03-21T14:10:20,like
r0006640,post000474,u00303,2025-03-21T14:11:04,like
r0006641,post000458,u00006,2025-03-21T14:14:12,like
r0006642,post000447,u00291,2025-03-21T14:18:59,like
r0006643,post000477,u00071,2025-03-21T14:23:09,celebrate
r0006644,post000429,u00146,2025-03-21T14:23:45,like
r0006645,post000465,u00225,2025-03-21T14:27:09,insightful
r0006646,post000429,u00322,2025-03-21T14:31:32,like
r0006647,post000469,u00005,2025-03-21T14:32:26,insightful
r0006648,post000463,u00096,2025-03-21T14:33:39,like
r0006649,post000463,u00252,2025-03-21T14:38:21,like
r0006650,post000445,u00089,2025-03-21T14:40:39,celebrate
r0006651,post000429,u00329,2025-03-21T14:41:07,like
r0006652,post000450,u00352,2025-03-21T14:41:58,insightful
r0006653,post000453,u00318,2025-03-21T14:43:33,like
r0006654,post000447,u00225,2025-03-21T14:44:36,insightful
r0006655,post000479,u00268,2025-03-21T14:45:18,like
r0006656,post000437,u00093,2025-03-21T14:47:52,like
r0006657,post000455,u00339,2025-03-21T14:48:47,like
r0006658,post000433,u00094,2025-03-21T14:50:11,insightful
r0006659,post000448,u00395,2025-03-21T14:53:15,celebrate
r0006660,post000475,u00260,2025-03-21T14:56:22,like
r0006661,post000457,u00051,2025-03-21T15:01:06,insightful
r0006662,post000465,u00164,2025-03-21T15:09:28,like
r0006663,post000439,u00252,2025-03-21T15:18:54,like
r0006664,post000460,u00204,2025-03-21T15:28:16,like
r0006665,post000460,u00267,2025-03-21T15:32:29,like
r0006666,post000469,u00168,2025-03-21T15:34:32,like
r0006667,post000445,u00397,2025-03-21T15:38:39,like
r0006668,post000449,u00326,2025-03-21T15:38:51,like
r0006669,post000480,u00253,2025-03-21T15:41:06,like
r0006670,post000451,u00226,2025-03-21T15:45:46,like
r0006671,post000453,u00252,2025-03-21T15:47:52,support
r0006672,post000427,u00209,2025-03-21T15:51:50,like
r0006673,post000432,u00098,2025-03-21T15:54:45,insightful
r0006674,post000455,u00028,2025-03-21T15:56:21,like
r0006675,post000438,u00349,2025-03-21T15:58:12,insightful
r0006676,post000440,u00262,2025-03-21T16:00:09,like
r0006677,post000472,u00240,2025-03-21T16:01:11,like
r0006678,post000459,u00145,2025-03-21T16:05:57,like
r0006679,post000468,u00174,2025-03-21T16:12:35,like
r0006680,post000463,u00097,2025-03-21T16:14:28,insightful
r0006681,post000478,u00335,2025-03-21T16:14:48,like
r0006682,post000460,u00383,2025-03-21T16:19:16,like
r0006683,post000429,u00256,2025-03-21T16:20:44,insightful
r0006684,post000473,u00274,2025-03-21T16:21:59,like
r0006685,post000452,u00252,2025-03-21T16:23:52,support
r0006686,post000482,u00263,2025-03-21T16:25:42,like
r0006687,post000438,u00278,2025-03-21T16:27:10,like
r0006688,post000465,u00094,2025-03-21T16:29:15,like
r0006689,post000473,u00098,2025-03-21T16:46:33,like
r0006690,post000460,u00013,2025-03-21T16:48:39,support
r0006691,post000469,u00370,2025-03-21T16:50:28,like
r0006692,post000470,u00085,2025-03-21T16:51:17,celebrate
r0006693,post000473,u00168,2025-03-21T16:53:53,like
r0006694,post000461,u00253,2025-03-21T16:55:27,like
r0006695,post000459,u00276,2025-03-21T16:57:03,like
r0006696,post000424,u00351,2025-03-21T17:00:07,insightful
r0006697,post000444,u00340,2025-03-21T17:00:08,insightful
r0006698,post000443,u00305,2025-03-21T17:21:11,like
r0006699,post000451,u00031,2025-03-21T17:21:28,insightful
r0006700,post000459,u00209,2025-03-21T17:25:04,like
r0006701,post000470,u00080,2025-03-21T17:27:23,like
r0006702,post000436,u00129,2025-03-21T17:28:49,insightful
r0006703,post000441,u00297,2025-03-21T17:30:08,like
r0006704,post000437,u00068,2025-03-21T17:30:54,support
r0006705,post000480,u00274,2025-03-21T17:32:18,like
r0006706,post000460,u00230,2025-03-21T17:41:21,support
r0006707,post000443,u00007,2025-03-21T17:44:17,like
r0006708,post000435,u00397,2025-03-21T17:52:53,support
r0006709,post000482,u00333,2025-03-21T17:55:05,like
r0006710,post000435,u00252,2025-03-21T17:59:10,like
r0006711,post000469,u00037,2025-03-21T18:13:49,insightful
r0006712,post000467,u00007,2025-03-21T18:15:46,celebrate
r0006713,post000471,u00225,2025-03-21T18:24:57,like
r0006714,post000448,u00204,2025-03-21T18:32:12,like
r0006715,post000428,u00397,2025-03-21T18:42:13,like
r0006716,post000444,u00352,2025-03-21T19:08:38,like
r0006717,post000470,u00370,2025-03-21T19:17:39,support
r0006718,post000440,u00097,2025-03-21T20:01:27,like
r0006719,post000444,u00006,2025-03-21T20:02:00,like
r0006720,post000428,u00120,2025-03-21T20:07:37,support
r0006721,post000430,u00329,2025-03-21T20:15:21,celebrate
r0006722,post000457,u00225,2025-03-21T20:19:06,celebrate
r0006723,post000458,u00196,2025-03-21T20:36:26,insightful
r0006724,post000434,u00046,2025-03-21T20:41:06,support
r0006725,post000444,u00211,2025-03-21T20:43:22,like
r0006726,post000472,u00397,2025-03-21T20:46:25,like
r0006727,post000477,u00034,2025-03-21T20:50:29,like
r0006728,post000477,u00083,2025-03-21T20:50:58,like
r0006729,post000471,u00325,2025-03-21T21:17:10,like
r0006730,post000443,u00189,2025-03-21T21:19:33,like
r0006731,post000480,u00354,2025-03-21T21:34:32,like
r0006732,post000460,u00052,2025-03-21T21:51:05,like
r0006733,post000471,u00094,2025-03-21T21:54:00,like
r0006734,post000430,u00281,2025-03-21T21:58:23,like
r0006735,post000454,u00311,2025-03-21T22:01:02,like
r0006736,post000444,u00015,2025-03-21T22:08:11,support
r0006737,post000445,u00225,2025-03-21T22:09:46,like
r0006738,post000478,u00157,2025-03-21T22:16:58,like
r0006739,post000477,u00003,2025-03-21T22:24:11,support
r0006740,post000468,u00230,2025-03-21T22:24:24,like
r0006741,post000479,u00333,2025-03-21T22:31:04,like
r0006742,post000447,u00035,2025-03-21T22:33:05,like
r0006743,post000462,u00282,2025-03-21T22:36:15,like
r0006744,post000460,u00271,2025-03-21T22:47:57,like
r0006745,post000444,u00260,2025-03-21T22:49:11,support
r0006746,post000476,u00090,2025-03-21T22:49:54,like
r0006747,post000444,u00313,2025-03-21T22:49:54,insightful
r0006748,post000430,u00012,2025-03-21T22:50:26,celebrate
r0006749,post000442,u00256,2025-03-21T22:55:27,celebrate
r0006750,post000451,u00156,2025-03-21T23:00:31,like
r0006751,post000429,u00012,2025-03-21T23:01:19,like
r0006752,post000437,u00374,2025-03-21T23:10:21,like
r0006753,post000451,u00032,2025-03-21T23:18:10,like
r0006754,post000436,u00254,2025-03-21T23:24:31,like
r0006755,post000477,u00071,2025-03-21T23:32:41,support
r0006756,post000458,u00156,2025-03-21T23:32:44,like
r0006757,post000437,u00250,2025-03-21T23:51:43,celebrate
r0006758,post000468,u00087,2025-03-22T00:01:14,celebrate
r0006759,post000429,u00037,2025-03-22T00:05:18,support
r0006760,post000461,u00212,2025-03-22T00:09:06,like
r0006761,post000454,u00036,2025-03-22T00:10:17,like
r0006762,post000456,u00032,2025-03-22T00:14:24,like
r0006763,post000456,u00271,2025-03-22T00:19:53,like
r0006764,post000473,u00234,2025-03-22T00:27:35,support
r0006765,post000474,u00011,2025-03-22T00:34:52,like
r0006766,post000453,u00340,2025-03-22T00:40:38,like
r0006767,post000472,u00098,2025-03-22T00:55:47,celebrate
r0006768,post000471,u00351,2025-03-22T00:55:56,like
r0006769,post000440,u00313,2025-03-22T01:19:21,like
r0006770,post000459,u00032,2025-03-22T01:50:43,insightful
r0006771,post000470,u00249,2025-03-22T01:58:21,celebrate
r0006772,post000438,u00376,2025-03-22T02:07:51,like
r0006773,post000449,u00299,2025-03-22T02:23:26,like
r0006774,post000481,u00040,2025-03-22T02:24:48,like
r0006775,post000443,u00163,2025-03-22T02:45:53,support
r0006776,post000447,u00230,2025-03-22T02:47:55,like
r0006777,post000467,u00190,2025-03-22T02:58:37,like
r0006778,post000453,u00190,2025-03-22T03:40:00,celebrate
r0006779,post000470,u00036,2025-03-22T03:53:40,like
r0006780,post000472,u00071,2025-03-22T04:10:20,like
r0006781,post000462,u00395,2025-03-22T04:25:07,like
r0006782,post000487,u00212,2025-03-22T04:29:01,like
r0006783,post000471,u00028,2025-03-22T04:43:34,like
r0006784,post000432,u00370,2025-03-22T04:47:09,like
r0006785,post000444,u00248,2025-03-22T04:58:07,like
r0006786,post000432,u00087,2025-03-22T05:01:34,like
r0006787,post000446,u00036,2025-03-22T05:08:56,like
r0006788,post000470,u00037,2025-03-22T05:10:10,insightful
r0006789,post000433,u00150,2025-03-22T05:22:06,celebrate
r0006790,post000445,u00249,2025-03-22T05:26:04,like
r0006791,post000478,u00105,2025-03-22T05:28:48,like
r0006792,post000477,u00037,2025-03-22T05:37:10,celebrate
r0006793,post000432,u00339,2025-03-22T05:38:53,like
r0006794,post000456,u00271,2025-03-22T05:40:37,like
r0006795,post000464,u00290,2025-03-22T05:42:38,like
r0006796,post000484,u00160,2025-03-22T05:59:19,like
r0006797,post000463,u00317,2025-03-22T06:06:26,insightful
r0006798,post000460,u00096,2025-03-22T06:14:47,like
r0006799,post000478,u00040,2025-03-22T06:25:47,like
r0006800,post000467,u00308,2025-03-22T06:25:52,support
r0006801,post000429,u00294,2025-03-22T06:31:52,insightful
r0006802,post000439,u00212,2025-03-22T07:06:06,insightful
r0006803,post000476,u00037,2025-03-22T07:17:17,support
r0006804,post000466,u00370,2025-03-22T07:31:50,like
r0006805,post000454,u00260,2025-03-22T07:35:17,insightful
r0006806,post000433,u00290,2025-03-22T07:38:07,like
r0006807,post000457,u00378,2025-03-22T07:40:13,like
r0006808,post000467,u00276,2025-03-22T07:47:39,support
r0006809,post000437,u00004,2025-03-22T07:52:33,like
r0006810,post000451,u00312,2025-03-22T08:09:17,insightful
r0006811,post000434,u00071,2025-03-22T08:09:45,like
r0006812,post000489,u00230,2025-03-22T08:11:49,insightful
r0006813,post000446,u00340,2025-03-22T08:12:08,like
r0006814,post000479,u00083,2025-03-22T08:22:04,celebrate
r0006815,post000436,u00234,2025-03-22T08:25:27,like
r0006816,post000459,u00125,2025-03-22T08:29:32,like
r0006817,post000479,u00370,2025-03-22T08:31:08,celebrate
r0006818,post000433,u00061,2025-03-22T08:35:10,insightful
r0006819,post000443,u00047,2025-03-22T08:36:08,like
r0006820,post000456,u00050,2025-03-22T08:37:54,like
r0006821,post000443,u00223,2025-03-22T08:39:17,insightful
r0006822,post000472,u00129,2025-03-22T08:41:15,insightful
r0006823,post000489,u00209,2025-03-22T08:44:37,like
r0006824,post000475,u00371,2025-03-22T08:49:36,like
r0006825,post000442,u00160,2025-03-22T08:52:31,like
r0006826,post000450,u00310,2025-03-22T08:53:42,like
r0006827,post000490,u00321,2025-03-22T08:59:02,celebrate
r0006828,post000484,u00079,2025-03-22T09:01:05,like
r0006829,post000471,u00251,2025-03-22T09:02:59,insightful
r0006830,post000476,u00114,2025-03-22T09:08:19,celebrate
r0006831,post000475,u00301,2025-03-22T09:09:05,like
r0006832,post000472,u00120,2025-03-22T09:10:08,like
r0006833,post000484,u00188,2025-03-22T09:11:06,like
r0006834,post000442,u00083,2025-03-22T09:12:42,like
r0006835,post000465,u00321,2025-03-22T09:15:17,like
r0006836,post000460,u00249,2025-03-22T09:17:24,like
r0006837,post000455,u00348,2025-03-22T09:23:21,like
r0006838,post000460,u00249,2025-03-22T09:26:32,like
r0006839,post000450,u00357,2025-03-22T09:27:10,like
r0006840,post000436,u00098,2025-03-22T09:27:59,like
r0006841,post000486,u00234,2025-03-22T09:28:10,support
r0006842,post000491,u00010,2025-03-22T09:29:15,like
r0006843,post000476,u00166,2025-03-22T09:29:59,like
r0006844,post000437,u00188,2025-03-22T09:36:50,support
r0006845,post000461,u00350,2025-03-22T09:40:21,insightful
r0006846,post000434,u00079,2025-03-22T09:40:57,celebrate
r0006847,post000485,u00308,2025-03-22T09:43:18,support
r0006848,post000488,u00129,2025-03-22T09:43:52,support
r0006849,post000450,u00106,2025-03-22T09:49:06,celebrate
r0006850,post000490,u00310,2025-03-22T09:49:14,like
r0006851,post000437,u00350,2025-03-22T09:49:27,support
r0006852,post000480,u00313,2025-03-22T09:50:28,like
r0006853,post000479,u00020,2025-03-22T09:59:45,celebrate
r0006854,post000474,u00380,2025-03-22T10:00:54,like
r0006855,post000474,u00308,2025-03-22T10:08:36,like
r0006856,post000456,u00385,2025-03-22T10:10:14,like
r0006857,post000466,u00260,2025-03-22T10:11:45,like
r0006858,post000473,u00301,2025-03-22T10:16:39,like
r0006859,post000457,u00037,2025-03-22T10:24:15,like
r0006860,post000491,u00125,2025-03-22T10:34:00,like
r0006861,post000483,u00020,2025-03-22T10:36:35,like
r0006862,post000456,u00129,2025-03-22T10:37:46,support
r0006863,post000481,u00348,2025-03-22T10:38:02,like
r0006864,post000473,u00350,2025-03-22T10:42:35,like
r0006865,post000460,u00106,2025-03-22T10:55:05,like
r0006866,post000490,u00376,2025-03-22T10:59:08,like
r0006867,post000452,u00339,2025-03-22T10:59:16,like
r0006868,post000453,u00205,2025-03-22T11:01:23,like
r0006869,post000480,u00047,2025-03-22T11:03:47,like
r0006870,post000461,u00098,2025-03-22T11:07:26,like
r0006871,post000456,u00129,2025-03-22T11:12:20,like
r0006872,post000471,u00276,2025-03-22T11:15:20,like
r0006873,post000476,u00098,2025-03-22T11:17:18,like
r0006874,post000442,u00351,2025-03-22T11:19:58,like
r0006875,post000437,u00351,2025-03-22T11:21:42,like
r0006876,post000474,u00190,2025-03-22T11:25:22,celebrate
r0006877,post000480,u00114,2025-03-22T11:29:50,like
r0006878,post000441,u00376,2025-03-22T11:31:34,like
r0006879,post000491,u00129,2025-03-22T11:41:54,celebrate
r0006880,post000464,u00131,2025-03-22T11:42:14,insightful
r0006881,post000452,u00197,2025-03-22T11:43:48,insightful
r0006882,post000483,u00351,2025-03-22T11:54:10,support
r0006883,post000476,u00395,2025-03-22T11:55:46,like
r0006884,post000493,u00150,2025-03-22T11:56:37,like
r0006885,post000457,u00308,2025-03-22T11:57:08,insightful
r0006886,post000477,u00112,2025-03-22T12:00:43,like
r0006887,post000485,u00148,2025-03-22T12:01:58,insightful
r0006888,post000466,u00163,2025-03-22T12:05:06,like
r0006889,post000466,u00129,2025-03-22T12:05:34,like
r0006890,post000442,u00126,2025-03-22T12:08:28,like
r0006891,post000482,u00011,2025-03-22T12:12:48,like
r0006892,post000484,u00179,2025-03-22T12:14:00,support
r0006893,post000441,u00212,2025-03-22T12:19:45,like
r0006894,post000467,u00128,2025-03-22T12:20:40,like
r0006895,post000489,u00193,2025-03-22T12:24:55,like
r0006896,post000438,u00086,2025-03-22T12:27:51,like
r0006897,post000491,u00037,2025-03-22T12:41:14,like
r0006898,post000470,u00118,2025-03-22T12:48:56,like
r0006899,post000491,u00300,2025-03-22T12:56:23,support
r0006900,post000469,u00210,2025-03-22T13:04:37,like
r0006901,post000485,u00360,2025-03-22T13:05:48,like
r0006902,post000486,u00036,2025-03-22T13:12:54,celebrate
r0006903,post000476,u00249,2025-03-22T13:17:13,like
r0006904,post000485,u00339,2025-03-22T13:20:47,celebrate
r0006905,post000476,u00375,2025-03-22T13:23:46,support
r0006906,post000471,u00339,2025-03-22T13:24:33,like
r0006907,post000481,u00288,2025-03-22T13:25:06,celebrate
r0006908,post000475,u00011,2025-03-22T13:26:20,support
r0006909,post000485,u00339,2025-03-22T13:34:18,insightful
r0006910,post000493,u00114,2025-03-22T13:34:21,support
r0006911,post000456,u00049,2025-03-22T13:34:29,like
r0006912,post000460,u00015,2025-03-22T14:00:02,insightful
r0006913,post000445,u00098,2025-03-22T14:01:38,like
r0006914,post000437,u00238,2025-03-22T14:08:11,like
r0006915,post000479,u00312,2025-03-22T14:21:56,celebrate
r0006916,post000492,u00074,2025-03-22T14:24:36,like
r0006917,post000444,u00082,2025-03-22T14:31:34,like
r0006918,post000467,u00138,2025-03-22T14:31:53,like
r0006919,post000445,u00010,2025-03-22T14:33:54,like
r0006920,post000468,u00032,2025-03-22T14:35:56,support
r0006921,post000496,u00271,2025-03-22T14:59:07,support
r0006922,post000480,u00260,2025-03-22T14:59:39,like
r0006923,post000467,u00132,2025-03-22T15:17:38,like
r0006924,post000485,u00026,2025-03-22T15:19:54,insightful
r0006925,post000496,u00255,2025-03-22T15:21:55,like
r0006926,post000450,u00317,2025-03-22T15:32:45,insightful
r0006927,post000441,u00060,2025-03-22T15:37:28,celebrate
r0006928,post000447,u00125,2025-03-22T15:39:52,like
r0006929,post000466,u00098,2025-03-22T15:42:40,like
r0006930,post000495,u00163,2025-03-22T15:43:07,like
r0006931,post000479,u00350,2025-03-22T15:44:25,insightful
r0006932,post000484,u00384,2025-03-22T15:48:46,like
r0006933,post000473,u00160,2025-03-22T15:52:19,celebrate
r0006934,post000477,u00167,2025-03-22T15:54:08,like
r0006935,post000474,u00015,2025-03-22T15:54:35,like
r0006936,post000487,u00037,2025-03-22T15:57:47,like
r0006937,post000494,u00060,2025-03-22T16:05:40,celebrate
r0006938,post000492,u00360,2025-03-22T16:12:59,like
r0006939,post000447,u00312,2025-03-22T16:15:38,like
r0006940,post000489,u00011,2025-03-22T16:23:17,like
r0006941,post000469,u00148,2025-03-22T16:26:24,insightful
r0006942,post000466,u00108,2025-03-22T16:41:18,like
r0006943,post000493,u00093,2025-03-22T16:47:25,celebrate
r0006944,post000448,u00160,2025-03-22T16:55:11,like
r0006945,post000445,u00096,2025-03-22T17:05:48,like
r0006946,post000468,u00340,2025-03-22T17:26:11,like
r0006947,post000485,u00363,2025-03-22T17:26:28,like
r0006948,post000485,u00083,2025-03-22T17:27:44,like
r0006949,post000486,u00021,2025-03-22T17:29:46,insightful
r0006950,post000460,u00212,2025-03-22T17:31:01,like
r0006951,post000481,u00339,2025-03-22T17:31:05,like
r0006952,post000469,u00190,2025-03-22T17:52:26,like
r0006953,post000479,u00088,2025-03-22T18:03:44,like
r0006954,post000447,u00071,2025-03-22T18:47:59,celebrate
r0006955,post000488,u00060,2025-03-22T18:51:12,like
r0006956,post000441,u00167,2025-03-22T18:52:29,like
r0006957,post000447,u00114,2025-03-22T18:53:25,like
r0006958,post000469,u00108,2025-03-22T18:56:53,like
r0006959,post000451,u00358,2025-03-22T19:06:46,like
r0006960,post000479,u00179,2025-03-22T19:15:29,celebrate
r0006961,post000487,u00087,2025-03-22T19:16:58,like
r0006962,post000478,u00380,2025-03-22T19:39:15,like
r0006963,post000491,u00040,2025-03-22T19:42:31,celebrate
r0006964,post000499,u00120,2025-03-22T19:46:06,support
r0006965,post000491,u00340,2025-03-22T20:48:05,like
r0006966,post000457,u00049,2025-03-22T20:56:34,like
r0006967,post000461,u00210,2025-03-22T21:03:07,like
r0006968,post000457,u00318,2025-03-22T21:13:55,like
r0006969,post000499,u00250,2025-03-22T21:43:10,like
r0006970,post000451,u00032,2025-03-22T21:48:57,like
r0006971,post000444,u00215,2025-03-22T21:56:26,like
r0006972,post000470,u00308,2025-03-22T22:02:00,like
r0006973,post000462,u00074,2025-03-22T22:03:51,like
r0006974,post000470,u00238,2025-03-22T22:19:58,like
r0006975,post000477,u00150,2025-03-22T22:39:17,like
r0006976,post000453,u00337,2025-03-22T22:46:33,support
r0006977,post000475,u00087,2025-03-22T22:48:12,like
r0006978,post000492,u00108,2025-03-22T22:59:56,like
r0006979,post000461,u00395,2025-03-22T23:00:28,like
r0006980,post000480,u00037,2025-03-22T23:08:17,like
r0006981,post000463,u00120,2025-03-22T23:29:14,insightful
r0006982,post000465,u00020,2025-03-22T23:33:14,insightful
r0006983,post000497,u00036,2025-03-22T23:41:44,like
r0006984,post000456,u00360,2025-03-22T23:49:01,like
r0006985,post000447,u00036,2025-03-22T23:55:41,like
r0006986,post000492,u00290,2025-03-23T00:08:35,like
r0006987,post000449,u00253,2025-03-23T00:13:36,like
r0006988,post000496,u00165,2025-03-23T00:15:58,celebrate
r0006989,post000476,u00371,2025-03-23T00:17:08,insightful
r0006990,post000443,u00037,2025-03-23T00:20:04,like
r0006991,post000458,u00004,2025-03-23T00:34:10,celebrate
r0006992,post000456,u00037,2025-03-23T00:41:44,like
r0006993,post000489,u00032,2025-03-23T01:00:04,like
r0006994,post000449,u00259,2025-03-23T01:38:12,insightful
r0006995,post000496,u00157,2025-03-23T01:56:29,like
r0006996,post000452,u00350,2025-03-23T01:58:46,celebrate
r0006997,post000458,u00255,2025-03-23T02:05:22,like
r0006998,post000481,u00274,2025-03-23T02:19:17,like
r0006999,post000472,u00012,2025-03-23T02:23:38,celebrate
r0007000,post000454,u00349,2025-03-23T02:32:14,celebrate
r0007001,post000473,u00394,2025-03-23T02:35:26,like
r0007002,post000486,u00012,2025-03-23T02:55:38,like
r0007003,post000450,u00187,2025-03-23T03:05:10,like
r0007004,post000453,u00006,2025-03-23T03:13:19,insightful
r0007005,post000477,u00037,2025-03-23T03:13:59,like
r0007006,post000449,u00314,2025-03-23T03:22:24,like
r0007007,post000497,u00069,2025-03-23T03:36:35,like
r0007008,post000481,u00148,2025-03-23T04:20:55,insightful
r0007009,post000495,u00006,2025-03-23T04:37:51,like
r0007010,post000488,u00069,2025-03-23T04:42:33,like
r0007011,post000487,u00105,2025-03-23T04:49:43,like
r0007012,post000502,u00080,2025-03-23T04:52:59,support
r0007013,post000455,u00080,2025-03-23T04:58:10,like
r0007014,post000485,u00105,2025-03-23T05:04:21,like
r0007015,post000481,u00282,2025-03-23T05:08:36,like
r0007016,post000496,u00157,2025-03-23T05:12:55,like
r0007017,post000490,u00069,2025-03-23T05:19:14,celebrate
r0007018,post000485,u00371,2025-03-23T05:46:04,like
r0007019,post000495,u00032,2025-03-23T05:47:41,support
r0007020,post000449,u00329,2025-03-23T06:13:13,like
r0007021,post000458,u00132,2025-03-23T06:27:17,like
r0007022,post000468,u00328,2025-03-23T07:07:49,like
r0007023,post000472,u00338,2025-03-23T07:12:16,like
r0007024,post000461,u00306,2025-03-23T07:15:02,like
r0007025,post000444,u00259,2025-03-23T07:22:22,like
r0007026,post000465,u00281,2025-03-23T07:27:04,like
r0007027,post000463,u00132,2025-03-23T07:30:33,like
r0007028,post000472,u00118,2025-03-23T07:30:45,like
r0007029,post000489,u00329,2025-03-23T07:31:23,like
r0007030,post000452,u00249,2025-03-23T07:42:47,like
r0007031,post000480,u00043,2025-03-23T07:44:02,celebrate
r0007032,post000449,u00209,2025-03-23T08:00:10,like
r0007033,post000497,u00245,2025-03-23T08:00:19,like
r0007034,post000477,u00282,2025-03-23T08:01:07,like
r0007035,post000464,u00330,2025-03-23T08:05:53,like
r0007036,post000456,u00212,2025-03-23T08:05:59,like
r0007037,post000480,u00067,2025-03-23T08:06:35,like
r0007038,post000481,u00365,2025-03-23T08:10:44,like
r0007039,post000459,u00329,2025-03-23T08:11:14,insightful
r0007040,post000486,u00386,2025-03-23T08:17:26,support
r0007041,post000452,u00159,2025-03-23T08:21:48,like
r0007042,post000483,u00053,2025-03-23T08:22:02,like
r0007043,post000503,u00159,2025-03-23T08:23:14,like
r0007044,post000490,u00255,2025-03-23T08:24:58,celebrate
r0007045,post000494,u00197,2025-03-23T08:25:31,like
r0007046,post000480,u00281,2025-03-23T08:34:49,like
r0007047,post000482,u00197,2025-03-23T08:42:26,support
r0007048,post000488,u00174,2025-03-23T08:42:50,like
r0007049,post000486,u00030,2025-03-23T08:45:46,insightful
r0007050,post000486,u00159,2025-03-23T09:11:05,insightful
r0007051,post000477,u00325,2025-03-23T09:24:12,celebrate
r0007052,post000469,u00223,2025-03-23T09:25:12,like
r0007053,post000454,u00103,2025-03-23T09:33:28,celebrate
r0007054,post000502,u00350,2025-03-23T09:33:33,like
r0007055,post000484,u00253,2025-03-23T09:35:28,like
r0007056,post000499,u00006,2025-03-23T09:38:07,like
r0007057,post000454,u00253,2025-03-23T09:38:33,like
r0007058,post000466,u00371,2025-03-23T09:46:04,insightful
r0007059,post000499,u00328,2025-03-23T09:46:23,insightful
r0007060,post000497,u00230,2025-03-23T09:46:25,like
r0007061,post000504,u00004,2025-03-23T09:48:46,like
r0007062,post000468,u00371,2025-03-23T09:51:30,like
r0007063,post000449,u00069,2025-03-23T09:52:38,like
r0007064,post000453,u00202,2025-03-23T09:55:26,like
r0007065,post000472,u00212,2025-03-23T10:00:03,like
r0007066,post000501,u00253,2025-03-23T10:01:19,like
r0007067,post000446,u00259,2025-03-23T10:04:41,like
r0007068,post000448,u00004,2025-03-23T10:07:53,insightful
r0007069,post000475,u00153,2025-03-23T10:08:19,like
r0007070,post000466,u00006,2025-03-23T10:10:00,like
r0007071,post000479,u00114,2025-03-23T10:10:37,like
r0007072,post000492,u00386,2025-03-23T10:12:45,like
r0007073,post000498,u00042,2025-03-23T10:25:06,support
r0007074,post000481,u00223,2025-03-23T10:35:54,support
r0007075,post000456,u00350,2025-03-23T10:36:02,like
r0007076,post000470,u00118,2025-03-23T10:36:02,support
r0007077,post000464,u00253,2025-03-23T10:38:42,like
r0007078,post000445,u00255,2025-03-23T10:43:31,like
r0007079,post000472,u00250,2025-03-23T10:46:50,insightful
r0007080,post000488,u00192,2025-03-23T10:51:21,like
r0007081,post000501,u00163,2025-03-23T10:53:34,like
r0007082,post000496,u00329,2025-03-23T10:55:41,insightful
r0007083,post000451,u00067,2025-03-23T10:56:14,like
r0007084,post000479,u00249,2025-03-23T10:57:33,insightful
r0007085,post000484,u00174,2025-03-23T10:59:53,like
r0007086,post000473,u00153,2025-03-23T11:04:45,like
r0007087,post000477,u00259,2025-03-23T11:05:49,like
r0007088,post000484,u00249,2025-03-23T11:06:53,support
r0007089,post000490,u00250,2025-03-23T11:14:12,like
r0007090,post000447,u00340,2025-03-23T11:14:27,like
r0007091,post000490,u00314,2025-03-23T11:16:49,like
r0007092,post000451,u00365,2025-03-23T11:20:49,like
r0007093,post000452,u00159,2025-03-23T11:25:15,like
r0007094,post000497,u00360,2025-03-23T11:36:59,celebrate
r0007095,post000471,u00105,2025-03-23T11:44:20,like
r0007096,post000498,u00276,2025-03-23T11:46:21,like
r0007097,post000486,u00192,2025-03-23T11:50:43,insightful
r0007098,post000451,u00325,2025-03-23T12:01:02,like
r0007099,post000451,u00069,2025-03-23T12:05:17,support
r0007100,post000489,u00188,2025-03-23T12:09:35,like
r0007101,post000472,u00114,2025-03-23T12:11:25,like
r0007102,post000493,u00380,2025-03-23T12:18:45,like
r0007103,post000471,u00103,2025-03-23T12:21:29,like
r0007104,post000479,u00223,2025-03-23T12:23:06,support
r0007105,post000464,u00009,2025-03-23T12:25:34,like
r0007106,post000455,u00360,2025-03-23T12:29:27,like
r0007107,post000453,u00037,2025-03-23T12:32:17,like
r0007108,post000466,u00349,2025-03-23T12:37:41,support
r0007109,post000449,u00301,2025-03-23T12:51:52,like
r0007110,post000503,u00259,2025-03-23T12:51:59,like
r0007111,post000490,u00350,2025-03-23T13:02:55,like
r0007112,post000460,u00317,2025-03-23T13:06:29,like
r0007113,post000450,u00174,2025-03-23T13:08:03,like
r0007114,post000478,u00174,2025-03-23T13:08:33,like
r0007115,post000469,u00197,2025-03-23T13:09:33,like
r0007116,post000470,u00165,2025-03-23T13:10:08,like
r0007117,post000505,u00280,2025-03-23T13:10:41,celebrate
r0007118,post000449,u00020,2025-03-23T13:12:10,insightful
r0007119,post000495,u00306,2025-03-23T13:17:14,support
r0007120,post000453,u00314,2025-03-23T13:18:47,like
r0007121,post000472,u00047,2025-03-23T13:22:20,insightful
r0007122,post000488,u00179,2025-03-23T13:28:00,like
r0007123,post000465,u00329,2025-03-23T13:33:19,like
r0007124,post000502,u00314,2025-03-23T13:35:25,celebrate
r0007125,post000479,u00199,2025-03-23T13:38:52,like
r0007126,post000456,u00004,2025-03-23T13:44:33,like
r0007127,post000449,u00042,2025-03-23T13:51:09,like
r0007128,post000500,u00110,2025-03-23T13:52:11,like
r0007129,post000491,u00197,2025-03-23T14:08:45,like
r0007130,post000473,u00306,2025-03-23T14:10:02,like
r0007131,post000463,u00290,2025-03-23T14:10:50,like
r0007132,post000504,u00031,2025-03-23T14:11:34,like
r0007133,post000476,u00043,2025-03-23T14:15:51,like
r0007134,post000494,u00317,2025-03-23T14:19:30,celebrate
r0007135,post000475,u00365,2025-03-23T14:27:41,like
r0007136,post000469,u00386,2025-03-23T14:27:44,like
r0007137,post000498,u00370,2025-03-23T14:30:47,like
r0007138,post000504,u00030,2025-03-23T14:31:53,support
r0007139,post000476,u00096,2025-03-23T14:32:15,insightful
r0007140,post000464,u00209,2025-03-23T14:34:20,like
r0007141,post000476,u00329,2025-03-23T14:37:56,like
r0007142,post000493,u00209,2025-03-23T14:38:11,like
r0007143,post000473,u00209,2025-03-23T14:40:57,celebrate
r0007144,post000482,u00096,2025-03-23T14:45:15,insightful
r0007145,post000467,u00215,2025-03-23T14:52:07,like
r0007146,post000460,u00034,2025-03-23T14:56:19,like
r0007147,post000499,u00338,2025-03-23T15:03:16,like
r0007148,post000455,u00096,2025-03-23T15:04:11,like
r0007149,post000499,u00374,2025-03-23T15:13:57,like
r0007150,post000504,u00313,2025-03-23T15:15:57,like
r0007151,post000495,u00154,2025-03-23T15:19:42,celebrate
r0007152,post000491,u00384,2025-03-23T15:22:35,like
r0007153,post000454,u00159,2025-03-23T15:27:43,insightful
r0007154,post000473,u00069,2025-03-23T15:31:57,like
r0007155,post000462,u00037,2025-03-23T15:33:15,like
r0007156,post000472,u00172,2025-03-23T15:42:10,like
r0007157,post000480,u00249,2025-03-23T15:47:43,like
r0007158,post000490,u00224,2025-03-23T15:49:04,like
r0007159,post000481,u00290,2025-03-23T15:49:11,like
r0007160,post000458,u00109,2025-03-23T15:53:53,like
r0007161,post000468,u00392,2025-03-23T16:05:29,like
r0007162,post000461,u00279,2025-03-23T16:06:18,celebrate
r0007163,post000494,u00329,2025-03-23T16:14:57,like
r0007164,post000456,u00281,2025-03-23T16:25:42,support
r0007165,post000500,u00020,2025-03-23T16:28:29,like
r0007166,post000462,u00325,2025-03-23T16:41:08,like
r0007167,post000508,u00212,2025-03-23T16:43:01,support
r0007168,post000505,u00377,2025-03-23T16:51:47,insightful
r0007169,post000491,u00146,2025-03-23T16:59:02,celebrate
r0007170,post000505,u00186,2025-03-23T17:02:25,support
r0007171,post000455,u00186,2025-03-23T17:15:09,celebrate
r0007172,post000482,u00031,2025-03-23T17:15:36,like
r0007173,post000477,u00037,2025-03-23T17:17:13,like
r0007174,post000500,u00386,2025-03-23T17:18:09,like
r0007175,post000460,u00057,2025-03-23T17:25:28,support
r0007176,post000474,u00342,2025-03-23T17:30:46,celebrate
r0007177,post000504,u00126,2025-03-23T17:31:21,like
r0007178,post000497,u00280,2025-03-23T17:38:27,like
r0007179,post000492,u00114,2025-03-23T17:58:23,like
r0007180,post000489,u00187,2025-03-23T18:02:06,like
r0007181,post000500,u00380,2025-03-23T18:06:42,support
r0007182,post000460,u00006,2025-03-23T18:19:02,like
r0007183,post000510,u00109,2025-03-23T18:28:48,like
r0007184,post000472,u00053,2025-03-23T18:29:16,like
r0007185,post000462,u00329,2025-03-23T18:48:41,like
r0007186,post000462,u00203,2025-03-23T19:04:06,like
r0007187,post000504,u00174,2025-03-23T19:08:13,insightful
r0007188,post000452,u00053,2025-03-23T19:15:22,like
r0007189,post000501,u00004,2025-03-23T19:53:05,support
r0007190,post000477,u00386,2025-03-23T21:17:51,celebrate
r0007191,post000485,u00293,2025-03-23T21:27:48,like
r0007192,post000498,u00157,2025-03-23T21:30:33,insightful
r0007193,post000489,u00189,2025-03-23T21:31:24,celebrate
r0007194,post000490,u00370,2025-03-23T21:32:50,celebrate
r0007195,post000506,u00360,2025-03-23T21:41:03,insightful
r0007196,post000475,u00150,2025-03-23T21:41:29,like
r0007197,post000457,u00321,2025-03-23T21:56:38,like
r0007198,post000474,u00253,2025-03-23T22:02:18,like
r0007199,post000479,u00105,2025-03-23T22:10:48,insightful
r0007200,post000454,u00212,2025-03-23T22:22:44,celebrate
r0007201,post000457,u00114,2025-03-23T22:25:45,like
r0007202,post000489,u00276,2025-03-23T23:04:20,like
r0007203,post000485,u00105,2025-03-23T23:21:20,insightful
r0007204,post000459,u00245,2025-03-23T23:23:16,like
r0007205,post000487,u00325,2025-03-23T23:25:14,like
r0007206,post000506,u00304,2025-03-24T00:02:53,like
r0007207,post000488,u00032,2025-03-24T00:05:43,like
r0007208,post000498,u00156,2025-03-24T00:09:41,like
r0007209,post000477,u00384,2025-03-24T00:10:39,celebrate
r0007210,post000487,u00108,2025-03-24T00:12:10,like
r0007211,post000472,u00230,2025-03-24T00:13:08,like
r0007212,post000467,u00274,2025-03-24T00:13:36,insightful
r0007213,post000476,u00281,2025-03-24T00:13:53,like
r0007214,post000453,u00067,2025-03-24T00:15:42,like
r0007215,post000452,u00157,2025-03-24T00:42:39,support
r0007216,post000502,u00157,2025-03-24T01:24:04,like
r0007217,post000492,u00127,2025-03-24T01:35:55,like
r0007218,post000482,u00152,2025-03-24T01:46:32,like
r0007219,post000470,u00096,2025-03-24T01:47:16,like
r0007220,post000514,u00260,2025-03-24T01:55:49,support
r0007221,post000456,u00128,2025-03-24T02:12:05,celebrate
r0007222,post000471,u00351,2025-03-24T02:14:03,like
r0007223,post000509,u00367,2025-03-24T02:27:56,like
r0007224,post000457,u00157,2025-03-24T02:41:38,like
r0007225,post000489,u00291,2025-03-24T02:57:17,like
r0007226,post000515,u00098,2025-03-24T03:00:50,like
r0007227,post000507,u00203,2025-03-24T03:01:29,like
r0007228,post000480,u00157,2025-03-24T03:05:08,like
r0007229,post000500,u00159,2025-03-24T03:08:37,celebrate
r0007230,post000511,u00087,2025-03-24T03:09:59,celebrate
r0007231,post000486,u00380,2025-03-24T03:14:17,like
r0007232,post000479,u00252,2025-03-24T03:24:27,like
r0007233,post000512,u00157,2025-03-24T03:26:05,like
r0007234,post000489,u00301,2025-03-24T03:27:10,like
r0007235,post000495,u00084,2025-03-24T03:30:38,insightful
r0007236,post000485,u00210,2025-03-24T03:32:44,like
r0007237,post000503,u00046,2025-03-24T03:41:18,like
r0007238,post000510,u00157,2025-03-24T03:43:02,like
r0007239,post000477,u00189,2025-03-24T03:58:50,celebrate
r0007240,post000486,u00330,2025-03-24T04:16:02,like
r0007241,post000486,u00355,2025-03-24T04:19:16,like
r0007242,post000461,u00274,2025-03-24T04:24:32,insightful
r0007243,post000482,u00397,2025-03-24T04:24:51,like
r0007244,post000461,u00159,2025-03-24T04:25:40,insightful
r0007245,post000475,u00038,2025-03-24T04:29:25,celebrate
r0007246,post000459,u00174,2025-03-24T04:33:35,celebrate
r0007247,post000488,u00159,2025-03-24T04:35:49,like
r0007248,post000484,u00271,2025-03-24T04:37:50,like
r0007249,post000493,u00156,2025-03-24T04:40:41,like
r0007250,post000478,u00225,2025-03-24T04:45:49,like
r0007251,post000469,u00157,2025-03-24T04:50:42,like
r0007252,post000490,u00381,2025-03-24T04:53:25,like
r0007253,post000512,u00340,2025-03-24T05:01:56,like
r0007254,post000486,u00230,2025-03-24T05:02:42,like
r0007255,post000486,u00052,2025-03-24T05:06:29,support
r0007256,post000510,u00120,2025-03-24T05:06:56,celebrate
r0007257,post000486,u00256,2025-03-24T05:07:56,like
r0007258,post000461,u00222,2025-03-24T05:14:02,like
r0007259,post000508,u00259,2025-03-24T05:15:28,like
r0007260,post000463,u00144,2025-03-24T05:20:12,like
r0007261,post000484,u00032,2025-03-24T05:22:16,celebrate
r0007262,post000512,u00078,2025-03-24T05:28:25,insightful
r0007263,post000479,u00187,2025-03-24T05:32:43,like
r0007264,post000498,u00256,2025-03-24T05:48:37,insightful
r0007265,post000492,u00225,2025-03-24T05:49:12,like
r0007266,post000465,u00094,2025-03-24T06:07:30,insightful
r0007267,post000493,u00271,2025-03-24T06:10:26,support
r0007268,post000493,u00033,2025-03-24T06:21:31,celebrate
r0007269,post000498,u00048,2025-03-24T06:21:32,like
r0007270,post000495,u00037,2025-03-24T06:24:02,like
r0007271,post000471,u00174,2025-03-24T06:40:09,insightful
r0007272,post000502,u00256,2025-03-24T06:49:42,like
r0007273,post000464,u00114,2025-03-24T06:50:39,like
r0007274,post000469,u00120,2025-03-24T06:54:12,like
r0007275,post000467,u00335,2025-03-24T07:00:13,like
r0007276,post000467,u00291,2025-03-24T07:01:54,like
r0007277,post000471,u00249,2025-03-24T07:14:46,support
r0007278,post000496,u00098,2025-03-24T07:15:19,celebrate
r0007279,post000480,u00311,2025-03-24T07:26:15,celebrate
r0007280,post000478,u00117,2025-03-24T07:32:15,insightful
r0007281,post000489,u00362,2025-03-24T07:33:50,support
r0007282,post000467,u00349,2025-03-24T07:35:52,like
r0007283,post000519,u00260,2025-03-24T07:39:22,like
r0007284,post000470,u00248,2025-03-24T07:40:33,support
r0007285,post000462,u00237,2025-03-24T07:45:02,like
r0007286,post000477,u00133,2025-03-24T07:50:46,like
r0007287,post000508,u00317,2025-03-24T07:57:01,celebrate
r0007288,post000495,u00364,2025-03-24T08:00:21,like
r0007289,post000480,u00117,2025-03-24T08:01:23,like
r0007290,post000508,u00127,2025-03-24T08:02:56,like
r0007291,post000501,u00299,2025-03-24T08:04:38,like
r0007292,post000475,u00276,2025-03-24T08:06:27,support
r0007293,post000519,u00143,2025-03-24T08:13:07,like
r0007294,post000488,u00019,2025-03-24T08:17:52,like
r0007295,post000476,u00291,2025-03-24T08:17:55,support
r0007296,post000473,u00127,2025-03-24T08:20:55,like
r0007297,post000465,u00238,2025-03-24T08:21:24,like
r0007298,post000472,u00094,2025-03-24T08:23:07,like
r0007299,post000465,u00209,2025-03-24T08:24:29,like
r0007300,post000484,u00048,2025-03-24T08:28:49,celebrate
r0007301,post000489,u00272,2025-03-24T08:31:12,support
r0007302,post000488,u00054,2025-03-24T08:34:17,like
r0007303,post000492,u00281,2025-03-24T08:34:25,celebrate
r0007304,post000486,u00021,2025-03-24T08:34:58,like
r0007305,post000462,u00308,2025-03-24T08:39:36,like
r0007306,post000494,u00253,2025-03-24T08:44:02,like
r0007307,post000461,u00177,2025-03-24T08:49:39,celebrate
r0007308,post000517,u00301,2025-03-24T08:51:12,like
r0007309,post000511,u00103,2025-03-24T08:52:02,like
r0007310,post000485,u00338,2025-03-24T08:54:12,insightful
r0007311,post000463,u00350,2025-03-24T08:55:34,like
r0007312,post000489,u00259,2025-03-24T08:57:12,like
r0007313,post000471,u00097,2025-03-24T08:57:32,like
r0007314,post000517,u00132,2025-03-24T08:58:07,support
r0007315,post000496,u00138,2025-03-24T09:01:04,like
r0007316,post000491,u00321,2025-03-24T09:01:53,like
r0007317,post000472,u00097,2025-03-24T09:03:39,support
r0007318,post000485,u00337,2025-03-24T09:08:31,like
r0007319,post000509,u00291,2025-03-24T09:08:35,insightful
r0007320,post000463,u00384,2025-03-24T09:08:41,like
r0007321,post000477,u00035,2025-03-24T09:09:38,insightful
r0007322,post000506,u00121,2025-03-24T09:11:46,like
r0007323,post000510,u00156,2025-03-24T09:14:14,support
r0007324,post000491,u00108,2025-03-24T09:14:33,like
r0007325,post000514,u00340,2025-03-24T09:18:07,like
r0007326,post000470,u00129,2025-03-24T09:20:32,like
r0007327,post000493,u00209,2025-03-24T09:21:02,like
r0007328,post000516,u00212,2025-03-24T09:23:36,support
r0007329,post000516,u00160,2025-03-24T09:24:40,like
r0007330,post000517,u00096,2025-03-24T09:25:08,like
r0007331,post000473,u00328,2025-03-24T09:26:04,like
r0007332,post000501,u00066,2025-03-24T09:27:01,like
r0007333,post000475,u00142,2025-03-24T09:29:04,support
r0007334,post000514,u00020,2025-03-24T09:30:07,support
r0007335,post000490,u00205,2025-03-24T09:31:20,like
r0007336,post000466,u00397,2025-03-24T09:35:05,like
r0007337,post000486,u00174,2025-03-24T09:38:21,like
r0007338,post000491,u00380,2025-03-24T09:39:13,support
r0007339,post000480,u00081,2025-03-24T09:39:49,like
r0007340,post000509,u00310,2025-03-24T09:41:06,support
r0007341,post000514,u00057,2025-03-24T09:41:56,like
r0007342,post000510,u00086,2025-03-24T09:45:52,like
r0007343,post000520,u00129,2025-03-24T09:45:57,like
r0007344,post000490,u00335,2025-03-24T09:47:30,like
r0007345,post000471,u00259,2025-03-24T09:48:33,like
r0007346,post000489,u00125,2025-03-24T09:49:40,like
r0007347,post000474,u00337,2025-03-24T09:50:50,like
r0007348,post000503,u00224,2025-03-24T09:50:52,like
r0007349,post000473,u00086,2025-03-24T09:51:03,like
r0007350,post000491,u00268,2025-03-24T09:55:36,like
r0007351,post000503,u00129,2025-03-24T09:58:16,celebrate
r0007352,post000491,u00159,2025-03-24T09:59:37,like
r0007353,post000467,u00367,2025-03-24T10:02:58,like
r0007354,post000482,u00369,2025-03-24T10:07:07,like
r0007355,post000467,u00337,2025-03-24T10:10:56,celebrate
r0007356,post000509,u00364,2025-03-24T10:13:33,like
r0007357,post000480,u00202,2025-03-24T10:14:04,like
r0007358,post000507,u00033,2025-03-24T10:15:22,like
r0007359,post000475,u00277,2025-03-24T10:17:45,support
r0007360,post000480,u00362,2025-03-24T10:21:37,insightful
r0007361,post000477,u00066,2025-03-24T10:26:08,celebrate
r0007362,post000512,u00048,2025-03-24T10:26:22,celebrate
r0007363,post000501,u00376,2025-03-24T10:27:16,like
r0007364,post000524,u00120,2025-03-24T10:29:35,celebrate
r0007365,post000488,u00225,2025-03-24T10:32:43,like
r0007366,post000523,u00245,2025-03-24T10:33:15,support
r0007367,post000516,u00040,2025-03-24T10:35:00,like
r0007368,post000486,u00129,2025-03-24T10:37:34,like
r0007369,post000475,u00260,2025-03-24T10:41:37,like
r0007370,post000468,u00067,2025-03-24T10:52:52,like
r0007371,post000514,u00362,2025-03-24T10:54:31,support
r0007372,post000524,u00129,2025-03-24T10:55:24,like
r0007373,post000483,u00272,2025-03-24T10:58:56,like
r0007374,post000481,u00383,2025-03-24T11:01:16,insightful
r0007375,post000508,u00350,2025-03-24T11:01:31,like
r0007376,post000474,u00083,2025-03-24T11:01:35,celebrate
r0007377,post000503,u00365,2025-03-24T11:02:53,like
r0007378,post000493,u00011,2025-03-24T11:03:01,like
r0007379,post000524,u00039,2025-03-24T11:05:50,like
r0007380,post000484,u00004,2025-03-24T11:09:22,like
r0007381,post000499,u00023,2025-03-24T11:13:49,support
r0007382,post000492,u00059,2025-03-24T11:14:12,like
r0007383,post000511,u00129,2025-03-24T11:16:28,like
r0007384,post000495,u00196,2025-03-24T11:17:43,support
r0007385,post000467,u00254,2025-03-24T11:20:47,like
r0007386,post000492,u00299,2025-03-24T11:21:40,like
r0007387,post000526,u00223,2025-03-24T11:23:12,like
r0007388,post000516,u00319,2025-03-24T11:23:45,insightful
r0007389,post000513,u00249,2025-03-24T11:23:50,like
r0007390,post000477,u00158,2025-03-24T11:23:52,support
r0007391,post000502,u00380,2025-03-24T11:27:29,support
r0007392,post000483,u00308,2025-03-24T11:28:28,like
r0007393,post000474,u00255,2025-03-24T11:29:24,celebrate
r0007394,post000491,u00127,2025-03-24T11:31:13,like
r0007395,post000477,u00186,2025-03-24T11:35:43,like
r0007396,post000473,u00127,2025-03-24T11:36:20,like
r0007397,post000512,u00350,2025-03-24T11:36:41,insightful
r0007398,post000472,u00188,2025-03-24T11:42:26,like
r0007399,post000494,u00089,2025-03-24T11:49:18,like
r0007400,post000488,u00381,2025-03-24T11:49:38,like
r0007401,post000473,u00197,2025-03-24T11:49:50,like
r0007402,post000505,u00242,2025-03-24T11:55:06,like
r0007403,post000515,u00362,2025-03-24T12:01:31,like
r0007404,post000500,u00321,2025-03-24T12:07:22,like
r0007405,post000518,u00019,2025-03-24T12:11:03,like
r0007406,post000498,u00351,2025-03-24T12:13:52,like
r0007407,post000511,u00241,2025-03-24T12:19:43,like
r0007408,post000484,u00314,2025-03-24T12:20:51,like
r0007409,post000469,u00260,2025-03-24T12:25:13,like
r0007410,post000485,u00209,2025-03-24T12:25:48,support
r0007411,post000470,u00390,2025-03-24T12:26:27,celebrate
r0007412,post000510,u00067,2025-03-24T12:26:45,like
r0007413,post000525,u00344,2025-03-24T12:28:08,insightful
r0007414,post000495,u00051,2025-03-24T12:28:13,like
r0007415,post000485,u00129,2025-03-24T12:30:58,insightful
r0007416,post000511,u00313,2025-03-24T12:33:06,like
r0007417,post000491,u00272,2025-03-24T12:39:00,support
r0007418,post000489,u00174,2025-03-24T12:39:37,insightful
r0007419,post000518,u00264,2025-03-24T12:40:51,like
r0007420,post000468,u00253,2025-03-24T12:42:11,like
r0007421,post000476,u00276,2025-03-24T12:45:43,like
r0007422,post000521,u00312,2025-03-24T12:46:12,like
r0007423,post000525,u00341,2025-03-24T12:48:20,like
r0007424,post000498,u00326,2025-03-24T12:50:06,like
r0007425,post000506,u00364,2025-03-24T12:52:56,like
r0007426,post000495,u00308,2025-03-24T13:01:48,celebrate
r0007427,post000491,u00337,2025-03-24T13:02:29,like
r0007428,post000483,u00307,2025-03-24T13:06:34,like
r0007429,post000484,u00337,2025-03-24T13:08:35,celebrate
r0007430,post000514,u00125,2025-03-24T13:08:59,like
r0007431,post000495,u00174,2025-03-24T13:10:46,like
r0007432,post000504,u00350,2025-03-24T13:11:09,like
r0007433,post000474,u00209,2025-03-24T13:14:16,support
r0007434,post000487,u00326,2025-03-24T13:16:55,like
r0007435,post000498,u00033,2025-03-24T13:19:22,like
r0007436,post000491,u00264,2025-03-24T13:23:37,insightful
r0007437,post000469,u00284,2025-03-24T13:25:28,like
r0007438,post000492,u00126,2025-03-24T13:32:09,like
r0007439,post000513,u00094,2025-03-24T13:32:11,insightful
r0007440,post000493,u00019,2025-03-24T13:34:36,insightful
r0007441,post000493,u00268,2025-03-24T13:40:08,like
r0007442,post000512,u00023,2025-03-24T13:43:14,like
r0007443,post000494,u00359,2025-03-24T13:50:10,like
r0007444,post000497,u00313,2025-03-24T13:51:29,support
r0007445,post000521,u00156,2025-03-24T13:51:40,insightful
r0007446,post000528,u00393,2025-03-24T13:54:16,like
r0007447,post000483,u00245,2025-03-24T13:58:10,celebrate
r0007448,post000500,u00088,2025-03-24T14:15:55,support
r0007449,post000521,u00225,2025-03-24T14:16:09,support
r0007450,post000473,u00359,2025-03-24T14:16:23,support
r0007451,post000473,u00350,2025-03-24T14:20:28,like
r0007452,post000471,u00253,2025-03-24T14:21:40,support
r0007453,post000488,u00123,2025-03-24T14:22:04,like
r0007454,post000523,u00114,2025-03-24T14:24:46,like
r0007455,post000483,u00321,2025-03-24T14:26:24,like
r0007456,post000514,u00350,2025-03-24T14:28:13,like
r0007457,post000508,u00114,2025-03-24T14:28:33,like
r0007458,post000486,u00364,2025-03-24T14:30:46,like
r0007459,post000516,u00335,2025-03-24T14:30:47,insightful
r0007460,post000509,u00258,2025-03-24T14:36:24,celebrate
r0007461,post000504,u00167,2025-03-24T14:40:35,like
r0007462,post000477,u00077,2025-03-24T14:46:31,like
r0007463,post000510,u00120,2025-03-24T14:54:14,like
r0007464,post000526,u00366,2025-03-24T14:56:36,support
r0007465,post000518,u00156,2025-03-24T14:59:01,like
r0007466,post000510,u00237,2025-03-24T14:59:22,like
r0007467,post000489,u00177,2025-03-24T15:02:43,like
r0007468,post000528,u00138,2025-03-24T15:08:53,like
r0007469,post000526,u00305,2025-03-24T15:13:31,like
r0007470,post000519,u00245,2025-03-24T15:14:17,like
r0007471,post000471,u00362,2025-03-24T15:16:42,like
r0007472,post000472,u00156,2025-03-24T15:20:01,like
r0007473,post000484,u00133,2025-03-24T15:28:43,like
r0007474,post000479,u00086,2025-03-24T15:29:07,like
r0007475,post000521,u00167,2025-03-24T15:31:38,like
r0007476,post000478,u00369,2025-03-24T15:33:49,like
r0007477,post000512,u00196,2025-03-24T15:36:50,like
r0007478,post000510,u00034,2025-03-24T15:37:05,like
r0007479,post000525,u00156,2025-03-24T15:42:54,like
r0007480,post000495,u00380,2025-03-24T15:46:00,support
r0007481,post000509,u00127,2025-03-24T15:46:29,like
r0007482,post000476,u00328,2025-03-24T15:48:28,support
r0007483,post000520,u00132,2025-03-24T15:51:23,insightful
r0007484,post000491,u00083,2025-03-24T15:51:38,like
r0007485,post000519,u00371,2025-03-24T15:52:23,like
r0007486,post000499,u00225,2025-03-24T15:54:13,like
r0007487,post000506,u00000,2025-03-24T15:55:33,like
r0007488,post000504,u00164,2025-03-24T15:56:19,like
r0007489,post000529,u00032,2025-03-24T15:57:18,like
r0007490,post000506,u00339,2025-03-24T15:58:02,like
r0007491,post000476,u00052,2025-03-24T15:58:09,like
r0007492,post000521,u00252,2025-03-24T16:03:04,like
r0007493,post000480,u00177,2025-03-24T16:05:38,like
r0007494,post000495,u00308,2025-03-24T16:08:27,support
r0007495,post000494,u00092,2025-03-24T16:08:35,like
r0007496,post000510,u00060,2025-03-24T16:08:57,like
r0007497,post000488,u00126,2025-03-24T16:10:23,celebrate
r0007498,post000505,u00341,2025-03-24T16:12:06,like
r0007499,post000508,u00369,2025-03-24T16:15:55,like
r0007500,post000519,u00381,2025-03-24T16:19:57,like
r0007501,post000473,u00178,2025-03-24T16:20:09,like
r0007502,post000499,u00054,2025-03-24T16:21:52,insightful
r0007503,post000498,u00380,2025-03-24T16:22:33,like
r0007504,post000502,u00020,2025-03-24T16:23:23,like
r0007505,post000529,u00117,2025-03-24T16:24:38,like
r0007506,post000504,u00094,2025-03-24T16:27:51,celebrate
r0007507,post000528,u00048,2025-03-24T16:29:06,like
r0007508,post000518,u00209,2025-03-24T16:35:06,like
r0007509,post000513,u00158,2025-03-24T16:42:34,insightful
r0007510,post000520,u00051,2025-03-24T16:42:46,like
r0007511,post000484,u00202,2025-03-24T16:43:05,like
r0007512,post000526,u00159,2025-03-24T16:44:09,insightful
r0007513,post000506,u00339,2025-03-24T16:53:44,support
r0007514,post000481,u00340,2025-03-24T16:55:05,like
r0007515,post000512,u00340,2025-03-24T16:57:46,support
r0007516,post000486,u00039,2025-03-24T17:01:26,support
r0007517,post000513,u00188,2025-03-24T17:02:30,like
r0007518,post000476,u00052,2025-03-24T17:15:03,celebrate
r0007519,post000475,u00083,2025-03-24T17:19:58,like
r0007520,post000526,u00119,2025-03-24T17:20:45,celebrate
r0007521,post000490,u00032,2025-03-24T17:21:05,support
r0007522,post000480,u00210,2025-03-24T17:30:19,like
r0007523,post000487,u00249,2025-03-24T17:32:10,like
r0007524,post000522,u00276,2025-03-24T17:41:38,support
r0007525,post000531,u00045,2025-03-24T17:42:11,insightful
r0007526,post000486,u00211,2025-03-24T17:44:20,support
r0007527,post000479,u00394,2025-03-24T17:48:35,like
r0007528,post000476,u00120,2025-03-24T17:59:09,like
r0007529,post000485,u00127,2025-03-24T18:02:40,like
r0007530,post000512,u00133,2025-03-24T18:08:19,insightful
r0007531,post000505,u00210,2025-03-24T18:19:30,insightful
r0007532,post000533,u00291,2025-03-24T18:21:47,like
r0007533,post000486,u00132,2025-03-24T18:21:53,like
r0007534,post000478,u00187,2025-03-24T18:24:21,like
r0007535,post000508,u00117,2025-03-24T18:29:30,like
r0007536,post000522,u00213,2025-03-24T18:38:56,like
r0007537,post000509,u00105,2025-03-24T18:39:29,celebrate
r0007538,post000477,u00205,2025-03-24T19:00:19,like
r0007539,post000521,u00040,2025-03-24T19:00:36,celebrate
r0007540,post000484,u00083,2025-03-24T19:28:05,like
r0007541,post000484,u00211,2025-03-24T19:30:02,like
r0007542,post000513,u00066,2025-03-24T19:33:57,like
r0007543,post000499,u00040,2025-03-24T19:44:10,like
r0007544,post000527,u00024,2025-03-24T19:58:52,support
r0007545,post000512,u00274,2025-03-24T20:06:05,like
r0007546,post000485,u00151,2025-03-24T20:10:20,like
r0007547,post000505,u00225,2025-03-24T20:12:56,insightful
r0007548,post000528,u00369,2025-03-24T20:34:32,support
r0007549,post000483,u00380,2025-03-24T20:49:11,like
r0007550,post000492,u00351,2025-03-24T20:52:17,support
r0007551,post000530,u00114,2025-03-24T20:53:31,like
r0007552,post000518,u00125,2025-03-24T21:07:36,like
r0007553,post000520,u00205,2025-03-24T21:10:45,like
r0007554,post000520,u00098,2025-03-24T21:14:30,celebrate
r0007555,post000513,u00317,2025-03-24T21:16:47,like
r0007556,post000484,u00114,2025-03-24T21:22:54,like
r0007557,post000502,u00087,2025-03-24T21:37:34,like
r0007558,post000490,u00194,2025-03-24T21:39:35,like
r0007559,post000490,u00177,2025-03-24T21:39:39,like
r0007560,post000488,u00157,2025-03-24T22:05:23,insightful
r0007561,post000480,u00196,2025-03-24T22:15:46,like
r0007562,post000512,u00253,2025-03-24T22:30:32,like
r0007563,post000512,u00093,2025-03-24T22:38:55,celebrate
r0007564,post000507,u00087,2025-03-24T22:40:01,like
r0007565,post000500,u00335,2025-03-24T22:49:49,support
r0007566,post000483,u00132,2025-03-24T22:55:00,like
r0007567,post000486,u00123,2025-03-24T23:01:58,like
r0007568,post000480,u00032,2025-03-24T23:05:18,insightful
r0007569,post000519,u00087,2025-03-24T23:07:24,insightful
r0007570,post000508,u00020,2025-03-24T23:21:14,insightful
r0007571,post000519,u00157,2025-03-24T23:59:30,celebrate
r0007572,post000487,u00196,2025-03-24T23:59:43,like
r0007573,post000521,u00032,2025-03-25T00:00:41,like
r0007574,post000487,u00370,2025-03-25T00:02:12,like
r0007575,post000487,u00256,2025-03-25T00:11:50,like
r0007576,post000523,u00004,2025-03-25T00:23:52,like
r0007577,post000498,u00054,2025-03-25T00:23:54,like
r0007578,post000530,u00371,2025-03-25T00:26:02,like
r0007579,post000519,u00011,2025-03-25T00:37:15,support
r0007580,post000505,u00348,2025-03-25T00:45:20,celebrate
r0007581,post000480,u00300,2025-03-25T00:47:22,like
r0007582,post000502,u00140,2025-03-25T00:58:59,like
r0007583,post000509,u00308,2025-03-25T01:11:52,like
r0007584,post000494,u00358,2025-03-25T01:12:54,like
r0007585,post000480,u00376,2025-03-25T01:16:20,insightful
r0007586,post000484,u00348,2025-03-25T01:18:09,like
r0007587,post000532,u00246,2025-03-25T01:21:07,insightful
r0007588,post000529,u00004,2025-03-25T01:27:09,like
r0007589,post000511,u00023,2025-03-25T01:27:33,like
r0007590,post000532,u00376,2025-03-25T01:38:57,like
r0007591,post000518,u00250,2025-03-25T01:55:11,insightful
r0007592,post000527,u00255,2025-03-25T02:06:27,support
r0007593,post000496,u00172,2025-03-25T02:09:52,like
r0007594,post000524,u00023,2025-03-25T02:13:02,like
r0007595,post000499,u00080,2025-03-25T02:19:00,like
r0007596,post000521,u00117,2025-03-25T02:22:28,like
r0007597,post000524,u00246,2025-03-25T02:22:59,like
r0007598,post000534,u00011,2025-03-25T02:27:47,like
r0007599,post000519,u00317,2025-03-25T02:31:04,like
r0007600,post000511,u00329,2025-03-25T02:33:12,insightful
r0007601,post000502,u00246,2025-03-25T02:37:21,like
r0007602,post000512,u00097,2025-03-25T02:44:35,like
r0007603,post000480,u00259,2025-03-25T02:45:39,like
r0007604,post000538,u00247,2025-03-25T03:03:54,like
r0007605,post000523,u00097,2025-03-25T03:04:59,like
r0007606,post000495,u00218,2025-03-25T03:13:28,like
r0007607,post000514,u00090,2025-03-25T03:15:17,like
r0007608,post000515,u00037,2025-03-25T03:26:59,like
r0007609,post000508,u00065,2025-03-25T03:28:38,like
r0007610,post000485,u00021,2025-03-25T03:30:26,like
r0007611,post000495,u00186,2025-03-25T03:37:49,like
r0007612,post000519,u00042,2025-03-25T03:38:38,like
r0007613,post000481,u00037,2025-03-25T03:40:51,like
r0007614,post000481,u00376,2025-03-25T03:49:29,insightful
r0007615,post000487,u00032,2025-03-25T03:50:59,like
r0007616,post000522,u00329,2025-03-25T03:51:22,support
r0007617,post000520,u00234,2025-03-25T03:52:36,like
r0007618,post000505,u00087,2025-03-25T03:52:58,like
r0007619,post000485,u00339,2025-03-25T03:53:36,like
r0007620,post000531,u00344,2025-03-25T03:55:12,like
r0007621,post000504,u00246,2025-03-25T04:03:31,like
r0007622,post000485,u00196,2025-03-25T04:09:00,like
r0007623,post000533,u00187,2025-03-25T04:14:37,like
r0007624,post000519,u00394,2025-03-25T04:15:14,support
r0007625,post000524,u00259,2025-03-25T04:15:51,like
r0007626,post000533,u00140,2025-03-25T04:17:04,like
r0007627,post000510,u00042,2025-03-25T04:17:06,like
r0007628,post000536,u00236,2025-03-25T04:19:52,like
r0007629,post000481,u00225,2025-03-25T04:23:18,like
r0007630,post000492,u00225,2025-03-25T04:32:56,celebrate
r0007631,post000491,u00275,2025-03-25T04:33:03,like
r0007632,post000495,u00244,2025-03-25T04:37:22,like
r0007633,post000485,u00046,2025-03-25T04:47:17,celebrate
r0007634,post000496,u00317,2025-03-25T04:50:39,like
r0007635,post000510,u00131,2025-03-25T04:54:46,celebrate
r0007636,post000488,u00230,2025-03-25T04:57:12,like
r0007637,post000492,u00144,2025-03-25T05:00:49,like
r0007638,post000533,u00260,2025-03-25T05:11:55,like
r0007639,post000505,u00321,2025-03-25T05:19:01,like
r0007640,post000508,u00054,2025-03-25T05:34:07,insightful
r0007641,post000541,u00087,2025-03-25T05:34:12,like
r0007642,post000484,u00174,2025-03-25T05:37:27,like
r0007643,post000511,u00394,2025-03-25T05:52:45,like
r0007644,post000496,u00358,2025-03-25T05:53:11,like
r0007645,post000491,u00168,2025-03-25T05:56:24,support
r0007646,post000541,u00142,2025-03-25T05:56:26,like
r0007647,post000486,u00274,2025-03-25T06:01:59,like
r0007648,post000494,u00032,2025-03-25T06:24:21,like
r0007649,post000492,u00188,2025-03-25T06:37:25,like
r0007650,post000504,u00065,2025-03-25T06:50:55,like
r0007651,post000512,u00317,2025-03-25T06:55:05,like
r0007652,post000537,u00380,2025-03-25T07:01:42,like
r0007653,post000487,u00117,2025-03-25T07:02:21,like
r0007654,post000510,u00237,2025-03-25T07:04:04,like
r0007655,post000498,u00054,2025-03-25T07:05:55,support
r0007656,post000497,u00116,2025-03-25T07:08:16,like
r0007657,post000514,u00376,2025-03-25T07:12:16,like
r0007658,post000510,u00112,2025-03-25T07:17:22,like
r0007659,post000519,u00085,2025-03-25T07:18:57,like
r0007660,post000501,u00078,2025-03-25T07:19:50,like
r0007661,post000535,u00344,2025-03-25T07:21:13,like
r0007662,post000490,u00170,2025-03-25T07:26:31,like
r0007663,post000491,u00009,2025-03-25T07:29:16,insightful
r0007664,post000490,u00234,2025-03-25T07:30:29,like
r0007665,post000523,u00142,2025-03-25T07:32:08,like
r0007666,post000492,u00265,2025-03-25T07:33:26,like
r0007667,post000540,u00374,2025-03-25T07:34:16,like
r0007668,post000521,u00333,2025-03-25T07:34:37,insightful
r0007669,post000524,u00037,2025-03-25T07:36:37,like
r0007670,post000532,u00087,2025-03-25T07:36:59,like
r0007671,post000518,u00015,2025-03-25T07:39:48,like
r0007672,post000502,u00258,2025-03-25T07:50:36,like
r0007673,post000541,u00274,2025-03-25T07:56:40,like
r0007674,post000499,u00188,2025-03-25T07:58:21,like
r0007675,post000514,u00064,2025-03-25T08:00:31,like
r0007676,post000487,u00156,2025-03-25T08:04:25,like
r0007677,post000524,u00289,2025-03-25T08:05:07,support
r0007678,post000486,u00227,2025-03-25T08:05:22,support
r0007679,post000539,u00132,2025-03-25T08:05:24,like
r0007680,post000506,u00291,2025-03-25T08:06:13,like
r0007681,post000536,u00360,2025-03-25T08:14:49,like
r0007682,post000519,u00358,2025-03-25T08:16:45,insightful
r0007683,post000498,u00196,2025-03-25T08:19:07,like
r0007684,post000531,u00131,2025-03-25T08:21:04,like
r0007685,post000508,u00138,2025-03-25T08:22:12,like
r0007686,post000513,u00114,2025-03-25T08:22:49,like
r0007687,post000489,u00071,2025-03-25T08:23:25,like
r0007688,post000519,u00237,2025-03-25T08:23:40,insightful
r0007689,post000537,u00186,2025-03-25T08:28:16,like
r0007690,post000523,u00170,2025-03-25T08:29:27,like
r0007691,post000539,u00185,2025-03-25T08:30:42,support
r0007692,post000514,u00061,2025-03-25T08:35:11,like
r0007693,post000545,u00029,2025-03-25T08:35:22,like
r0007694,post000528,u00310,2025-03-25T08:41:21,support
r0007695,post000501,u00300,2025-03-25T08:44:49,like
r0007696,post000511,u00343,2025-03-25T08:50:23,like
r0007697,post000507,u00240,2025-03-25T08:52:55,like
r0007698,post000533,u00117,2025-03-25T08:53:43,like
r0007699,post000505,u00087,2025-03-25T08:56:41,insightful
r0007700,post000513,u00037,2025-03-25T08:57:08,like
r0007701,post000510,u00348,2025-03-25T09:02:06,like
r0007702,post000497,u00308,2025-03-25T09:02:06,insightful
r0007703,post000516,u00314,2025-03-25T09:02:37,like
r0007704,post000523,u00253,2025-03-25T09:03:11,like
r0007705,post000517,u00168,2025-03-25T09:03:28,celebrate
r0007706,post000544,u00394,2025-03-25T09:04:40,like
r0007707,post000538,u00291,2025-03-25T09:06:09,celebrate
r0007708,post000524,u00293,2025-03-25T09:09:50,like
r0007709,post000505,u00128,2025-03-25T09:10:51,like
r0007710,post000519,u00112,2025-03-25T09:19:12,like
r0007711,post000497,u00253,2025-03-25T09:19:46,like
r0007712,post000520,u00376,2025-03-25T09:19:50,insightful
r0007713,post000517,u00259,2025-03-25T09:26:45,like
r0007714,post000497,u00250,2025-03-25T09:28:02,insightful
r0007715,post000532,u00159,2025-03-25T09:28:11,like
r0007716,post000522,u00320,2025-03-25T09:30:18,like
r0007717,post000490,u00127,2025-03-25T09:31:59,like
r0007718,post000548,u00133,2025-03-25T09:34:41,support
r0007719,post000531,u00252,2025-03-25T09:39:22,like
r0007720,post000496,u00097,2025-03-25T09:40:24,insightful
r0007721,post000508,u00250,2025-03-25T09:44:11,like
r0007722,post000515,u00101,2025-03-25T09:44:45,like
r0007723,post000525,u00168,2025-03-25T09:45:52,like
r0007724,post000525,u00066,2025-03-25T09:46:38,like
r0007725,post000496,u00174,2025-03-25T09:47:52,like
r0007726,post000521,u00374,2025-03-25T09:48:46,celebrate
r0007727,post000500,u00355,2025-03-25T09:48:50,like
r0007728,post000537,u00237,2025-03-25T09:52:31,like
r0007729,post000542,u00340,2025-03-25T09:52:33,like
r0007730,post000530,u00329,2025-03-25T09:52:44,like
r0007731,post000530,u00358,2025-03-25T09:53:52,celebrate
r0007732,post000531,u00023,2025-03-25T09:54:34,celebrate
r0007733,post000500,u00337,2025-03-25T09:58:08,support
r0007734,post000537,u00286,2025-03-25T10:00:45,like
r0007735,post000543,u00351,2025-03-25T10:02:01,like
r0007736,post000510,u00101,2025-03-25T10:02:44,celebrate
r0007737,post000547,u00351,2025-03-25T10:03:23,like
r0007738,post000534,u00339,2025-03-25T10:03:32,insightful
r0007739,post000548,u00224,2025-03-25T10:14:46,celebrate
r0007740,post000500,u00246,2025-03-25T10:15:32,insightful
r0007741,post000531,u00205,2025-03-25T10:16:13,celebrate
r0007742,post000535,u00397,2025-03-25T10:16:53,celebrate
r0007743,post000524,u00095,2025-03-25T10:17:32,like
r0007744,post000534,u00036,2025-03-25T10:21:52,like
r0007745,post000507,u00274,2025-03-25T10:23:26,support
r0007746,post000512,u00339,2025-03-25T10:23:30,like
r0007747,post000498,u00268,2025-03-25T10:27:46,support
r0007748,post000534,u00259,2025-03-25T10:33:23,like
r0007749,post000536,u00109,2025-03-25T10:33:31,like
r0007750,post000544,u00341,2025-03-25T10:35:09,like
r0007751,post000495,u00029,2025-03-25T10:37:14,like
r0007752,post000516,u00211,2025-03-25T10:41:18,like
r0007753,post000510,u00308,2025-03-25T10:43:00,celebrate
r0007754,post000496,u00065,2025-03-25T10:44:21,like
r0007755,post000535,u00308,2025-03-25T10:46:22,celebrate
r0007756,post000514,u00128,2025-03-25T10:47:10,like
r0007757,post000533,u00348,2025-03-25T10:47:20,like
r0007758,post000505,u00124,2025-03-25T10:54:35,celebrate
r0007759,post000552,u00174,2025-03-25T10:57:04,like
r0007760,post000510,u00117,2025-03-25T10:57:14,support
r0007761,post000496,u00112,2025-03-25T10:57:57,like
r0007762,post000512,u00274,2025-03-25T11:01:00,like
r0007763,post000501,u00300,2025-03-25T11:05:18,like
r0007764,post000515,u00394,2025-03-25T11:08:41,like
r0007765,post000499,u00362,2025-03-25T11:10:33,celebrate
r0007766,post000532,u00023,2025-03-25T11:14:32,like
r0007767,post000508,u00358,2025-03-25T11:15:18,like
r0007768,post000504,u00250,2025-03-25T11:15:22,like
r0007769,post000553,u00112,2025-03-25T11:16:57,like
r0007770,post000496,u00288,2025-03-25T11:19:41,like
r0007771,post000526,u00240,2025-03-25T11:20:53,like
r0007772,post000546,u00042,2025-03-25T11:24:50,like
r0007773,post000534,u00370,2025-03-25T11:27:36,support
r0007774,post000545,u00128,2025-03-25T11:29:36,like
r0007775,post000553,u00259,2025-03-25T11:30:47,like
r0007776,post000505,u00382,2025-03-25T11:33:34,like
r0007777,post000521,u00325,2025-03-25T11:34:56,like
r0007778,post000518,u00369,2025-03-25T11:35:05,like
r0007779,post000536,u00196,2025-03-25T11:35:17,like
r0007780,post000540,u00185,2025-03-25T11:37:28,support
r0007781,post000499,u00397,2025-03-25T11:39:41,like
r0007782,post000521,u00308,2025-03-25T11:41:24,celebrate
r0007783,post000505,u00358,2025-03-25T11:41:41,like
r0007784,post000505,u00237,2025-03-25T11:43:19,support
r0007785,post000496,u00114,2025-03-25T11:45:20,insightful
r0007786,post000530,u00188,2025-03-25T11:55:52,like
r0007787,post000528,u00050,2025-03-25T11:59:21,celebrate
r0007788,post000545,u00063,2025-03-25T12:00:58,celebrate
r0007789,post000543,u00246,2025-03-25T12:03:21,support
r0007790,post000542,u00376,2025-03-25T12:03:23,like
r0007791,post000524,u00251,2025-03-25T12:12:11,like
r0007792,post000522,u00251,2025-03-25T12:12:22,like
r0007793,post000527,u00349,2025-03-25T12:13:07,like
r0007794,post000500,u00205,2025-03-25T12:14:20,insightful
r0007795,post000499,u00146,2025-03-25T12:15:02,like
r0007796,post000525,u00331,2025-03-25T12:16:55,like
r0007797,post000536,u00011,2025-03-25T12:18:02,like
r0007798,post000549,u00251,2025-03-25T12:19:35,like
r0007799,post000523,u00156,2025-03-25T12:19:54,like
r0007800,post000522,u00011,2025-03-25T12:21:13,insightful
r0007801,post000525,u00011,2025-03-25T12:21:19,support
r0007802,post000512,u00240,2025-03-25T12:22:03,like
r0007803,post000502,u00314,2025-03-25T12:26:13,like
r0007804,post000511,u00089,2025-03-25T12:28:09,celebrate
r0007805,post000527,u00329,2025-03-25T12:30:14,like
r0007806,post000508,u00300,2025-03-25T12:30:53,like
r0007807,post000547,u00101,2025-03-25T12:30:54,like
r0007808,post000530,u00202,2025-03-25T12:34:56,celebrate
r0007809,post000505,u00259,2025-03-25T12:36:20,support
r0007810,post000538,u00317,2025-03-25T12:41:17,like
r0007811,post000538,u00116,2025-03-25T12:42:09,like
r0007812,post000552,u00117,2025-03-25T12:42:14,like
r0007813,post000532,u00277,2025-03-25T12:43:53,like
r0007814,post000505,u00329,2025-03-25T12:45:29,like
r0007815,post000498,u00156,2025-03-25T12:48:14,support
r0007816,post000500,u00199,2025-03-25T12:48:34,like
r0007817,post000531,u00306,2025-03-25T12:49:27,celebrate
r0007818,post000525,u00185,2025-03-25T12:51:33,like
r0007819,post000540,u00087,2025-03-25T12:51:38,like
r0007820,post000530,u00339,2025-03-25T12:56:03,insightful
r0007821,post000501,u00050,2025-03-25T12:58:37,celebrate
r0007822,post000522,u00090,2025-03-25T12:58:57,like
r0007823,post000506,u00202,2025-03-25T12:59:15,like
r0007824,post000528,u00205,2025-03-25T12:59:39,like
r0007825,post000499,u00174,2025-03-25T13:00:05,like
r0007826,post000515,u00339,2025-03-25T13:00:32,like
r0007827,post000525,u00054,2025-03-25T13:03:37,celebrate
r0007828,post000503,u00291,2025-03-25T13:04:50,celebrate
r0007829,post000519,u00274,2025-03-25T13:06:48,like
r0007830,post000553,u00025,2025-03-25T13:08:37,insightful
r0007831,post000514,u00112,2025-03-25T13:09:05,like
r0007832,post000537,u00288,2025-03-25T13:10:58,like
r0007833,post000552,u00267,2025-03-25T13:13:35,like
r0007834,post000528,u00362,2025-03-25T13:15:43,support
r0007835,post000499,u00341,2025-03-25T13:16:22,celebrate
r0007836,post000539,u00006,2025-03-25T13:16:32,like
r0007837,post000499,u00268,2025-03-25T13:20:22,like
r0007838,post000515,u00314,2025-03-25T13:24:09,like
r0007839,post000503,u00066,2025-03-25T13:24:18,insightful
r0007840,post000541,u00259,2025-03-25T13:25:33,like
r0007841,post000554,u00125,2025-03-25T13:27:19,like
r0007842,post000498,u00253,2025-03-25T13:27:28,celebrate
r0007843,post000506,u00360,2025-03-25T13:27:29,celebrate
r0007844,post000500,u00201,2025-03-25T13:27:44,insightful
r0007845,post000513,u00262,2025-03-25T13:33:06,like
r0007846,post000539,u00056,2025-03-25T13:34:51,like
r0007847,post000526,u00237,2025-03-25T13:35:08,like
r0007848,post000538,u00338,2025-03-25T13:36:10,support
r0007849,post000524,u00052,2025-03-25T13:38:09,like
r0007850,post000516,u00366,2025-03-25T13:39:08,support
r0007851,post000533,u00306,2025-03-25T13:39:53,like
r0007852,post000500,u00054,2025-03-25T13:42:17,like
r0007853,post000519,u00114,2025-03-25T13:42:29,like
r0007854,post000541,u00125,2025-03-25T13:43:51,like
r0007855,post000547,u00153,2025-03-25T13:44:27,like
r0007856,post000533,u00267,2025-03-25T13:46:30,celebrate
r0007857,post000552,u00064,2025-03-25T13:47:19,celebrate
r0007858,post000501,u00370,2025-03-25T13:48:56,like
r0007859,post000522,u00062,2025-03-25T13:53:48,like
r0007860,post000555,u00020,2025-03-25T13:57:03,insightful
r0007861,post000546,u00339,2025-03-25T13:59:54,like
r0007862,post000542,u00252,2025-03-25T14:00:42,like
r0007863,post000530,u00012,2025-03-25T14:10:20,celebrate
r0007864,post000510,u00129,2025-03-25T14:10:24,support
r0007865,post000505,u00289,2025-03-25T14:11:59,like
r0007866,post000537,u00117,2025-03-25T14:13:42,like
r0007867,post000509,u00260,2025-03-25T14:15:06,like
r0007868,post000555,u00097,2025-03-25T14:20:55,like
r0007869,post000515,u00061,2025-03-25T14:21:57,like
r0007870,post000505,u00370,2025-03-25T14:24:06,celebrate
r0007871,post000501,u00255,2025-03-25T14:28:12,like
r0007872,post000550,u00252,2025-03-25T14:29:37,celebrate
r0007873,post000500,u00048,2025-03-25T14:29:57,like
r0007874,post000514,u00054,2025-03-25T14:37:33,like
r0007875,post000540,u00117,2025-03-25T14:40:39,insightful
r0007876,post000550,u00020,2025-03-25T14:44:49,like
r0007877,post000530,u00120,2025-03-25T14:48:41,like
r0007878,post000550,u00337,2025-03-25T14:50:50,like
r0007879,post000550,u00265,2025-03-25T14:50:52,like
r0007880,post000547,u00156,2025-03-25T14:55:49,celebrate
r0007881,post000541,u00209,2025-03-25T14:57:41,like
r0007882,post000546,u00343,2025-03-25T15:05:20,like
r0007883,post000502,u00186,2025-03-25T15:12:38,like
r0007884,post000512,u00117,2025-03-25T15:15:38,like
r0007885,post000560,u00333,2025-03-25T15:18:17,like
r0007886,post000538,u00156,2025-03-25T15:19:29,like
r0007887,post000515,u00318,2025-03-25T15:22:00,like
r0007888,post000519,u00004,2025-03-25T15:30:00,like
r0007889,post000526,u00071,2025-03-25T15:31:25,like
r0007890,post000553,u00166,2025-03-25T15:35:18,like
r0007891,post000559,u00325,2025-03-25T15:36:24,support
r0007892,post000511,u00011,2025-03-25T15:41:28,insightful
r0007893,post000536,u00020,2025-03-25T15:43:10,like
r0007894,post000546,u00210,2025-03-25T15:50:11,insightful
r0007895,post000554,u00254,2025-03-25T15:57:58,like
r0007896,post000502,u00326,2025-03-25T15:58:16,like
r0007897,post000525,u00268,2025-03-25T15:58:58,support
r0007898,post000529,u00348,2025-03-25T16:02:24,like
r0007899,post000543,u00348,2025-03-25T16:03:52,like
r0007900,post000553,u00156,2025-03-25T16:05:41,like
r0007901,post000529,u00264,2025-03-25T16:11:32,like
r0007902,post000525,u00252,2025-03-25T16:11:47,celebrate
r0007903,post000557,u00065,2025-03-25T16:11:58,like
r0007904,post000507,u00362,2025-03-25T16:12:25,like
r0007905,post000515,u00381,2025-03-25T16:28:20,like
r0007906,post000520,u00331,2025-03-25T16:32:24,like
r0007907,post000526,u00369,2025-03-25T16:33:30,like
r0007908,post000546,u00020,2025-03-25T16:35:26,like
r0007909,post000531,u00259,2025-03-25T16:39:25,like
r0007910,post000507,u00371,2025-03-25T16:43:32,like
r0007911,post000517,u00286,2025-03-25T16:44:24,like
r0007912,post000505,u00012,2025-03-25T16:49:56,like
r0007913,post000536,u00237,2025-03-25T16:56:48,like
r0007914,post000544,u00020,2025-03-25T16:59:56,like
r0007915,post000518,u00021,2025-03-25T17:08:55,support
r0007916,post000520,u00188,2025-03-25T17:10:03,like
r0007917,post000531,u00133,2025-03-25T17:12:13,like
r0007918,post000524,u00129,2025-03-25T17:13:11,insightful
r0007919,post000557,u00238,2025-03-25T17:19:38,support
r0007920,post000517,u00362,2025-03-25T17:27:14,like
r0007921,post000555,u00054,2025-03-25T17:28:48,like
r0007922,post000540,u00360,2025-03-25T17:28:56,like
r0007923,post000526,u00371,2025-03-25T17:34:00,like
r0007924,post000561,u00153,2025-03-25T17:35:23,like
r0007925,post000551,u00105,2025-03-25T17:41:26,like
r0007926,post000513,u00394,2025-03-25T17:45:56,like
r0007927,post000524,u00036,2025-03-25T17:49:29,like
r0007928,post000550,u00130,2025-03-25T17:55:06,like
r0007929,post000552,u00021,2025-03-25T17:57:11,like
r0007930,post000510,u00009,2025-03-25T17:59:26,like
r0007931,post000542,u00186,2025-03-25T18:03:17,like
r0007932,post000533,u00009,2025-03-25T18:23:46,support
r0007933,post000528,u00129,2025-03-25T18:46:14,like
r0007934,post000562,u00282,2025-03-25T18:46:17,like
r0007935,post000507,u00046,2025-03-25T18:56:27,like
r0007936,post000537,u00164,2025-03-25T19:04:27,celebrate
r0007937,post000563,u00211,2025-03-25T19:06:04,like
r0007938,post000560,u00341,2025-03-25T19:07:13,like
r0007939,post000520,u00099,2025-03-25T19:09:15,like
r0007940,post000524,u00211,2025-03-25T19:10:19,like
r0007941,post000544,u00340,2025-03-25T19:12:18,support
r0007942,post000508,u00234,2025-03-25T19:17:14,like
r0007943,post000543,u00036,2025-03-25T19:24:55,celebrate
r0007944,post000558,u00108,2025-03-25T19:54:49,support
r0007945,post000561,u00023,2025-03-25T19:56:03,like
r0007946,post000558,u00259,2025-03-25T20:00:57,support
r0007947,post000543,u00241,2025-03-25T20:14:30,like
r0007948,post000514,u00237,2025-03-25T20:28:06,like
r0007949,post000561,u00394,2025-03-25T20:32:11,like
r0007950,post000516,u00117,2025-03-25T20:37:40,like
r0007951,post000548,u00186,2025-03-25T20:39:56,celebrate
r0007952,post000530,u00240,2025-03-25T20:56:44,like
r0007953,post000533,u00035,2025-03-25T21:08:37,like
r0007954,post000561,u00274,2025-03-25T21:16:30,like
r0007955,post000562,u00200,2025-03-25T21:29:11,like
r0007956,post000540,u00376,2025-03-25T21:47:23,like
r0007957,post000562,u00267,2025-03-25T21:51:16,like
r0007958,post000548,u00108,2025-03-25T21:55:28,like
r0007959,post000514,u00304,2025-03-25T22:06:11,insightful
r0007960,post000546,u00021,2025-03-25T22:15:26,like
r0007961,post000548,u00337,2025-03-25T22:18:42,support
r0007962,post000556,u00306,2025-03-25T22:18:47,insightful
r0007963,post000555,u00036,2025-03-25T22:32:22,like
r0007964,post000533,u00114,2025-03-25T22:38:26,insightful
r0007965,post000511,u00026,2025-03-25T22:46:52,like
r0007966,post000531,u00318,2025-03-25T22:48:41,insightful
r0007967,post000537,u00352,2025-03-25T22:50:37,support
r0007968,post000537,u00247,2025-03-25T22:58:09,like
r0007969,post000551,u00354,2025-03-25T23:04:36,like
r0007970,post000564,u00276,2025-03-25T23:14:32,like
r0007971,post000546,u00087,2025-03-25T23:18:08,like
r0007972,post000566,u00036,2025-03-25T23:23:12,like
r0007973,post000553,u00065,2025-03-25T23:37:22,support
r0007974,post000560,u00298,2025-03-25T23:38:51,like
r0007975,post000540,u00287,2025-03-25T23:44:56,like
r0007976,post000522,u00087,2025-03-25T23:45:15,insightful
r0007977,post000525,u00020,2025-03-25T23:48:16,support
r0007978,post000510,u00129,2025-03-25T23:51:25,like
r0007979,post000524,u00039,2025-03-26T00:13:26,like
r0007980,post000568,u00083,2025-03-26T00:21:50,like
r0007981,post000533,u00006,2025-03-26T00:25:20,like
r0007982,post000516,u00069,2025-03-26T00:27:44,celebrate
r0007983,post000558,u00192,2025-03-26T00:49:34,insightful
r0007984,post000534,u00329,2025-03-26T00:53:49,like
r0007985,post000544,u00141,2025-03-26T00:56:00,like
r0007986,post000562,u00040,2025-03-26T00:57:58,celebrate
r0007987,post000516,u00238,2025-03-26T00:58:12,support
r0007988,post000535,u00235,2025-03-26T00:58:46,insightful
r0007989,post000535,u00352,2025-03-26T01:00:04,like
r0007990,post000570,u00333,2025-03-26T01:00:47,like
r0007991,post000560,u00369,2025-03-26T01:11:33,like
r0007992,post000526,u00304,2025-03-26T01:24:50,like
r0007993,post000570,u00112,2025-03-26T01:32:47,like
r0007994,post000519,u00384,2025-03-26T01:46:59,like
r0007995,post000540,u00234,2025-03-26T01:56:06,insightful
r0007996,post000564,u00339,2025-03-26T01:57:23,like
r0007997,post000568,u00343,2025-03-26T01:59:56,like
r0007998,post000568,u00265,2025-03-26T02:00:11,like
r0007999,post000540,u00265,2025-03-26T02:07:33,like
r0008000,post000513,u00271,2025-03-26T02:11:48,support
r0008001,post000534,u00098,2025-03-26T02:14:34,like
r0008002,post000567,u00128,2025-03-26T02:24:00,support
r0008003,post000569,u00252,2025-03-26T02:25:59,like
r0008004,post000517,u00049,2025-03-26T02:32:09,insightful
r0008005,post000568,u00240,2025-03-26T02:43:29,like
r0008006,post000564,u00096,2025-03-26T02:44:54,celebrate
r0008007,post000563,u00376,2025-03-26T02:45:00,support
r0008008,post000551,u00160,2025-03-26T02:49:54,like
r0008009,post000544,u00006,2025-03-26T02:51:10,celebrate
r0008010,post000547,u00231,2025-03-26T02:56:35,insightful
r0008011,post000517,u00211,2025-03-26T03:04:22,like
r0008012,post000554,u00012,2025-03-26T03:09:07,insightful
r0008013,post000539,u00089,2025-03-26T03:14:36,support
r0008014,post000551,u00123,2025-03-26T03:15:20,like
r0008015,post000540,u00126,2025-03-26T03:17:03,like
r0008016,post000542,u00304,2025-03-26T03:25:16,like
r0008017,post000538,u00285,2025-03-26T03:31:10,like
r0008018,post000548,u00114,2025-03-26T03:52:26,like
r0008019,post000536,u00384,2025-03-26T04:06:15,like
r0008020,post000555,u00234,2025-03-26T04:07:03,like
r0008021,post000571,u00272,2025-03-26T04:07:41,like
r0008022,post000557,u00358,2025-03-26T04:14:25,support
r0008023,post000523,u00285,2025-03-26T04:21:47,support
r0008024,post000531,u00355,2025-03-26T04:26:57,insightful
r0008025,post000515,u00369,2025-03-26T04:39:11,like
r0008026,post000516,u00265,2025-03-26T04:43:29,like
r0008027,post000533,u00352,2025-03-26T04:43:53,like
r0008028,post000531,u00174,2025-03-26T04:44:13,like
r0008029,post000542,u00098,2025-03-26T04:54:03,like
r0008030,post000553,u00127,2025-03-26T05:07:37,like
r0008031,post000555,u00282,2025-03-26T05:10:06,like
r0008032,post000536,u00308,2025-03-26T05:27:52,like
r0008033,post000550,u00328,2025-03-26T05:39:08,like
r0008034,post000534,u00283,2025-03-26T05:43:59,like
r0008035,post000547,u00224,2025-03-26T05:44:37,insightful
r0008036,post000551,u00039,2025-03-26T05:44:37,insightful
r0008037,post000557,u00053,2025-03-26T05:45:50,support
r0008038,post000574,u00194,2025-03-26T06:03:08,like
r0008039,post000569,u00241,2025-03-26T06:04:05,celebrate
r0008040,post000545,u00329,2025-03-26T06:04:42,support
r0008041,post000519,u00055,2025-03-26T06:11:45,like
r0008042,post000540,u00194,2025-03-26T06:13:48,like
r0008043,post000571,u00125,2025-03-26T06:18:41,like
r0008044,post000517,u00276,2025-03-26T06:22:20,insightful
r0008045,post000544,u00185,2025-03-26T06:27:44,like
r0008046,post000537,u00380,2025-03-26T06:29:44,like
r0008047,post000517,u00096,2025-03-26T06:33:14,celebrate
r0008048,post000518,u00281,2025-03-26T06:54:25,like
r0008049,post000522,u00359,2025-03-26T06:56:24,like
r0008050,post000542,u00397,2025-03-26T07:08:42,insightful
r0008051,post000564,u00369,2025-03-26T07:20:51,celebrate
r0008052,post000545,u00394,2025-03-26T07:25:41,like
r0008053,post000518,u00185,2025-03-26T07:33:31,like
r0008054,post000519,u00048,2025-03-26T07:39:12,like
r0008055,post000567,u00364,2025-03-26T07:42:30,like
r0008056,post000549,u00101,2025-03-26T07:42:32,insightful
r0008057,post000525,u00331,2025-03-26T07:46:09,support
r0008058,post000573,u00329,2025-03-26T07:46:45,like
r0008059,post000572,u00338,2025-03-26T07:47:31,like
r0008060,post000568,u00218,2025-03-26T07:51:03,support
r0008061,post000545,u00245,2025-03-26T07:54:09,like
r0008062,post000545,u00098,2025-03-26T08:01:20,like
r0008063,post000518,u00098,2025-03-26T08:02:02,like
r0008064,post000554,u00305,2025-03-26T08:04:08,like
r0008065,post000530,u00364,2025-03-26T08:08:47,like
r0008066,post000561,u00185,2025-03-26T08:08:56,celebrate
r0008067,post000552,u00120,2025-03-26T08:10:12,like
r0008068,post000533,u00240,2025-03-26T08:11:39,like
r0008069,post000570,u00341,2025-03-26T08:15:22,like
r0008070,post000566,u00394,2025-03-26T08:15:36,like
r0008071,post000550,u00185,2025-03-26T08:18:55,like
r0008072,post000532,u00040,2025-03-26T08:19:06,like
r0008073,post000534,u00166,2025-03-26T08:23:43,celebrate
r0008074,post000575,u00256,2025-03-26T08:24:20,like
r0008075,post000554,u00106,2025-03-26T08:24:34,like
r0008076,post000565,u00341,2025-03-26T08:25:48,support
r0008077,post000537,u00185,2025-03-26T08:34:30,celebrate
r0008078,post000562,u00337,2025-03-26T08:36:14,like
r0008079,post000555,u00235,2025-03-26T08:37:09,like
r0008080,post000553,u00312,2025-03-26T08:40:50,like
r0008081,post000565,u00358,2025-03-26T08:40:54,like
r0008082,post000560,u00344,2025-03-26T08:46:54,like
r0008083,post000540,u00392,2025-03-26T08:48:35,support
r0008084,post000519,u00333,2025-03-26T08:50:05,like
r0008085,post000521,u00063,2025-03-26T08:52:17,like
r0008086,post000521,u00343,2025-03-26T08:52:22,like
r0008087,post000548,u00096,2025-03-26T09:03:17,celebrate
r0008088,post000569,u00285,2025-03-26T09:09:13,like
r0008089,post000575,u00277,2025-03-26T09:09:58,celebrate
r0008090,post000562,u00382,2025-03-26T09:11:14,like
r0008091,post000522,u00114,2025-03-26T09:15:21,support
r0008092,post000551,u00251,2025-03-26T09:22:55,like
r0008093,post000521,u00304,2025-03-26T09:27:01,like
r0008094,post000577,u00305,2025-03-26T09:28:33,celebrate
r0008095,post000528,u00069,2025-03-26T09:31:16,like
r0008096,post000523,u00114,2025-03-26T09:36:53,like
r0008097,post000571,u00003,2025-03-26T09:37:10,celebrate
r0008098,post000530,u00147,2025-03-26T09:37:32,insightful
r0008099,post000541,u00003,2025-03-26T09:41:50,like
r0008100,post000528,u00182,2025-03-26T09:42:15,like
r0008101,post000543,u00333,2025-03-26T09:42:31,like
r0008102,post000570,u00253,2025-03-26T09:42:54,like
r0008103,post000550,u00312,2025-03-26T09:51:59,support
r0008104,post000570,u00394,2025-03-26T09:52:47,like
r0008105,post000567,u00253,2025-03-26T09:56:43,support
r0008106,post000550,u00096,2025-03-26T09:57:32,like
r0008107,post000549,u00245,2025-03-26T10:01:04,like
r0008108,post000554,u00230,2025-03-26T10:01:23,like
r0008109,post000578,u00006,2025-03-26T10:03:13,like
r0008110,post000531,u00039,2025-03-26T10:09:51,celebrate
r0008111,post000550,u00333,2025-03-26T10:10:17,like
r0008112,post000563,u00069,2025-03-26T10:10:30,like
r0008113,post000564,u00250,2025-03-26T10:11:56,support
r0008114,post000555,u00339,2025-03-26T10:12:23,insightful
r0008115,post000554,u00251,2025-03-26T10:15:02,support
r0008116,post000573,u00003,2025-03-26T10:16:29,like
r0008117,post000576,u00374,2025-03-26T10:21:35,like
r0008118,post000555,u00281,2025-03-26T10:23:30,like
r0008119,post000536,u00213,2025-03-26T10:23:46,like
r0008120,post000539,u00313,2025-03-26T10:27:24,like
r0008121,post000558,u00190,2025-03-26T10:29:09,insightful
r0008122,post000563,u00383,2025-03-26T10:29:36,insightful
r0008123,post000575,u00067,2025-03-26T10:30:41,insightful
r0008124,post000558,u00006,2025-03-26T10:32:16,like
r0008125,post000568,u00098,2025-03-26T10:32:41,like
r0008126,post000531,u00338,2025-03-26T10:33:42,celebrate
r0008127,post000533,u00111,2025-03-26T10:33:58,insightful
r0008128,post000570,u00192,2025-03-26T10:35:41,celebrate
r0008129,post000560,u00187,2025-03-26T10:35:45,like
r0008130,post000578,u00125,2025-03-26T10:36:06,like
r0008131,post000577,u00385,2025-03-26T10:39:28,like
r0008132,post000545,u00034,2025-03-26T10:40:49,like
r0008133,post000549,u00268,2025-03-26T10:41:48,insightful
r0008134,post000535,u00024,2025-03-26T10:44:54,like
r0008135,post000573,u00098,2025-03-26T10:44:56,insightful
r0008136,post000526,u00089,2025-03-26T10:46:22,support
r0008137,post000555,u00333,2025-03-26T10:48:02,like
r0008138,post000523,u00385,2025-03-26T10:49:04,like
r0008139,post000524,u00262,2025-03-26T10:49:17,like
r0008140,post000546,u00006,2025-03-26T10:50:09,insightful
r0008141,post000551,u00037,2025-03-26T10:52:16,like
r0008142,post000577,u00308,2025-03-26T10:53:18,support
r0008143,post000550,u00129,2025-03-26T10:55:39,like
r0008144,post000535,u00343,2025-03-26T10:56:56,like
r0008145,post000572,u00335,2025-03-26T10:57:07,support
r0008146,post000553,u00337,2025-03-26T10:59:43,support
r0008147,post000582,u00342,2025-03-26T11:00:52,insightful
r0008148,post000533,u00395,2025-03-26T11:01:44,like
r0008149,post000533,u00121,2025-03-26T11:02:28,like
r0008150,post000552,u00226,2025-03-26T11:02:38,support
r0008151,post000531,u00160,2025-03-26T11:02:52,like
r0008152,post000563,u00329,2025-03-26T11:04:23,like
r0008153,post000552,u00098,2025-03-26T11:04:55,like
r0008154,post000580,u00168,2025-03-26T11:05:10,like
r0008155,post000566,u00330,2025-03-26T11:05:11,like
r0008156,post000548,u00121,2025-03-26T11:06:58,like
r0008157,post000555,u00098,2025-03-26T11:11:18,like
r0008158,post000527,u00009,2025-03-26T11:11:25,like
r0008159,post000577,u00382,2025-03-26T11:12:31,like
r0008160,post000561,u00125,2025-03-26T11:13:38,like
r0008161,post000554,u00133,2025-03-26T11:17:32,like
r0008162,post000572,u00009,2025-03-26T11:17:47,like
r0008163,post000580,u00348,2025-03-26T11:17:48,like
r0008164,post000549,u00306,2025-03-26T11:18:30,like
r0008165,post000555,u00174,2025-03-26T11:19:27,like
r0008166,post000526,u00129,2025-03-26T11:25:49,support
r0008167,post000530,u00185,2025-03-26T11:28:37,like
r0008168,post000537,u00291,2025-03-26T11:40:21,like
r0008169,post000545,u00253,2025-03-26T11:40:47,like
r0008170,post000542,u00006,2025-03-26T11:41:05,insightful
r0008171,post000558,u00281,2025-03-26T11:43:25,like
r0008172,post000563,u00046,2025-03-26T11:44:07,celebrate
r0008173,post000560,u00129,2025-03-26T11:46:23,celebrate
r0008174,post000537,u00254,2025-03-26T11:46:35,like
r0008175,post000540,u00052,2025-03-26T11:50:58,like
r0008176,post000581,u00281,2025-03-26T11:52:55,celebrate
r0008177,post000566,u00053,2025-03-26T11:52:56,like
r0008178,post000578,u00112,2025-03-26T11:55:02,like
r0008179,post000547,u00383,2025-03-26T11:56:36,like
r0008180,post000563,u00336,2025-03-26T11:57:39,celebrate
r0008181,post000584,u00308,2025-03-26T12:01:24,like
r0008182,post000545,u00301,2025-03-26T12:03:17,insightful
r0008183,post000574,u00000,2025-03-26T12:04:12,support
r0008184,post000557,u00192,2025-03-26T12:05:02,like
r0008185,post000565,u00310,2025-03-26T12:06:04,like
r0008186,post000577,u00175,2025-03-26T12:07:07,like
r0008187,post000555,u00337,2025-03-26T12:10:25,support
r0008188,post000574,u00350,2025-03-26T12:11:39,like
r0008189,post000528,u00362,2025-03-26T12:11:55,celebrate
r0008190,post000535,u00191,2025-03-26T12:14:33,support
r0008191,post000563,u00301,2025-03-26T12:19:02,like
r0008192,post000554,u00392,2025-03-26T12:24:00,like
r0008193,post000540,u00310,2025-03-26T12:25:34,like
r0008194,post000584,u00174,2025-03-26T12:26:01,like
r0008195,post000529,u00120,2025-03-26T12:29:34,like
r0008196,post000556,u00283,2025-03-26T12:31:07,like
r0008197,post000559,u00026,2025-03-26T12:31:41,like
r0008198,post000529,u00009,2025-03-26T12:31:55,like
r0008199,post000534,u00268,2025-03-26T12:32:36,like
r0008200,post000543,u00343,2025-03-26T12:36:45,like
r0008201,post000584,u00333,2025-03-26T12:39:42,like
r0008202,post000550,u00185,2025-03-26T12:40:56,like
r0008203,post000561,u00190,2025-03-26T12:41:52,insightful
r0008204,post000579,u00230,2025-03-26T12:42:05,like
r0008205,post000562,u00350,2025-03-26T12:49:25,like
r0008206,post000535,u00146,2025-03-26T12:50:12,like
r0008207,post000565,u00395,2025-03-26T12:51:25,like
r0008208,post000569,u00265,2025-03-26T12:52:36,like
r0008209,post000583,u00160,2025-03-26T12:52:55,like
r0008210,post000528,u00221,2025-03-26T12:56:09,support
r0008211,post000565,u00395,2025-03-26T12:56:38,like
r0008212,post000581,u00265,2025-03-26T12:58:08,like
r0008213,post000540,u00355,2025-03-26T13:01:16,like
r0008214,post000582,u00383,2025-03-26T13:01:54,like
r0008215,post000542,u00282,2025-03-26T13:03:56,like
r0008216,post000547,u00341,2025-03-26T13:05:23,like
r0008217,post000530,u00039,2025-03-26T13:08:03,like
r0008218,post000584,u00252,2025-03-26T13:09:11,like
r0008219,post000563,u00046,2025-03-26T13:11:16,like
r0008220,post000581,u00098,2025-03-26T13:15:56,support
r0008221,post000548,u00174,2025-03-26T13:20:23,like
r0008222,post000577,u00352,2025-03-26T13:21:33,insightful
r0008223,post000572,u00174,2025-03-26T13:22:26,like
r0008224,post000561,u00022,2025-03-26T13:24:15,like
r0008225,post000562,u00333,2025-03-26T13:25:12,like
r0008226,post000553,u00090,2025-03-26T13:27:25,like
r0008227,post000532,u00291,2025-03-26T13:28:00,support
r0008228,post000558,u00397,2025-03-26T13:31:12,insightful
r0008229,post000542,u00221,2025-03-26T13:31:55,insightful
r0008230,post000587,u00255,2025-03-26T13:32:56,like
r0008231,post000572,u00356,2025-03-26T13:34:49,support
r0008232,post000543,u00329,2025-03-26T13:36:03,like
r0008233,post000537,u00392,2025-03-26T13:36:46,celebrate
r0008234,post000565,u00335,2025-03-26T13:38:35,like
r0008235,post000545,u00120,2025-03-26T13:43:56,like
r0008236,post000587,u00146,2025-03-26T13:44:36,like
r0008237,post000573,u00127,2025-03-26T13:45:29,like
r0008238,post000553,u00003,2025-03-26T13:47:51,insightful
r0008239,post000578,u00093,2025-03-26T13:52:53,insightful
r0008240,post000585,u00245,2025-03-26T13:53:41,celebrate
r0008241,post000569,u00190,2025-03-26T13:54:14,like
r0008242,post000543,u00187,2025-03-26T13:54:37,insightful
r0008243,post000552,u00306,2025-03-26T13:55:45,like
r0008244,post000561,u00231,2025-03-26T14:02:37,like
r0008245,post000529,u00293,2025-03-26T14:04:36,like
r0008246,post000559,u00211,2025-03-26T14:06:59,support
r0008247,post000536,u00192,2025-03-26T14:07:29,insightful
r0008248,post000577,u00089,2025-03-26T14:09:41,like
r0008249,post000529,u00086,2025-03-26T14:11:34,like
r0008250,post000566,u00003,2025-03-26T14:13:04,like
r0008251,post000579,u00392,2025-03-26T14:24:25,like
r0008252,post000535,u00210,2025-03-26T14:24:49,like
r0008253,post000587,u00168,2025-03-26T14:26:36,like
r0008254,post000565,u00098,2025-03-26T14:27:18,like
r0008255,post000552,u00308,2025-03-26T14:28:13,like
r0008256,post000567,u00032,2025-03-26T14:29:21,like
r0008257,post000582,u00129,2025-03-26T14:30:03,like
r0008258,post000537,u00319,2025-03-26T14:31:51,like
r0008259,post000584,u00137,2025-03-26T14:36:16,support
r0008260,post000543,u00126,2025-03-26T14:38:07,like
r0008261,post000573,u00129,2025-03-26T14:41:29,like
r0008262,post000545,u00160,2025-03-26T14:42:38,like
r0008263,post000565,u00325,2025-03-26T14:44:14,support
r0008264,post000571,u00053,2025-03-26T14:45:13,like
r0008265,post000575,u00393,2025-03-26T14:45:58,like
r0008266,post000536,u00231,2025-03-26T14:45:59,like
r0008267,post000528,u00366,2025-03-26T14:46:53,like
r0008268,post000542,u00376,2025-03-26T14:53:18,like
r0008269,post000556,u00098,2025-03-26T14:54:30,like
r0008270,post000570,u00235,2025-03-26T14:57:15,like
r0008271,post000551,u00286,2025-03-26T15:02:54,like
r0008272,post000581,u00126,2025-03-26T15:04:35,like
r0008273,post000577,u00307,2025-03-26T15:10:47,insightful
r0008274,post000541,u00178,2025-03-26T15:12:52,insightful
r0008275,post000579,u00039,2025-03-26T15:13:34,insightful
r0008276,post000543,u00356,2025-03-26T15:13:52,like
r0008277,post000573,u00369,2025-03-26T15:16:01,celebrate
r0008278,post000562,u00040,2025-03-26T15:18:59,like
r0008279,post000551,u00040,2025-03-26T15:19:37,like
r0008280,post000541,u00127,2025-03-26T15:20:45,like
r0008281,post000537,u00380,2025-03-26T15:21:14,celebrate
r0008282,post000528,u00397,2025-03-26T15:25:39,like
r0008283,post000578,u00358,2025-03-26T15:25:43,like
r0008284,post000560,u00335,2025-03-26T15:26:26,like
r0008285,post000545,u00178,2025-03-26T15:28:28,like
r0008286,post000528,u00125,2025-03-26T15:29:59,insightful
r0008287,post000529,u00344,2025-03-26T15:29:59,insightful
r0008288,post000578,u00308,2025-03-26T15:31:49,like
r0008289,post000576,u00234,2025-03-26T15:33:45,like
r0008290,post000585,u00131,2025-03-26T15:34:07,like
r0008291,post000562,u00037,2025-03-26T15:41:36,insightful
r0008292,post000557,u00380,2025-03-26T15:41:51,like
r0008293,post000544,u00382,2025-03-26T15:42:48,like
r0008294,post000583,u00029,2025-03-26T15:45:36,like
r0008295,post000538,u00230,2025-03-26T15:45:54,support
r0008296,post000568,u00147,2025-03-26T15:46:37,like
r0008297,post000587,u00329,2025-03-26T15:47:58,like
r0008298,post000536,u00221,2025-03-26T15:49:19,like
r0008299,post000574,u00365,2025-03-26T15:53:40,celebrate
r0008300,post000529,u00321,2025-03-26T15:57:43,like
r0008301,post000555,u00265,2025-03-26T16:01:24,support
r0008302,post000563,u00267,2025-03-26T16:01:54,like
r0008303,post000551,u00281,2025-03-26T16:02:50,support
r0008304,post000534,u00244,2025-03-26T16:03:46,like
r0008305,post000540,u00185,2025-03-26T16:09:34,like
r0008306,post000568,u00231,2025-03-26T16:10:03,like
r0008307,post000545,u00159,2025-03-26T16:10:20,like
r0008308,post000574,u00352,2025-03-26T16:14:38,like
r0008309,post000563,u00352,2025-03-26T16:18:29,like
r0008310,post000534,u00307,2025-03-26T16:20:04,like
r0008311,post000577,u00174,2025-03-26T16:22:46,insightful
r0008312,post000544,u00358,2025-03-26T16:23:28,insightful
r0008313,post000551,u00032,2025-03-26T16:24:41,like
r0008314,post000552,u00268,2025-03-26T16:26:17,like
r0008315,post000549,u00113,2025-03-26T16:26:19,support
r0008316,post000571,u00221,2025-03-26T16:28:55,like
r0008317,post000560,u00384,2025-03-26T16:32:29,insightful
r0008318,post000550,u00133,2025-03-26T16:33:57,like
r0008319,post000552,u00326,2025-03-26T16:34:29,insightful
r0008320,post000588,u00021,2025-03-26T16:38:50,like
r0008321,post000530,u00244,2025-03-26T16:42:47,like
r0008322,post000571,u00167,2025-03-26T16:45:22,like
r0008323,post000539,u00329,2025-03-26T16:50:46,support
r0008324,post000540,u00190,2025-03-26T16:54:39,like
r0008325,post000578,u00268,2025-03-26T16:55:07,like
r0008326,post000577,u00333,2025-03-26T16:55:57,like
r0008327,post000573,u00230,2025-03-26T16:58:33,like
r0008328,post000563,u00256,2025-03-26T17:00:16,like
r0008329,post000559,u00133,2025-03-26T17:06:25,like
r0008330,post000576,u00245,2025-03-26T17:12:04,celebrate
r0008331,post000534,u00127,2025-03-26T17:13:50,like
r0008332,post000543,u00291,2025-03-26T17:17:15,support
r0008333,post000578,u00267,2025-03-26T17:19:33,like
r0008334,post000576,u00331,2025-03-26T17:24:06,like
r0008335,post000549,u00185,2025-03-26T17:35:59,like
r0008336,post000579,u00133,2025-03-26T17:37:30,like
r0008337,post000541,u00348,2025-03-26T17:37:42,like
r0008338,post000585,u00240,2025-03-26T17:46:06,like
r0008339,post000548,u00226,2025-03-26T17:51:14,insightful
r0008340,post000552,u00328,2025-03-26T17:54:42,like
r0008341,post000546,u00339,2025-03-26T18:08:28,celebrate
r0008342,post000563,u00131,2025-03-26T18:27:11,like
r0008343,post000552,u00218,2025-03-26T18:35:53,like
r0008344,post000567,u00127,2025-03-26T18:40:21,like
r0008345,post000549,u00012,2025-03-26T18:47:03,insightful
r0008346,post000542,u00262,2025-03-26T18:49:56,celebrate
r0008347,post000542,u00093,2025-03-26T18:51:51,like
r0008348,post000582,u00259,2025-03-26T18:59:19,support
r0008349,post000554,u00308,2025-03-26T19:16:37,like
r0008350,post000539,u00349,2025-03-26T19:26:40,like
r0008351,post000583,u00383,2025-03-26T19:28:31,like
r0008352,post000544,u00290,2025-03-26T19:40:31,support
r0008353,post000554,u00190,2025-03-26T19:43:15,support
r0008354,post000577,u00383,2025-03-26T19:51:36,like
r0008355,post000575,u00241,2025-03-26T19:53:23,insightful
r0008356,post000587,u00259,2025-03-26T19:54:32,support
r0008357,post000533,u00159,2025-03-26T19:58:39,like
r0008358,post000570,u00050,2025-03-26T20:06:11,celebrate
r0008359,post000552,u00285,2025-03-26T20:07:32,like
r0008360,post000582,u00166,2025-03-26T20:11:07,like
r0008361,post000546,u00063,2025-03-26T20:33:55,insightful
r0008362,post000560,u00240,2025-03-26T20:34:46,like
r0008363,post000558,u00250,2025-03-26T20:43:39,celebrate
r0008364,post000579,u00394,2025-03-26T20:45:19,like
r0008365,post000533,u00336,2025-03-26T20:45:59,like
r0008366,post000572,u00160,2025-03-26T20:59:21,like
r0008367,post000575,u00267,2025-03-26T21:02:22,like
r0008368,post000536,u00301,2025-03-26T21:02:44,insightful
r0008369,post000578,u00374,2025-03-26T21:03:19,celebrate
r0008370,post000557,u00160,2025-03-26T21:09:20,like
r0008371,post000586,u00355,2025-03-26T21:32:36,like
r0008372,post000589,u00129,2025-03-26T21:35:34,like
r0008373,post000587,u00287,2025-03-26T21:36:04,like
r0008374,post000585,u00349,2025-03-26T21:38:04,like
r0008375,post000541,u00174,2025-03-26T21:39:38,like
r0008376,post000547,u00245,2025-03-26T21:43:08,like
r0008377,post000585,u00285,2025-03-26T21:56:18,support
r0008378,post000553,u00159,2025-03-26T21:56:31,like
r0008379,post000567,u00380,2025-03-26T22:00:17,like
r0008380,post000546,u00254,2025-03-26T22:00:44,like
r0008381,post000551,u00174,2025-03-26T22:09:04,insightful
r0008382,post000544,u00339,2025-03-26T22:09:36,support
r0008383,post000551,u00319,2025-03-26T22:10:53,insightful
r0008384,post000574,u00089,2025-03-26T22:20:31,like
r0008385,post000589,u00039,2025-03-26T22:32:34,like
r0008386,post000561,u00304,2025-03-26T22:34:50,like
r0008387,post000556,u00187,2025-03-26T22:35:25,like
r0008388,post000566,u00308,2025-03-26T22:43:49,like
r0008389,post000551,u00285,2025-03-26T22:51:48,like
r0008390,post000560,u00210,2025-03-26T22:53:59,like
r0008391,post000569,u00254,2025-03-26T22:54:19,insightful
r0008392,post000583,u00189,2025-03-26T22:55:49,like
r0008393,post000571,u00321,2025-03-26T23:03:22,like
r0008394,post000533,u00129,2025-03-26T23:05:35,insightful
r0008395,post000584,u00355,2025-03-26T23:12:16,like
r0008396,post000544,u00129,2025-03-26T23:16:01,insightful
r0008397,post000555,u00120,2025-03-26T23:21:22,support
r0008398,post000560,u00308,2025-03-26T23:28:01,like
r0008399,post000581,u00006,2025-03-26T23:35:57,insightful
r0008400,post000546,u00203,2025-03-26T23:50:01,insightful
r0008401,post000584,u00352,2025-03-26T23:52:51,like
r0008402,post000560,u00168,2025-03-26T23:53:37,insightful
r0008403,post000586,u00035,2025-03-27T00:01:28,like
r0008404,post000573,u00249,2025-03-27T00:02:42,insightful
r0008405,post000559,u00163,2025-03-27T00:10:25,insightful
r0008406,post000544,u00040,2025-03-27T00:11:28,like
r0008407,post000542,u00331,2025-03-27T00:18:34,like
r0008408,post000592,u00209,2025-03-27T00:19:49,like
r0008409,post000538,u00252,2025-03-27T00:32:27,like
r0008410,post000589,u00174,2025-03-27T00:43:25,insightful
r0008411,post000570,u00306,2025-03-27T00:44:39,like
r0008412,post000545,u00291,2025-03-27T01:00:19,like
r0008413,post000576,u00120,2025-03-27T01:07:42,like
r0008414,post000564,u00065,2025-03-27T01:10:01,like
r0008415,post000544,u00229,2025-03-27T01:28:49,like
r0008416,post000552,u00036,2025-03-27T01:32:27,like
r0008417,post000589,u00328,2025-03-27T01:32:52,like
r0008418,post000593,u00007,2025-03-27T01:34:44,like
r0008419,post000542,u00207,2025-03-27T01:35:34,like
r0008420,post000563,u00098,2025-03-27T01:40:34,support
r0008421,post000581,u00271,2025-03-27T01:49:15,like
r0008422,post000548,u00146,2025-03-27T01:51:49,like
r0008423,post000564,u00212,2025-03-27T01:57:16,like
r0008424,post000542,u00146,2025-03-27T01:57:38,like
r0008425,post000588,u00225,2025-03-27T01:59:02,celebrate
r0008426,post000540,u00339,2025-03-27T01:59:33,like
r0008427,post000552,u00096,2025-03-27T02:02:03,insightful
r0008428,post000573,u00317,2025-03-27T02:02:59,like
r0008429,post000556,u00230,2025-03-27T02:21:07,like
r0008430,post000565,u00020,2025-03-27T02:45:31,support
r0008431,post000541,u00197,2025-03-27T02:47:22,like
r0008432,post000567,u00150,2025-03-27T02:47:40,like
r0008433,post000584,u00354,2025-03-27T02:49:29,celebrate
r0008434,post000559,u00174,2025-03-27T02:55:17,like
r0008435,post000540,u00055,2025-03-27T02:58:59,celebrate
r0008436,post000548,u00196,2025-03-27T03:04:58,like
r0008437,post000579,u00260,2025-03-27T03:06:46,like
r0008438,post000593,u00150,2025-03-27T03:12:22,like
r0008439,post000569,u00354,2025-03-27T03:29:15,like
r0008440,post000561,u00054,2025-03-27T03:42:05,like
r0008441,post000589,u00256,2025-03-27T03:44:42,like
r0008442,post000549,u00240,2025-03-27T03:45:53,like
r0008443,post000589,u00098,2025-03-27T04:18:06,like
r0008444,post000549,u00087,2025-03-27T04:28:23,like
r0008445,post000557,u00174,2025-03-27T04:40:27,like
r0008446,post000591,u00339,2025-03-27T04:42:42,like
r0008447,post000538,u00090,2025-03-27T04:44:52,like
r0008448,post000589,u00212,2025-03-27T04:45:46,like
r0008449,post000569,u00170,2025-03-27T04:54:55,support
r0008450,post000569,u00329,2025-03-27T05:04:21,like
r0008451,post000582,u00274,2025-03-27T05:18:44,like
r0008452,post000559,u00276,2025-03-27T05:21:24,insightful
r0008453,post000551,u00127,2025-03-27T05:21:29,like
r0008454,post000568,u00098,2025-03-27T05:23:18,like
r0008455,post000556,u00237,2025-03-27T05:27:46,like
r0008456,post000588,u00036,2025-03-27T05:29:17,like
r0008457,post000546,u00040,2025-03-27T05:29:36,like
r0008458,post000551,u00256,2025-03-27T05:32:46,like
r0008459,post000570,u00082,2025-03-27T05:34:11,like
r0008460,post000564,u00371,2025-03-27T05:35:11,like
r0008461,post000572,u00354,2025-03-27T05:38:12,support
r0008462,post000583,u00235,2025-03-27T05:43:13,like
r0008463,post000579,u00225,2025-03-27T05:57:35,insightful
r0008464,post000551,u00087,2025-03-27T06:06:56,like
r0008465,post000579,u00187,2025-03-27T06:13:10,like
r0008466,post000558,u00306,2025-03-27T06:17:15,celebrate
r0008467,post000579,u00298,2025-03-27T06:24:51,like
r0008468,post000549,u00193,2025-03-27T06:36:15,like
r0008469,post000554,u00120,2025-03-27T06:40:10,like
r0008470,post000569,u00192,2025-03-27T06:43:27,celebrate
r0008471,post000584,u00339,2025-03-27T06:49:31,like
r0008472,post000550,u00127,2025-03-27T06:54:33,like
r0008473,post000551,u00321,2025-03-27T07:10:57,like
r0008474,post000545,u00245,2025-03-27T07:11:20,support
r0008475,post000554,u00326,2025-03-27T07:14:28,like
r0008476,post000595,u00329,2025-03-27T07:18:15,like
r0008477,post000589,u00254,2025-03-27T07:23:53,like
r0008478,post000571,u00267,2025-03-27T07:24:19,celebrate
r0008479,post000586,u00245,2025-03-27T07:25:18,support
r0008480,post000574,u00274,2025-03-27T07:26:54,like
r0008481,post000566,u00072,2025-03-27T07:31:25,like
r0008482,post000543,u00260,2025-03-27T07:33:06,celebrate
r0008483,post000546,u00094,2025-03-27T07:39:09,like
r0008484,post000538,u00091,2025-03-27T07:44:26,support
r0008485,post000540,u00127,2025-03-27T07:51:12,like
r0008486,post000551,u00092,2025-03-27T07:52:13,like
r0008487,post000538,u00065,2025-03-27T07:52:58,support
r0008488,post000582,u00306,2025-03-27T07:54:49,like
r0008489,post000549,u00052,2025-03-27T07:55:17,celebrate
r0008490,post000556,u00343,2025-03-27T07:55:17,celebrate
r0008491,post000588,u00185,2025-03-27T08:02:32,like
r0008492,post000594,u00003,2025-03-27T08:04:48,like
r0008493,post000579,u00291,2025-03-27T08:12:43,like
r0008494,post000586,u00312,2025-03-27T08:13:48,support
r0008495,post000558,u00045,2025-03-27T08:24:19,like
r0008496,post000543,u00240,2025-03-27T08:24:24,like
r0008497,post000547,u00156,2025-03-27T08:24:40,like
r0008498,post000551,u00362,2025-03-27T08:28:26,insightful
r0008499,post000581,u00071,2025-03-27T08:28:49,celebrate
r0008500,post000572,u00329,2025-03-27T08:31:47,insightful
r0008501,post000554,u00312,2025-03-27T08:32:56,insightful
r0008502,post000566,u00037,2025-03-27T08:35:07,celebrate
r0008503,post000566,u00146,2025-03-27T08:35:18,like
r0008504,post000582,u00090,2025-03-27T08:37:28,insightful
r0008505,post000584,u00260,2025-03-27T08:40:02,like
r0008506,post000553,u00394,2025-03-27T08:40:10,like
r0008507,post000573,u00283,2025-03-27T08:46:11,support
r0008508,post000583,u00060,2025-03-27T08:47:11,support
r0008509,post000545,u00015,2025-03-27T08:50:03,like
r0008510,post000560,u00322,2025-03-27T08:50:04,support
r0008511,post000577,u00188,2025-03-27T08:50:08,like
r0008512,post000591,u00212,2025-03-27T08:50:58,like
r0008513,post000597,u00291,2025-03-27T08:51:14,like
r0008514,post000561,u00036,2025-03-27T08:52:45,like
r0008515,post000555,u00364,2025-03-27T08:53:06,like
r0008516,post000596,u00045,2025-03-27T08:53:44,like
r0008517,post000572,u00281,2025-03-27T08:57:28,like
r0008518,post000573,u00264,2025-03-27T08:58:56,celebrate
r0008519,post000561,u00291,2025-03-27T09:01:06,like
r0008520,post000568,u00064,2025-03-27T09:02:58,support
r0008521,post000586,u00163,2025-03-27T09:04:36,like
r0008522,post000563,u00329,2025-03-27T09:06:42,like
r0008523,post000579,u00241,2025-03-27T09:10:30,like
r0008524,post000589,u00240,2025-03-27T09:14:05,like
r0008525,post000560,u00344,2025-03-27T09:14:31,like
r0008526,post000566,u00272,2025-03-27T09:21:16,like
r0008527,post000573,u00343,2025-03-27T09:23:08,celebrate
r0008528,post000565,u00035,2025-03-27T09:26:02,like
r0008529,post000541,u00090,2025-03-27T09:30:21,support
r0008530,post000588,u00256,2025-03-27T09:32:17,insightful
r0008531,post000579,u00293,2025-03-27T09:32:56,like
r0008532,post000550,u00339,2025-03-27T09:39:17,like
r0008533,post000541,u00237,2025-03-27T09:39:21,like
r0008534,post000541,u00228,2025-03-27T09:39:23,like
r0008535,post000540,u00175,2025-03-27T09:41:47,like
r0008536,post000546,u00256,2025-03-27T09:41:55,like
r0008537,post000594,u00157,2025-03-27T09:43:34,like
r0008538,post000592,u00003,2025-03-27T09:44:19,like
r0008539,post000597,u00085,2025-03-27T09:45:59,like
r0008540,post000596,u00102,2025-03-27T09:46:55,celebrate
r0008541,post000584,u00299,2025-03-27T09:47:53,celebrate
r0008542,post000590,u00054,2025-03-27T09:49:51,like
r0008543,post000585,u00203,2025-03-27T09:51:18,like
r0008544,post000583,u00003,2025-03-27T09:57:48,celebrate
r0008545,post000547,u00067,2025-03-27T10:03:00,like
r0008546,post000564,u00192,2025-03-27T10:05:11,support
r0008547,post000542,u00235,2025-03-27T10:06:50,like
r0008548,post000580,u00329,2025-03-27T10:07:38,like
r0008549,post000571,u00318,2025-03-27T10:10:57,like
r0008550,post000541,u00023,2025-03-27T10:11:45,like
r0008551,post000573,u00350,2025-03-27T10:13:02,like
r0008552,post000562,u00343,2025-03-27T10:17:05,like
r0008553,post000588,u00023,2025-03-27T10:19:00,like
r0008554,post000579,u00245,2025-03-27T10:19:37,like
r0008555,post000550,u00384,2025-03-27T10:19:50,celebrate
r0008556,post000576,u00300,2025-03-27T10:22:31,like
r0008557,post000590,u00156,2025-03-27T10:22:35,insightful
r0008558,post000546,u00277,2025-03-27T10:25:12,like
r0008559,post000578,u00251,2025-03-27T10:30:38,like
r0008560,post000582,u00094,2025-03-27T10:32:01,support
r0008561,post000552,u00185,2025-03-27T10:34:11,like
r0008562,post000578,u00045,2025-03-27T10:34:42,celebrate
r0008563,post000575,u00023,2025-03-27T10:42:33,like
r0008564,post000561,u00052,2025-03-27T10:44:00,like
r0008565,post000583,u00192,2025-03-27T10:48:31,insightful
r0008566,post000582,u00196,2025-03-27T10:50:11,insightful
r0008567,post000564,u00252,2025-03-27T10:50:30,celebrate
r0008568,post000593,u00203,2025-03-27T10:52:03,like
r0008569,post000576,u00042,2025-03-27T10:57:58,like
r0008570,post000541,u00249,2025-03-27T10:58:45,like
r0008571,post000556,u00108,2025-03-27T10:58:56,insightful
r0008572,post000560,u00192,2025-03-27T10:59:36,support
r0008573,post000593,u00317,2025-03-27T11:03:15,like
r0008574,post000581,u00146,2025-03-27T11:03:43,like
r0008575,post000574,u00207,2025-03-27T11:04:17,like
r0008576,post000582,u00175,2025-03-27T11:05:27,like
r0008577,post000552,u00039,2025-03-27T11:05:47,celebrate
r0008578,post000554,u00156,2025-03-27T11:05:56,like
r0008579,post000561,u00134,2025-03-27T11:06:26,like
r0008580,post000583,u00046,2025-03-27T11:06:32,like
r0008581,post000597,u00146,2025-03-27T11:06:48,like
r0008582,post000563,u00205,2025-03-27T11:10:19,celebrate
r0008583,post000586,u00254,2025-03-27T11:12:09,support
r0008584,post000588,u00291,2025-03-27T11:12:37,like
r0008585,post000576,u00086,2025-03-27T11:18:22,like
r0008586,post000554,u00174,2025-03-27T11:20:57,like
r0008587,post000571,u00158,2025-03-27T11:23:34,like
r0008588,post000541,u00245,2025-03-27T11:23:41,like
r0008589,post000596,u00264,2025-03-27T11:23:59,like
r0008590,post000551,u00328,2025-03-27T11:26:44,celebrate
r0008591,post000555,u00098,2025-03-27T11:26:56,like
r0008592,post000550,u00090,2025-03-27T11:29:15,like
r0008593,post000582,u00260,2025-03-27T11:31:40,like
r0008594,post000573,u00024,2025-03-27T11:32:56,like
r0008595,post000564,u00212,2025-03-27T11:35:06,insightful
r0008596,post000547,u00186,2025-03-27T11:35:39,insightful
r0008597,post000548,u00196,2025-03-27T11:42:49,insightful
r0008598,post000594,u00240,2025-03-27T11:54:03,celebrate
r0008599,post000548,u00067,2025-03-27T11:55:55,insightful
r0008600,post000577,u00350,2025-03-27T11:56:36,insightful
r0008601,post000580,u00120,2025-03-27T11:57:26,like
r0008602,post000582,u00203,2025-03-27T11:58:04,support
r0008603,post000589,u00229,2025-03-27T11:58:55,like
r0008604,post000549,u00094,2025-03-27T12:00:10,insightful
r0008605,post000551,u00046,2025-03-27T12:01:45,like
r0008606,post000584,u00185,2025-03-27T12:06:50,insightful
r0008607,post000552,u00228,2025-03-27T12:07:54,like
r0008608,post000585,u00264,2025-03-27T12:07:57,insightful
r0008609,post000559,u00205,2025-03-27T12:09:34,insightful
r0008610,post000555,u00193,2025-03-27T12:11:46,like
r0008611,post000551,u00035,2025-03-27T12:11:47,like
r0008612,post000552,u00249,2025-03-27T12:15:36,celebrate
r0008613,post000578,u00385,2025-03-27T12:16:43,like
r0008614,post000557,u00329,2025-03-27T12:24:15,like
r0008615,post000543,u00098,2025-03-27T12:30:23,like
r0008616,post000566,u00369,2025-03-27T12:31:33,insightful
r0008617,post000550,u00369,2025-03-27T12:33:37,like
r0008618,post000589,u00023,2025-03-27T12:38:00,support
r0008619,post000570,u00339,2025-03-27T12:42:43,celebrate
r0008620,post000597,u00124,2025-03-27T12:45:38,like
r0008621,post000548,u00225,2025-03-27T12:53:20,like
r0008622,post000582,u00054,2025-03-27T12:53:27,like
r0008623,post000598,u00351,2025-03-27T12:54:07,like
r0008624,post000592,u00132,2025-03-27T12:56:23,like
r0008625,post000559,u00264,2025-03-27T12:59:56,like
r0008626,post000592,u00317,2025-03-27T13:03:23,like
r0008627,post000546,u00335,2025-03-27T13:06:36,insightful
r0008628,post000585,u00037,2025-03-27T13:10:31,like
r0008629,post000570,u00091,2025-03-27T13:11:53,insightful
r0008630,post000560,u00042,2025-03-27T13:17:07,like
r0008631,post000554,u00209,2025-03-27T13:17:50,like
r0008632,post000573,u00182,2025-03-27T13:24:02,like
r0008633,post000591,u00350,2025-03-27T13:25:07,like
r0008634,post000584,u00203,2025-03-27T13:28:05,like
r0008635,post000593,u00281,2025-03-27T13:29:37,like
r0008636,post000546,u00329,2025-03-27T13:32:10,like
r0008637,post000547,u00355,2025-03-27T13:33:26,like
r0008638,post000595,u00326,2025-03-27T13:37:15,like
r0008639,post000543,u00054,2025-03-27T13:38:09,like
r0008640,post000548,u00256,2025-03-27T13:43:20,like
r0008641,post000547,u00399,2025-03-27T13:51:44,like
r0008642,post000594,u00065,2025-03-27T13:55:28,celebrate
r0008643,post000596,u00039,2025-03-27T13:58:34,like
r0008644,post000592,u00335,2025-03-27T13:58:50,like
r0008645,post000566,u00249,2025-03-27T13:58:50,like
r0008646,post000555,u00060,2025-03-27T14:04:47,celebrate
r0008647,post000594,u00258,2025-03-27T14:05:37,like
r0008648,post000545,u00158,2025-03-27T14:09:01,like
r0008649,post000593,u00271,2025-03-27T14:11:14,insightful
r0008650,post000579,u00260,2025-03-27T14:13:45,like
r0008651,post000574,u00281,2025-03-27T14:19:58,like
r0008652,post000557,u00252,2025-03-27T14:20:32,celebrate
r0008653,post000579,u00192,2025-03-27T14:22:12,like
r0008654,post000552,u00335,2025-03-27T14:24:25,support
r0008655,post000561,u00276,2025-03-27T14:24:36,like
r0008656,post000582,u00212,2025-03-27T14:25:01,support
r0008657,post000584,u00299,2025-03-27T14:31:56,like
r0008658,post000558,u00072,2025-03-27T14:46:50,support
r0008659,post000564,u00024,2025-03-27T14:47:01,like
r0008660,post000600,u00196,2025-03-27T14:52:21,celebrate
r0008661,post000577,u00156,2025-03-27T14:54:25,like
r0008662,post000570,u00228,2025-03-27T14:59:08,like
r0008663,post000561,u00034,2025-03-27T14:59:10,like
r0008664,post000555,u00249,2025-03-27T15:02:39,like
r0008665,post000595,u00182,2025-03-27T15:03:48,like
r0008666,post000570,u00196,2025-03-27T15:04:05,like
r0008667,post000553,u00394,2025-03-27T15:05:58,like
r0008668,post000552,u00329,2025-03-27T15:10:14,like
r0008669,post000605,u00168,2025-03-27T15:14:56,like
r0008670,post000596,u00399,2025-03-27T15:15:25,like
r0008671,post000598,u00062,2025-03-27T15:15:57,celebrate
r0008672,post000575,u00185,2025-03-27T15:19:41,like
r0008673,post000594,u00174,2025-03-27T15:19:52,like
r0008674,post000577,u00317,2025-03-27T15:23:49,like
r0008675,post000553,u00293,2025-03-27T15:26:03,like
r0008676,post000595,u00054,2025-03-27T15:26:28,like
r0008677,post000575,u00014,2025-03-27T15:29:49,like
r0008678,post000588,u00015,2025-03-27T15:36:37,like
r0008679,post000557,u00399,2025-03-27T15:38:57,like
r0008680,post000576,u00003,2025-03-27T15:40:18,like
r0008681,post000589,u00094,2025-03-27T15:41:11,like
r0008682,post000552,u00242,2025-03-27T15:41:28,insightful
r0008683,post000568,u00067,2025-03-27T15:46:21,like
r0008684,post000586,u00246,2025-03-27T15:50:21,like
r0008685,post000586,u00222,2025-03-27T15:51:57,like
r0008686,post000578,u00034,2025-03-27T15:56:50,like
r0008687,post000579,u00160,2025-03-27T16:00:39,insightful
r0008688,post000575,u00369,2025-03-27T16:03:57,like
r0008689,post000591,u00376,2025-03-27T16:06:29,like
r0008690,post000605,u00003,2025-03-27T16:08:40,like
r0008691,post000554,u00065,2025-03-27T16:09:03,like
r0008692,post000572,u00246,2025-03-27T16:15:17,like
r0008693,post000556,u00202,2025-03-27T16:18:35,celebrate
r0008694,post000567,u00072,2025-03-27T16:21:09,like
r0008695,post000580,u00329,2025-03-27T16:21:13,like
r0008696,post000605,u00258,2025-03-27T16:21:35,like
r0008697,post000588,u00358,2025-03-27T16:22:19,like
r0008698,post000582,u00238,2025-03-27T16:25:59,like
r0008699,post000551,u00158,2025-03-27T16:26:37,like
r0008700,post000591,u00196,2025-03-27T16:31:02,like
r0008701,post000579,u00271,2025-03-27T16:33:47,like
r0008702,post000607,u00077,2025-03-27T16:35:39,like
r0008703,post000572,u00003,2025-03-27T16:40:57,insightful
r0008704,post000554,u00092,2025-03-27T16:58:59,like
r0008705,post000566,u00157,2025-03-27T17:10:05,celebrate
r0008706,post000596,u00326,2025-03-27T17:12:06,like
r0008707,post000605,u00209,2025-03-27T17:13:16,celebrate
r0008708,post000556,u00189,2025-03-27T17:26:38,like
r0008709,post000593,u00226,2025-03-27T17:31:25,like
r0008710,post000579,u00037,2025-03-27T17:45:17,like
r0008711,post000589,u00306,2025-03-27T17:46:07,like
r0008712,post000565,u00003,2025-03-27T17:46:09,insightful
r0008713,post000592,u00185,2025-03-27T17:48:20,like
r0008714,post000555,u00260,2025-03-27T17:50:08,insightful
r0008715,post000562,u00104,2025-03-27T17:53:51,celebrate
r0008716,post000562,u00281,2025-03-27T18:01:54,celebrate
r0008717,post000598,u00212,2025-03-27T18:05:19,support
r0008718,post000601,u00245,2025-03-27T18:06:05,like
r0008719,post000553,u00065,2025-03-27T18:07:57,like
r0008720,post000571,u00147,2025-03-27T18:13:43,like
r0008721,post000555,u00194,2025-03-27T18:23:40,support
r0008722,post000590,u00205,2025-03-27T18:24:04,like
r0008723,post000585,u00233,2025-03-27T18:41:31,like
r0008724,post000594,u00237,2025-03-27T18:44:36,support
r0008725,post000585,u00046,2025-03-27T18:53:18,like
r0008726,post000606,u00337,2025-03-27T18:55:03,insightful
r0008727,post000594,u00274,2025-03-27T18:58:31,support
r0008728,post000564,u00023,2025-03-27T19:20:35,insightful
r0008729,post000577,u00205,2025-03-27T19:28:53,celebrate
r0008730,post000558,u00287,2025-03-27T19:29:30,like
r0008731,post000588,u00267,2025-03-27T19:30:42,like
r0008732,post000588,u00072,2025-03-27T19:39:33,support
r0008733,post000598,u00383,2025-03-27T19:49:54,like
r0008734,post000565,u00196,2025-03-27T19:50:11,support
r0008735,post000569,u00225,2025-03-27T20:02:41,celebrate
r0008736,post000561,u00148,2025-03-27T20:02:50,like
r0008737,post000612,u00020,2025-03-27T20:03:44,support
r0008738,post000566,u00157,2025-03-27T20:10:42,like
r0008739,post000585,u00055,2025-03-27T20:11:00,like
r0008740,post000581,u00189,2025-03-27T20:19:33,like
r0008741,post000583,u00196,2025-03-27T20:21:17,like
r0008742,post000563,u00054,2025-03-27T20:21:35,celebrate
r0008743,post000569,u00134,2025-03-27T20:40:04,like
r0008744,post000566,u00040,2025-03-27T20:58:43,like
r0008745,post000561,u00350,2025-03-27T21:02:55,insightful
r0008746,post000564,u00280,2025-03-27T21:04:14,celebrate
r0008747,post000607,u00132,2025-03-27T21:12:14,celebrate
r0008748,post000590,u00196,2025-03-27T21:20:57,like
r0008749,post000576,u00341,2025-03-27T21:23:50,like
r0008750,post000568,u00108,2025-03-27T21:25:12,insightful
r0008751,post000607,u00196,2025-03-27T21:32:41,like
r0008752,post000591,u00304,2025-03-27T21:38:27,like
r0008753,post000597,u00344,2025-03-27T21:40:04,like
r0008754,post000592,u00127,2025-03-27T21:43:50,like
r0008755,post000612,u00339,2025-03-27T21:55:20,support
r0008756,post000591,u00213,2025-03-27T22:00:01,like
r0008757,post000564,u00205,2025-03-27T22:02:45,like
r0008758,post000583,u00122,2025-03-27T22:12:04,like
r0008759,post000582,u00337,2025-03-27T22:13:35,support
r0008760,post000590,u00098,2025-03-27T22:20:53,celebrate
r0008761,post000612,u00045,2025-03-27T22:31:17,like
r0008762,post000583,u00192,2025-03-27T22:32:09,like
r0008763,post000585,u00037,2025-03-27T22:35:27,like
r0008764,post000576,u00203,2025-03-27T22:53:13,like
r0008765,post000572,u00071,2025-03-27T22:53:15,like
r0008766,post000580,u00243,2025-03-27T23:07:34,celebrate
r0008767,post000607,u00037,2025-03-27T23:09:57,like
r0008768,post000582,u00317,2025-03-27T23:10:40,insightful
r0008769,post000590,u00212,2025-03-27T23:22:19,like
r0008770,post000593,u00136,2025-03-27T23:23:58,insightful
r0008771,post000567,u00278,2025-03-27T23:26:10,support
r0008772,post000575,u00287,2025-03-27T23:44:26,like
r0008773,post000607,u00127,2025-03-27T23:44:55,like
r0008774,post000611,u00256,2025-03-27T23:49:36,like
r0008775,post000567,u00040,2025-03-27T23:51:10,like
r0008776,post000612,u00157,2025-03-27T23:54:57,like
r0008777,post000599,u00351,2025-03-28T00:02:19,like
r0008778,post000562,u00031,2025-03-28T00:04:28,celebrate
r0008779,post000594,u00299,2025-03-28T00:21:07,like
r0008780,post000601,u00174,2025-03-28T00:29:32,like
r0008781,post000610,u00362,2025-03-28T00:30:18,like
r0008782,post000610,u00371,2025-03-28T00:36:18,like
r0008783,post000569,u00174,2025-03-28T00:44:41,celebrate
r0008784,post000594,u00013,2025-03-28T00:44:59,like
r0008785,post000598,u00276,2025-03-28T00:48:33,like
r0008786,post000610,u00040,2025-03-28T00:55:21,like
r0008787,post000567,u00321,2025-03-28T01:01:10,celebrate
r0008788,post000560,u00006,2025-03-28T01:04:27,like
r0008789,post000575,u00079,2025-03-28T01:06:24,like
r0008790,post000603,u00366,2025-03-28T01:22:26,like
r0008791,post000593,u00120,2025-03-28T01:32:10,like
r0008792,post000572,u00307,2025-03-28T01:35:14,insightful
r0008793,post000566,u00185,2025-03-28T01:53:55,like
r0008794,post000597,u00046,2025-03-28T02:02:14,like
r0008795,post000571,u00071,2025-03-28T02:09:39,celebrate
r0008796,post000564,u00150,2025-03-28T02:18:12,like
r0008797,post000578,u00157,2025-03-28T02:35:05,like
r0008798,post000562,u00317,2025-03-28T02:54:01,like
r0008799,post000563,u00087,2025-03-28T03:01:06,celebrate
r0008800,post000590,u00215,2025-03-28T03:14:45,support
r0008801,post000601,u00032,2025-03-28T03:15:24,like
r0008802,post000610,u00352,2025-03-28T03:18:51,insightful
r0008803,post000594,u00339,2025-03-28T03:42:27,like
r0008804,post000581,u00080,2025-03-28T03:42:44,support
r0008805,post000560,u00157,2025-03-28T03:44:13,like
r0008806,post000588,u00150,2025-03-28T03:48:08,like
r0008807,post000577,u00335,2025-03-28T03:54:15,insightful
r0008808,post000593,u00287,2025-03-28T03:54:24,like
r0008809,post000590,u00250,2025-03-28T04:06:01,like
r0008810,post000605,u00039,2025-03-28T04:20:56,like
r0008811,post000605,u00079,2025-03-28T04:21:53,like
r0008812,post000570,u00010,2025-03-28T04:25:44,like
r0008813,post000591,u00174,2025-03-28T04:32:29,like
r0008814,post000578,u00241,2025-03-28T04:33:12,like
r0008815,post000569,u00189,2025-03-28T04:39:11,like
r0008816,post000575,u00362,2025-03-28T04:39:25,like
r0008817,post000580,u00230,2025-03-28T04:45:07,like
r0008818,post000570,u00156,2025-03-28T04:46:33,like
r0008819,post000612,u00221,2025-03-28T04:49:45,support
r0008820,post000573,u00311,2025-03-28T05:07:47,celebrate
r0008821,post000576,u00174,2025-03-28T05:18:35,celebrate
r0008822,post000561,u00305,2025-03-28T05:27:39,like
r0008823,post000596,u00287,2025-03-28T05:33:53,celebrate
r0008824,post000609,u00133,2025-03-28T05:50:46,like
r0008825,post000559,u00218,2025-03-28T06:05:21,like
r0008826,post000584,u00117,2025-03-28T06:10:14,support
r0008827,post000598,u00354,2025-03-28T06:18:04,like
r0008828,post000563,u00196,2025-03-28T06:21:32,support
r0008829,post000581,u00165,2025-03-28T06:39:48,like
r0008830,post000589,u00156,2025-03-28T06:44:02,insightful
r0008831,post000598,u00221,2025-03-28T06:49:39,like
r0008832,post000616,u00348,2025-03-28T06:51:25,celebrate
r0008833,post000609,u00281,2025-03-28T07:09:08,like
r0008834,post000613,u00339,2025-03-28T07:11:15,like
r0008835,post000578,u00120,2025-03-28T07:11:38,like
r0008836,post000601,u00032,2025-03-28T07:20:29,like
r0008837,post000562,u00196,2025-03-28T07:26:54,support
r0008838,post000612,u00120,2025-03-28T07:27:16,celebrate
r0008839,post000563,u00185,2025-03-28T07:31:22,like
r0008840,post000607,u00306,2025-03-28T07:31:56,insightful
r0008841,post000604,u00299,2025-03-28T07:32:17,like
r0008842,post000587,u00288,2025-03-28T07:39:44,like
r0008843,post000582,u00031,2025-03-28T07:40:20,support
r0008844,post000569,u00255,2025-03-28T07:44:16,insightful
r0008845,post000594,u00212,2025-03-28T07:45:29,like
r0008846,post000568,u00164,2025-03-28T07:50:23,like
r0008847,post000609,u00089,2025-03-28T07:54:04,like
r0008848,post000580,u00260,2025-03-28T07:55:01,celebrate
r0008849,post000617,u00164,2025-03-28T08:00:58,like
r0008850,post000587,u00302,2025-03-28T08:01:00,like
r0008851,post000593,u00305,2025-03-28T08:05:12,like
r0008852,post000584,u00178,2025-03-28T08:19:35,like
r0008853,post000606,u00006,2025-03-28T08:20:55,like
r0008854,post000613,u00166,2025-03-28T08:21:41,like
r0008855,post000567,u00117,2025-03-28T08:21:44,like
r0008856,post000581,u00142,2025-03-28T08:21:54,like
r0008857,post000562,u00089,2025-03-28T08:23:47,celebrate
r0008858,post000572,u00281,2025-03-28T08:24:13,support
r0008859,post000599,u00117,2025-03-28T08:30:35,like
r0008860,post000595,u00118,2025-03-28T08:31:13,like
r0008861,post000594,u00381,2025-03-28T08:42:37,like
r0008862,post000577,u00156,2025-03-28T08:44:56,like
r0008863,post000606,u00114,2025-03-28T08:45:18,like
r0008864,post000585,u00395,2025-03-28T08:47:03,insightful
r0008865,post000610,u00205,2025-03-28T08:47:31,like
r0008866,post000587,u00197,2025-03-28T08:48:32,like
r0008867,post000582,u00006,2025-03-28T08:49:43,insightful
r0008868,post000580,u00267,2025-03-28T08:51:28,celebrate
r0008869,post000580,u00264,2025-03-28T08:53:49,support
r0008870,post000562,u00366,2025-03-28T08:55:38,like
r0008871,post000574,u00117,2025-03-28T08:59:20,like
r0008872,post000571,u00296,2025-03-28T08:59:55,like
r0008873,post000602,u00156,2025-03-28T09:00:38,like
r0008874,post000571,u00193,2025-03-28T09:03:57,like
r0008875,post000593,u00201,2025-03-28T09:05:14,like
r0008876,post000570,u00381,2025-03-28T09:05:26,like
r0008877,post000605,u00339,2025-03-28T09:05:29,celebrate
r0008878,post000595,u00039,2025-03-28T09:06:20,like
r0008879,post000571,u00159,2025-03-28T09:06:32,like
r0008880,post000601,u00028,2025-03-28T09:14:24,celebrate
r0008881,post000585,u00128,2025-03-28T09:18:10,like
r0008882,post000617,u00377,2025-03-28T09:18:32,like
r0008883,post000603,u00240,2025-03-28T09:18:44,support
r0008884,post000570,u00339,2025-03-28T09:19:22,like
r0008885,post000596,u00117,2025-03-28T09:20:14,like
r0008886,post000618,u00254,2025-03-28T09:23:12,like
r0008887,post000581,u00240,2025-03-28T09:25:08,like
r0008888,post000589,u00205,2025-03-28T09:27:27,like
r0008889,post000565,u00247,2025-03-28T09:28:02,like
r0008890,post000579,u00187,2025-03-28T09:28:22,like
r0008891,post000584,u00374,2025-03-28T09:29:54,like
r0008892,post000619,u00376,2025-03-28T09:30:20,insightful
r0008893,post000618,u00340,2025-03-28T09:31:36,like
r0008894,post000608,u00067,2025-03-28T09:35:30,like
r0008895,post000564,u00071,2025-03-28T09:40:09,like
r0008896,post000617,u00339,2025-03-28T09:43:38,like
r0008897,post000580,u00057,2025-03-28T09:51:29,support
r0008898,post000604,u00108,2025-03-28T09:52:16,like
r0008899,post000618,u00168,2025-03-28T09:56:21,like
r0008900,post000618,u00226,2025-03-28T09:56:45,like
r0008901,post000607,u00006,2025-03-28T09:56:46,celebrate
r0008902,post000595,u00339,2025-03-28T09:58:29,celebrate
r0008903,post000595,u00264,2025-03-28T09:58:41,like
r0008904,post000574,u00028,2025-03-28T10:00:16,celebrate
r0008905,post000568,u00118,2025-03-28T10:04:00,like
r0008906,post000570,u00124,2025-03-28T10:04:16,celebrate
r0008907,post000614,u00286,2025-03-28T10:05:02,support
r0008908,post000604,u00129,2025-03-28T10:06:25,like
r0008909,post000581,u00313,2025-03-28T10:06:32,like
r0008910,post000598,u00114,2025-03-28T10:06:32,like
r0008911,post000571,u00112,2025-03-28T10:07:39,like
r0008912,post000617,u00308,2025-03-28T10:07:57,insightful
r0008913,post000622,u00168,2025-03-28T10:09:45,insightful
r0008914,post000595,u00201,2025-03-28T10:10:31,support
r0008915,post000582,u00341,2025-03-28T10:10:59,like
r0008916,post000608,u00156,2025-03-28T10:14:30,like
r0008917,post000621,u00030,2025-03-28T10:16:28,like
r0008918,post000573,u00010,2025-03-28T10:16:30,insightful
r0008919,post000566,u00072,2025-03-28T10:18:01,like
r0008920,post000618,u00087,2025-03-28T10:19:47,like
r0008921,post000615,u00330,2025-03-28T10:20:05,like
r0008922,post000591,u00187,2025-03-28T10:21:47,like
r0008923,post000597,u00117,2025-03-28T10:24:38,insightful
r0008924,post000577,u00205,2025-03-28T10:24:41,like
r0008925,post000587,u00024,2025-03-28T10:25:31,like
r0008926,post000569,u00189,2025-03-28T10:26:50,like
r0008927,post000622,u00230,2025-03-28T10:28:22,like
r0008928,post000585,u00393,2025-03-28T10:28:28,like
r0008929,post000614,u00380,2025-03-28T10:31:04,like
r0008930,post000604,u00040,2025-03-28T10:33:27,like
r0008931,post000565,u00089,2025-03-28T10:33:54,like
r0008932,post000574,u00246,2025-03-28T10:38:33,like
r0008933,post000608,u00015,2025-03-28T10:41:48,like
r0008934,post000625,u00031,2025-03-28T10:47:18,like
r0008935,post000616,u00364,2025-03-28T10:48:29,celebrate
r0008936,post000573,u00230,2025-03-28T10:49:49,like
r0008937,post000603,u00390,2025-03-28T10:52:00,like
r0008938,post000575,u00339,2025-03-28T10:52:48,like
r0008939,post000611,u00006,2025-03-28T10:52:58,like
r0008940,post000612,u00026,2025-03-28T10:53:59,celebrate
r0008941,post000571,u00331,2025-03-28T10:55:02,like
r0008942,post000614,u00197,2025-03-28T10:55:26,insightful
r0008943,post000587,u00205,2025-03-28T10:56:25,like
r0008944,post000611,u00326,2025-03-28T10:56:49,celebrate
r0008945,post000583,u00188,2025-03-28T10:58:04,like
r0008946,post000613,u00392,2025-03-28T10:59:01,like
r0008947,post000621,u00326,2025-03-28T10:59:53,support
r0008948,post000615,u00383,2025-03-28T11:01:39,like
r0008949,post000627,u00240,2025-03-28T11:02:59,like
r0008950,post000575,u00101,2025-03-28T11:04:17,like
r0008951,post000572,u00384,2025-03-28T11:04:55,like
r0008952,post000585,u00068,2025-03-28T11:08:17,like
r0008953,post000603,u00117,2025-03-28T11:09:08,support
r0008954,post000618,u00174,2025-03-28T11:10:41,like
r0008955,post000570,u00339,2025-03-28T11:17:34,insightful
r0008956,post000621,u00291,2025-03-28T11:19:43,celebrate
r0008957,post000590,u00089,2025-03-28T11:21:22,like
r0008958,post000628,u00277,2025-03-28T11:22:38,like
r0008959,post000591,u00063,2025-03-28T11:23:40,celebrate
r0008960,post000586,u00042,2025-03-28T11:23:46,like
r0008961,post000599,u00196,2025-03-28T11:25:53,like
r0008962,post000577,u00071,2025-03-28T11:25:58,insightful
r0008963,post000602,u00339,2025-03-28T11:29:47,like
r0008964,post000607,u00189,2025-03-28T11:30:10,support
r0008965,post000585,u00383,2025-03-28T11:30:48,like
r0008966,post000619,u00067,2025-03-28T11:34:47,like
r0008967,post000609,u00052,2025-03-28T11:36:55,like
r0008968,post000612,u00052,2025-03-28T11:38:00,like
r0008969,post000615,u00079,2025-03-28T11:40:40,insightful
r0008970,post000581,u00337,2025-03-28T11:41:02,insightful
r0008971,post000604,u00010,2025-03-28T11:41:22,like
r0008972,post000609,u00031,2025-03-28T11:43:06,like
r0008973,post000606,u00174,2025-03-28T11:49:57,celebrate
r0008974,post000620,u00294,2025-03-28T11:50:26,support
r0008975,post000599,u00046,2025-03-28T11:50:31,like
r0008976,post000576,u00199,2025-03-28T11:50:45,like
r0008977,post000572,u00339,2025-03-28T11:54:03,like
r0008978,post000570,u00156,2025-03-28T11:56:22,insightful
r0008979,post000614,u00178,2025-03-28T11:57:31,like
r0008980,post000578,u00147,2025-03-28T11:57:35,like
r0008981,post000591,u00296,2025-03-28T12:03:21,like
r0008982,post000576,u00031,2025-03-28T12:04:02,like
r0008983,post000625,u00063,2025-03-28T12:06:45,insightful
r0008984,post000626,u00354,2025-03-28T12:08:44,like
r0008985,post000578,u00381,2025-03-28T12:10:19,like
r0008986,post000613,u00168,2025-03-28T12:12:07,like
r0008987,post000602,u00372,2025-03-28T12:12:17,support
r0008988,post000598,u00393,2025-03-28T12:17:49,like
r0008989,post000589,u00351,2025-03-28T12:19:25,like
r0008990,post000602,u00242,2025-03-28T12:23:21,celebrate
r0008991,post000580,u00291,2025-03-28T12:23:48,like
r0008992,post000582,u00156,2025-03-28T12:25:32,like
r0008993,post000619,u00301,2025-03-28T12:25:40,like
r0008994,post000594,u00390,2025-03-28T12:27:20,like
r0008995,post000575,u00225,2025-03-28T12:28:50,support
r0008996,post000599,u00129,2025-03-28T12:29:05,like
r0008997,post000613,u00199,2025-03-28T12:29:39,like
r0008998,post000585,u00112,2025-03-28T12:32:32,like
r0008999,post000577,u00079,2025-03-28T12:34:46,insightful
r0009000,post000618,u00256,2025-03-28T12:38:37,like
r0009001,post000580,u00178,2025-03-28T12:38:51,like
r0009002,post000609,u00339,2025-03-28T12:40:01,like
r0009003,post000597,u00089,2025-03-28T12:42:15,like
r0009004,post000607,u00174,2025-03-28T12:42:44,celebrate
r0009005,post000595,u00335,2025-03-28T12:43:17,like
r0009006,post000582,u00023,2025-03-28T12:46:45,like
r0009007,post000621,u00264,2025-03-28T12:49:37,celebrate
r0009008,post000581,u00247,2025-03-28T12:49:58,like
r0009009,post000610,u00124,2025-03-28T12:52:50,like
r0009010,post000624,u00255,2025-03-28T12:53:53,like
r0009011,post000616,u00362,2025-03-28T12:54:40,like
r0009012,post000612,u00365,2025-03-28T12:55:23,celebrate
r0009013,post000605,u00254,2025-03-28T12:56:36,like
r0009014,post000588,u00240,2025-03-28T12:57:04,like
r0009015,post000574,u00052,2025-03-28T12:59:03,like
r0009016,post000614,u00205,2025-03-28T13:01:39,like
r0009017,post000605,u00079,2025-03-28T13:02:08,celebrate
r0009018,post000607,u00006,2025-03-28T13:07:49,like
r0009019,post000630,u00240,2025-03-28T13:10:40,like
r0009020,post000589,u00187,2025-03-28T13:12:21,like
r0009021,post000593,u00240,2025-03-28T13:18:43,like
r0009022,post000596,u00240,2025-03-28T13:18:57,like
r0009023,post000593,u00062,2025-03-28T13:22:01,insightful
r0009024,post000621,u00369,2025-03-28T13:25:02,like
r0009025,post000618,u00302,2025-03-28T13:27:06,support
r0009026,post000589,u00052,2025-03-28T13:27:30,like
r0009027,post000616,u00137,2025-03-28T13:31:44,celebrate
r0009028,post000601,u00294,2025-03-28T13:33:55,support
r0009029,post000594,u00245,2025-03-28T13:34:52,like
r0009030,post000604,u00330,2025-03-28T13:39:21,like
r0009031,post000599,u00240,2025-03-28T13:39:41,like
r0009032,post000588,u00191,2025-03-28T13:41:23,like
r0009033,post000589,u00104,2025-03-28T13:43:15,support
r0009034,post000584,u00362,2025-03-28T13:51:03,like
r0009035,post000581,u00245,2025-03-28T13:54:10,like
r0009036,post000606,u00023,2025-03-28T13:55:04,insightful
r0009037,post000605,u00013,2025-03-28T13:55:23,like
r0009038,post000602,u00168,2025-03-28T13:58:41,support
r0009039,post000607,u00339,2025-03-28T14:08:58,like
r0009040,post000584,u00142,2025-03-28T14:10:39,like
r0009041,post000621,u00384,2025-03-28T14:11:11,like
r0009042,post000598,u00190,2025-03-28T14:12:36,like
r0009043,post000614,u00201,2025-03-28T14:13:08,celebrate
r0009044,post000594,u00117,2025-03-28T14:20:04,support
r0009045,post000593,u00281,2025-03-28T14:21:58,like
r0009046,post000614,u00281,2025-03-28T14:23:31,like
r0009047,post000623,u00124,2025-03-28T14:26:03,insightful
r0009048,post000611,u00015,2025-03-28T14:28:39,like
r0009049,post000622,u00254,2025-03-28T14:33:06,like
r0009050,post000577,u00240,2025-03-28T14:37:21,like
r0009051,post000598,u00108,2025-03-28T14:40:52,like
r0009052,post000635,u00015,2025-03-28T14:41:44,like
r0009053,post000609,u00243,2025-03-28T14:44:17,like
r0009054,post000622,u00281,2025-03-28T14:46:23,like
r0009055,post000580,u00028,2025-03-28T14:52:31,like
r0009056,post000609,u00254,2025-03-28T14:55:21,insightful
r0009057,post000592,u00240,2025-03-28T14:56:13,like
r0009058,post000578,u00240,2025-03-28T15:02:04,like
r0009059,post000604,u00260,2025-03-28T15:06:42,celebrate
r0009060,post000611,u00063,2025-03-28T15:07:53,like
r0009061,post000617,u00225,2025-03-28T15:09:46,celebrate
r0009062,post000635,u00380,2025-03-28T15:11:16,like
r0009063,post000618,u00230,2025-03-28T15:15:23,insightful
r0009064,post000591,u00314,2025-03-28T15:15:54,like
r0009065,post000629,u00372,2025-03-28T15:23:41,like
r0009066,post000599,u00185,2025-03-28T15:23:53,like
r0009067,post000615,u00052,2025-03-28T15:25:29,like
r0009068,post000583,u00224,2025-03-28T15:31:32,like
r0009069,post000620,u00197,2025-03-28T15:33:42,celebrate
r0009070,post000620,u00344,2025-03-28T15:43:20,like
r0009071,post000631,u00117,2025-03-28T15:48:10,support
r0009072,post000598,u00040,2025-03-28T15:49:12,like
r0009073,post000594,u00364,2025-03-28T15:56:37,like
r0009074,post000591,u00212,2025-03-28T15:57:34,like
r0009075,post000586,u00348,2025-03-28T15:59:57,like
r0009076,post000599,u00371,2025-03-28T16:01:30,like
r0009077,post000601,u00004,2025-03-28T16:01:35,support
r0009078,post000632,u00264,2025-03-28T16:11:12,like
r0009079,post000616,u00051,2025-03-28T16:20:01,insightful
r0009080,post000611,u00046,2025-03-28T16:21:48,like
r0009081,post000617,u00117,2025-03-28T16:22:45,insightful
r0009082,post000626,u00168,2025-03-28T16:26:00,celebrate
r0009083,post000586,u00313,2025-03-28T16:26:48,like
r0009084,post000585,u00260,2025-03-28T16:36:59,celebrate
r0009085,post000621,u00154,2025-03-28T16:37:11,celebrate
r0009086,post000626,u00034,2025-03-28T16:57:45,like
r0009087,post000591,u00221,2025-03-28T17:00:26,celebrate
r0009088,post000590,u00374,2025-03-28T17:15:42,like
r0009089,post000624,u00226,2025-03-28T17:20:38,like
r0009090,post000592,u00174,2025-03-28T17:22:36,like
r0009091,post000602,u00112,2025-03-28T17:28:02,insightful
r0009092,post000631,u00052,2025-03-28T17:57:28,like
r0009093,post000626,u00340,2025-03-28T17:58:24,like
r0009094,post000630,u00321,2025-03-28T18:05:44,like
r0009095,post000630,u00215,2025-03-28T18:08:56,insightful
r0009096,post000581,u00174,2025-03-28T18:14:28,insightful
r0009097,post000600,u00120,2025-03-28T18:15:28,like
r0009098,post000607,u00337,2025-03-28T18:23:05,like
r0009099,post000613,u00301,2025-03-28T18:30:49,insightful
r0009100,post000604,u00246,2025-03-28T18:38:57,like
r0009101,post000619,u00321,2025-03-28T18:43:13,like
r0009102,post000587,u00156,2025-03-28T19:07:03,like
r0009103,post000623,u00267,2025-03-28T19:11:45,like
r0009104,post000590,u00301,2025-03-28T19:16:22,like
r0009105,post000636,u00129,2025-03-28T19:16:52,like
r0009106,post000622,u00326,2025-03-28T19:30:43,support
r0009107,post000612,u00241,2025-03-28T19:54:37,support
r0009108,post000634,u00046,2025-03-28T20:00:07,like
r0009109,post000593,u00013,2025-03-28T20:00:11,like
r0009110,post000637,u00321,2025-03-28T20:13:30,support
r0009111,post000630,u00326,2025-03-28T20:20:34,like
r0009112,post000581,u00032,2025-03-28T20:21:54,like
r0009113,post000629,u00034,2025-03-28T20:30:12,like
r0009114,post000627,u00276,2025-03-28T20:30:39,insightful
r0009115,post000610,u00005,2025-03-28T20:43:41,like
r0009116,post000627,u00193,2025-03-28T20:53:42,like
r0009117,post000621,u00240,2025-03-28T21:03:28,celebrate
r0009118,post000625,u00039,2025-03-28T21:31:35,insightful
r0009119,post000592,u00240,2025-03-28T21:32:04,like
r0009120,post000617,u00202,2025-03-28T21:36:20,celebrate
r0009121,post000589,u00150,2025-03-28T21:39:29,insightful
r0009122,post000599,u00190,2025-03-28T21:44:48,like
r0009123,post000621,u00096,2025-03-28T21:58:53,like
r0009124,post000627,u00074,2025-03-28T22:03:38,insightful
r0009125,post000600,u00035,2025-03-28T22:08:13,like
r0009126,post000627,u00380,2025-03-28T22:12:30,like
r0009127,post000591,u00108,2025-03-28T22:25:52,like
r0009128,post000618,u00071,2025-03-28T22:29:15,celebrate
r0009129,post000589,u00362,2025-03-28T22:32:04,like
r0009130,post000601,u00366,2025-03-28T22:38:51,like
r0009131,post000611,u00087,2025-03-28T22:42:26,celebrate
r0009132,post000634,u00157,2025-03-28T22:44:23,like
r0009133,post000612,u00126,2025-03-28T22:47:33,like
r0009134,post000630,u00157,2025-03-28T22:50:54,like
r0009135,post000632,u00142,2025-03-28T22:56:58,like
r0009136,post000604,u00135,2025-03-28T23:15:05,like
r0009137,post000622,u00366,2025-03-28T23:16:18,like
r0009138,post000603,u00088,2025-03-28T23:16:19,support
r0009139,post000634,u00117,2025-03-28T23:17:54,support
r0009140,post000638,u00052,2025-03-28T23:19:04,celebrate
r0009141,post000640,u00371,2025-03-28T23:22:53,celebrate
r0009142,post000642,u00156,2025-03-28T23:25:07,like
r0009143,post000632,u00120,2025-03-28T23:25:55,like
r0009144,post000633,u00287,2025-03-28T23:31:32,like
r0009145,post000583,u00032,2025-03-28T23:32:45,like
r0009146,post000587,u00096,2025-03-28T23:34:04,celebrate
r0009147,post000624,u00240,2025-03-28T23:34:24,like
r0009148,post000627,u00335,2025-03-28T23:36:05,like
r0009149,post000597,u00362,2025-03-28T23:45:47,like
r0009150,post000598,u00054,2025-03-28T23:47:06,like
r0009151,post000587,u00142,2025-03-28T23:49:37,like
r0009152,post000628,u00185,2025-03-28T23:54:18,insightful
r0009153,post000611,u00120,2025-03-29T00:13:43,like
r0009154,post000631,u00286,2025-03-29T00:26:20,celebrate
r0009155,post000622,u00313,2025-03-29T00:28:41,celebrate
r0009156,post000622,u00116,2025-03-29T00:32:55,like
r0009157,post000621,u00187,2025-03-29T01:18:29,like
r0009158,post000641,u00157,2025-03-29T01:39:08,like
r0009159,post000627,u00036,2025-03-29T01:47:09,like
r0009160,post000586,u00174,2025-03-29T01:49:56,like
r0009161,post000607,u00354,2025-03-29T01:56:36,like
r0009162,post000607,u00050,2025-03-29T02:16:55,like
r0009163,post000605,u00020,2025-03-29T02:17:56,like
r0009164,post000606,u00342,2025-03-29T02:25:12,celebrate
r0009165,post000606,u00395,2025-03-29T02:31:04,like
r0009166,post000597,u00050,2025-03-29T02:35:03,insightful
r0009167,post000603,u00035,2025-03-29T02:40:17,like
r0009168,post000626,u00299,2025-03-29T02:57:36,like
r0009169,post000596,u00040,2025-03-29T03:01:31,like
r0009170,post000583,u00037,2025-03-29T03:02:39,insightful
r0009171,post000613,u00150,2025-03-29T03:12:11,like
r0009172,post000609,u00212,2025-03-29T03:24:38,like
r0009173,post000633,u00107,2025-03-29T03:31:25,insightful
r0009174,post000628,u00013,2025-03-29T03:37:05,like
r0009175,post000642,u00012,2025-03-29T03:41:42,celebrate
r0009176,post000606,u00067,2025-03-29T03:43:53,like
r0009177,post000622,u00061,2025-03-29T03:53:19,insightful
r0009178,post000615,u00190,2025-03-29T04:01:56,insightful
r0009179,post000612,u00034,2025-03-29T04:19:19,like
r0009180,post000586,u00259,2025-03-29T04:23:27,like
r0009181,post000595,u00024,2025-03-29T04:27:36,support
r0009182,post000615,u00053,2025-03-29T04:43:15,like
r0009183,post000625,u00150,2025-03-29T04:52:08,like
r0009184,post000602,u00053,2025-03-29T05:09:25,like
r0009185,post000594,u00281,2025-03-29T05:14:44,like
r0009186,post000602,u00264,2025-03-29T05:19:55,like
r0009187,post000605,u00235,2025-03-29T05:20:46,support
r0009188,post000611,u00120,2025-03-29T05:24:51,like
r0009189,post000633,u00253,2025-03-29T05:26:38,like
r0009190,post000604,u00157,2025-03-29T05:30:14,like
r0009191,post000632,u00120,2025-03-29T05:41:26,like
r0009192,post000588,u00147,2025-03-29T06:03:09,like
r0009193,post000630,u00321,2025-03-29T06:04:17,like
r0009194,post000587,u00067,2025-03-29T06:08:59,like
r0009195,post000608,u00012,2025-03-29T06:11:41,celebrate
r0009196,post000601,u00036,2025-03-29T06:19:24,like
r0009197,post000619,u00078,2025-03-29T06:30:24,like
r0009198,post000635,u00032,2025-03-29T06:59:35,celebrate
r0009199,post000617,u00236,2025-03-29T07:12:20,like
r0009200,post000611,u00299,2025-03-29T07:18:40,like
r0009201,post000641,u00132,2025-03-29T07:23:03,like
r0009202,post000595,u00192,2025-03-29T07:42:37,like
r0009203,post000609,u00276,2025-03-29T07:54:33,insightful
r0009204,post000598,u00013,2025-03-29T08:07:36,like
r0009205,post000587,u00157,2025-03-29T08:11:58,celebrate
r0009206,post000625,u00312,2025-03-29T08:13:16,like
r0009207,post000635,u00131,2025-03-29T08:14:49,like
r0009208,post000638,u00187,2025-03-29T08:25:06,celebrate
r0009209,post000589,u00205,2025-03-29T08:32:55,like
r0009210,post000609,u00098,2025-03-29T08:34:05,like
r0009211,post000608,u00120,2025-03-29T08:39:38,support
r0009212,post000588,u00034,2025-03-29T08:42:26,like
r0009213,post000605,u00053,2025-03-29T08:43:58,celebrate
r0009214,post000609,u00120,2025-03-29T08:44:20,like
r0009215,post000600,u00222,2025-03-29T08:48:56,celebrate
r0009216,post000592,u00179,2025-03-29T08:51:13,like
r0009217,post000635,u00102,2025-03-29T08:51:20,like
r0009218,post000589,u00204,2025-03-29T08:54:37,like
r0009219,post000611,u00358,2025-03-29T08:56:39,support
r0009220,post000630,u00235,2025-03-29T09:06:24,like
r0009221,post000632,u00053,2025-03-29T09:15:24,like
r0009222,post000598,u00024,2025-03-29T09:21:07,like
r0009223,post000621,u00106,2025-03-29T09:23:59,like
r0009224,post000618,u00025,2025-03-29T09:25:22,celebrate
r0009225,post000590,u00275,2025-03-29T09:27:32,like
r0009226,post000617,u00205,2025-03-29T09:30:15,like
r0009227,post000642,u00369,2025-03-29T09:32:43,like
r0009228,post000636,u00383,2025-03-29T09:42:50,like
r0009229,post000594,u00193,2025-03-29T09:51:00,like
r0009230,post000629,u00314,2025-03-29T09:53:26,like
r0009231,post000612,u00365,2025-03-29T09:55:59,like
r0009232,post000622,u00174,2025-03-29T09:56:16,like
r0009233,post000626,u00369,2025-03-29T09:57:41,insightful
r0009234,post000626,u00168,2025-03-29T09:58:44,like
r0009235,post000617,u00325,2025-03-29T09:59:00,celebrate
r0009236,post000597,u00340,2025-03-29T10:03:55,like
r0009237,post000610,u00259,2025-03-29T10:10:16,like
r0009238,post000614,u00166,2025-03-29T10:11:31,celebrate
r0009239,post000644,u00384,2025-03-29T10:12:30,support
r0009240,post000613,u00163,2025-03-29T10:21:24,like
r0009241,post000634,u00052,2025-03-29T10:23:49,celebrate
r0009242,post000625,u00245,2025-03-29T10:24:04,like
r0009243,post000622,u00053,2025-03-29T10:26:39,like
r0009244,post000609,u00192,2025-03-29T10:28:19,celebrate
r0009245,post000636,u00340,2025-03-29T10:30:04,like
r0009246,post000626,u00025,2025-03-29T10:31:57,like
r0009247,post000627,u00157,2025-03-29T10:35:18,insightful
r0009248,post000606,u00050,2025-03-29T10:36:00,support
r0009249,post000590,u00147,2025-03-29T10:36:26,celebrate
r0009250,post000645,u00395,2025-03-29T10:57:56,like
r0009251,post000603,u00013,2025-03-29T11:04:57,like
r0009252,post000645,u00045,2025-03-29T11:08:37,like
r0009253,post000589,u00253,2025-03-29T11:09:24,like
r0009254,post000616,u00070,2025-03-29T11:09:36,like
r0009255,post000636,u00253,2025-03-29T11:18:36,like
r0009256,post000645,u00067,2025-03-29T11:32:49,like
r0009257,post000588,u00348,2025-03-29T11:36:35,like
r0009258,post000593,u00205,2025-03-29T11:37:10,like
r0009259,post000618,u00192,2025-03-29T11:44:21,like
r0009260,post000638,u00114,2025-03-29T11:57:06,like
r0009261,post000610,u00166,2025-03-29T11:57:16,like
r0009262,post000622,u00138,2025-03-29T12:03:19,like
r0009263,post000632,u00165,2025-03-29T12:06:44,celebrate
r0009264,post000640,u00318,2025-03-29T12:11:06,like
r0009265,post000632,u00067,2025-03-29T12:12:21,like
r0009266,post000604,u00120,2025-03-29T12:14:55,like
r0009267,post000590,u00392,2025-03-29T12:23:54,support
r0009268,post000643,u00168,2025-03-29T12:24:40,like
r0009269,post000644,u00147,2025-03-29T12:25:24,like
r0009270,post000598,u00286,2025-03-29T12:30:10,celebrate
r0009271,post000625,u00037,2025-03-29T12:46:20,like
r0009272,post000624,u00030,2025-03-29T12:58:58,like
r0009273,post000649,u00253,2025-03-29T13:00:20,like
r0009274,post000602,u00167,2025-03-29T13:02:50,like
r0009275,post000610,u00264,2025-03-29T13:07:43,like
r0009276,post000624,u00205,2025-03-29T13:13:22,like
r0009277,post000596,u00215,2025-03-29T13:15:26,insightful
r0009278,post000607,u00338,2025-03-29T13:34:28,like
r0009279,post000635,u00093,2025-03-29T13:36:31,like
r0009280,post000644,u00288,2025-03-29T13:37:53,support
r0009281,post000603,u00245,2025-03-29T13:47:56,like
r0009282,post000635,u00032,2025-03-29T14:05:36,like
r0009283,post000622,u00286,2025-03-29T14:08:38,like
r0009284,post000612,u00342,2025-03-29T14:15:01,like
r0009285,post000603,u00026,2025-03-29T14:16:09,celebrate
r0009286,post000603,u00168,2025-03-29T14:17:55,like
r0009287,post000624,u00341,2025-03-29T14:17:57,insightful
r0009288,post000633,u00364,2025-03-29T14:20:51,insightful
r0009289,post000629,u00078,2025-03-29T14:21:01,insightful
r0009290,post000645,u00212,2025-03-29T14:23:04,like
r0009291,post000637,u00165,2025-03-29T14:36:57,insightful
r0009292,post000615,u00012,2025-03-29T14:45:14,like
r0009293,post000630,u00125,2025-03-29T14:49:15,like
r0009294,post000613,u00190,2025-03-29T14:59:38,like
r0009295,post000653,u00369,2025-03-29T15:01:20,celebrate
r0009296,post000646,u00147,2025-03-29T15:07:20,like
r0009297,post000609,u00253,2025-03-29T15:09:31,like
r0009298,post000639,u00312,2025-03-29T15:12:50,like
r0009299,post000616,u00259,2025-03-29T15:14:58,support
r0009300,post000612,u00132,2025-03-29T15:17:07,like
r0009301,post000645,u00371,2025-03-29T15:17:59,like
r0009302,post000654,u00236,2025-03-29T15:19:22,like
r0009303,post000623,u00354,2025-03-29T15:22:13,insightful
r0009304,post000622,u00037,2025-03-29T15:24:07,like
r0009305,post000602,u00382,2025-03-29T15:25:23,celebrate
r0009306,post000645,u00359,2025-03-29T15:25:54,like
r0009307,post000622,u00025,2025-03-29T15:26:34,like
r0009308,post000639,u00331,2025-03-29T15:26:34,like
r0009309,post000647,u00312,2025-03-29T15:28:19,like
r0009310,post000644,u00159,2025-03-29T15:34:49,like
r0009311,post000602,u00109,2025-03-29T15:37:54,like
r0009312,post000623,u00026,2025-03-29T15:45:19,like
r0009313,post000609,u00299,2025-03-29T15:47:09,support
r0009314,post000600,u00120,2025-03-29T15:48:58,like
r0009315,post000602,u00205,2025-03-29T15:56:39,insightful
r0009316,post000602,u00053,2025-03-29T15:57:27,like
r0009317,post000629,u00053,2025-03-29T15:59:32,support
r0009318,post000613,u00024,2025-03-29T16:03:20,support
r0009319,post000636,u00045,2025-03-29T16:04:47,like
r0009320,post000625,u00053,2025-03-29T16:12:49,like
r0009321,post000638,u00395,2025-03-29T16:14:11,like
r0009322,post000628,u00132,2025-03-29T16:21:50,support
r0009323,post000601,u00341,2025-03-29T16:22:22,like
r0009324,post000640,u00107,2025-03-29T16:23:08,like
r0009325,post000626,u00126,2025-03-29T16:29:07,support
r0009326,post000613,u00371,2025-03-29T16:36:27,support
r0009327,post000606,u00187,2025-03-29T16:50:05,like
r0009328,post000619,u00211,2025-03-29T16:55:34,like
r0009329,post000632,u00294,2025-03-29T17:07:17,support
r0009330,post000625,u00306,2025-03-29T17:13:49,like
r0009331,post000639,u00364,2025-03-29T17:23:52,like
r0009332,post000638,u00135,2025-03-29T17:25:18,like
r0009333,post000620,u00188,2025-03-29T17:30:45,like
r0009334,post000648,u00096,2025-03-29T17:30:54,support
r0009335,post000637,u00098,2025-03-29T17:36:14,like
r0009336,post000605,u00020,2025-03-29T17:43:50,celebrate
r0009337,post000636,u00187,2025-03-29T17:50:45,like
r0009338,post000639,u00088,2025-03-29T17:51:29,like
r0009339,post000602,u00299,2025-03-29T18:02:31,support
r0009340,post000604,u00341,2025-03-29T18:09:36,like
r0009341,post000610,u00052,2025-03-29T18:25:39,like
r0009342,post000612,u00179,2025-03-29T18:27:57,insightful
r0009343,post000599,u00167,2025-03-29T18:31:06,like
r0009344,post000625,u00120,2025-03-29T18:46:58,like
r0009345,post000632,u00187,2025-03-29T18:55:28,like
r0009346,post000627,u00067,2025-03-29T19:05:18,like
r0009347,post000644,u00205,2025-03-29T19:14:16,like
r0009348,post000648,u00032,2025-03-29T19:21:23,like
r0009349,post000599,u00125,2025-03-29T19:33:21,celebrate
r0009350,post000651,u00050,2025-03-29T19:48:36,celebrate
r0009351,post000648,u00032,2025-03-29T19:51:17,like
r0009352,post000648,u00344,2025-03-29T20:11:31,like
r0009353,post000601,u00395,2025-03-29T21:06:43,like
r0009354,post000629,u00174,2025-03-29T21:21:07,like
r0009355,post000637,u00124,2025-03-29T21:24:39,like
r0009356,post000599,u00163,2025-03-29T21:24:53,like
r0009357,post000629,u00080,2025-03-29T21:31:47,like
r0009358,post000635,u00036,2025-03-29T21:32:47,support
r0009359,post000627,u00036,2025-03-29T21:33:02,like
r0009360,post000626,u00125,2025-03-29T21:33:18,like
r0009361,post000618,u00157,2025-03-29T21:33:34,like
r0009362,post000615,u00354,2025-03-29T21:34:27,like
r0009363,post000652,u00141,2025-03-29T21:38:02,like
r0009364,post000649,u00128,2025-03-29T21:38:30,like
r0009365,post000644,u00147,2025-03-29T21:39:55,like
r0009366,post000644,u00157,2025-03-29T21:42:53,celebrate
r0009367,post000621,u00132,2025-03-29T22:01:02,insightful
r0009368,post000630,u00150,2025-03-29T22:06:35,like
r0009369,post000660,u00245,2025-03-29T22:09:55,like
r0009370,post000657,u00166,2025-03-29T22:15:37,like
r0009371,post000653,u00215,2025-03-29T22:16:06,like
r0009372,post000623,u00226,2025-03-29T22:23:50,support
r0009373,post000601,u00105,2025-03-29T22:27:17,like
r0009374,post000606,u00282,2025-03-29T22:46:11,like
r0009375,post000639,u00032,2025-03-29T22:55:44,like
r0009376,post000635,u00112,2025-03-29T23:00:50,insightful
r0009377,post000645,u00124,2025-03-29T23:09:30,celebrate
r0009378,post000656,u00185,2025-03-29T23:23:37,like
r0009379,post000610,u00080,2025-03-29T23:24:07,like
r0009380,post000632,u00036,2025-03-29T23:26:48,support
r0009381,post000642,u00157,2025-03-29T23:30:20,like
r0009382,post000615,u00245,2025-03-29T23:39:04,support
r0009383,post000659,u00314,2025-03-29T23:53:50,like
r0009384,post000610,u00150,2025-03-29T23:56:37,like
r0009385,post000613,u00300,2025-03-30T00:19:25,like
r0009386,post000620,u00057,2025-03-30T00:22:26,like
r0009387,post000660,u00055,2025-03-30T00:30:18,like
r0009388,post000635,u00126,2025-03-30T00:33:53,like
r0009389,post000623,u00036,2025-03-30T00:37:20,support
r0009390,post000656,u00174,2025-03-30T00:51:26,insightful
r0009391,post000611,u00290,2025-03-30T01:12:08,like
r0009392,post000639,u00031,2025-03-30T01:13:28,insightful
r0009393,post000625,u00250,2025-03-30T01:15:27,like
r0009394,post000641,u00322,2025-03-30T01:19:52,like
r0009395,post000622,u00120,2025-03-30T01:20:48,support
r0009396,post000632,u00260,2025-03-30T02:47:11,insightful
r0009397,post000644,u00067,2025-03-30T02:51:31,like
r0009398,post000630,u00304,2025-03-30T02:53:42,like
r0009399,post000649,u00083,2025-03-30T02:58:30,like
r0009400,post000652,u00318,2025-03-30T03:27:02,support
r0009401,post000603,u00370,2025-03-30T03:32:36,celebrate
r0009402,post000657,u00153,2025-03-30T03:46:44,celebrate
r0009403,post000608,u00252,2025-03-30T03:47:17,like
r0009404,post000655,u00148,2025-03-30T03:52:36,insightful
r0009405,post000648,u00352,2025-03-30T03:54:03,like
r0009406,post000652,u00339,2025-03-30T03:59:25,celebrate
r0009407,post000610,u00067,2025-03-30T04:10:33,like
r0009408,post000653,u00203,2025-03-30T04:21:13,like
r0009409,post000654,u00132,2025-03-30T04:44:56,celebrate
r0009410,post000614,u00352,2025-03-30T05:00:49,like
r0009411,post000617,u00381,2025-03-30T05:15:17,like
r0009412,post000635,u00338,2025-03-30T05:26:05,like
r0009413,post000647,u00339,2025-03-30T05:42:06,like
r0009414,post000603,u00120,2025-03-30T05:47:28,insightful
r0009415,post000609,u00395,2025-03-30T05:48:37,like
r0009416,post000619,u00381,2025-03-30T05:54:50,like
r0009417,post000658,u00384,2025-03-30T06:01:41,like
r0009418,post000660,u00312,2025-03-30T06:07:22,celebrate
r0009419,post000638,u00225,2025-03-30T06:09:09,like
r0009420,post000658,u00031,2025-03-30T06:25:09,like
r0009421,post000612,u00114,2025-03-30T06:26:24,support
r0009422,post000662,u00342,2025-03-30T06:36:19,like
r0009423,post000641,u00222,2025-03-30T06:44:40,like
r0009424,post000639,u00148,2025-03-30T07:11:01,like
r0009425,post000634,u00357,2025-03-30T07:12:20,like
r0009426,post000654,u00014,2025-03-30T07:18:20,like
r0009427,post000654,u00212,2025-03-30T07:29:50,like
r0009428,post000605,u00249,2025-03-30T07:32:25,like
r0009429,post000635,u00325,2025-03-30T07:36:00,insightful
r0009430,post000626,u00245,2025-03-30T07:46:03,like
r0009431,post000606,u00260,2025-03-30T07:47:30,support
r0009432,post000634,u00370,2025-03-30T07:49:36,like
r0009433,post000629,u00081,2025-03-30T07:53:59,support
r0009434,post000646,u00108,2025-03-30T07:54:24,like
r0009435,post000645,u00249,2025-03-30T07:58:58,like
r0009436,post000623,u00010,2025-03-30T08:05:45,like
r0009437,post000624,u00353,2025-03-30T08:06:38,insightful
r0009438,post000620,u00190,2025-03-30T08:10:58,like
r0009439,post000638,u00352,2025-03-30T08:15:46,like
r0009440,post000616,u00203,2025-03-30T08:15:51,support
r0009441,post000647,u00061,2025-03-30T08:24:46,celebrate
r0009442,post000608,u00211,2025-03-30T08:24:52,like
r0009443,post000625,u00374,2025-03-30T08:25:37,like
r0009444,post000652,u00260,2025-03-30T08:41:43,like
r0009445,post000628,u00036,2025-03-30T08:43:37,like
r0009446,post000605,u00395,2025-03-30T08:45:18,like
r0009447,post000610,u00107,2025-03-30T08:46:46,like
r0009448,post000630,u00028,2025-03-30T08:52:57,insightful
r0009449,post000661,u00055,2025-03-30T08:53:45,like
r0009450,post000632,u00301,2025-03-30T08:59:44,insightful
r0009451,post000632,u00199,2025-03-30T09:02:23,like
r0009452,post000646,u00211,2025-03-30T09:04:08,insightful
r0009453,post000639,u00006,2025-03-30T09:08:24,like
r0009454,post000660,u00126,2025-03-30T09:09:04,like
r0009455,post000624,u00103,2025-03-30T09:09:57,like
r0009456,post000625,u00329,2025-03-30T09:11:56,like
r0009457,post000606,u00314,2025-03-30T09:16:12,insightful
r0009458,post000630,u00337,2025-03-30T09:18:26,insightful
r0009459,post000639,u00174,2025-03-30T09:21:44,like
r0009460,post000626,u00306,2025-03-30T09:22:34,like
r0009461,post000662,u00299,2025-03-30T09:24:39,celebrate
r0009462,post000638,u00083,2025-03-30T09:28:47,celebrate
r0009463,post000654,u00197,2025-03-30T09:33:42,insightful
r0009464,post000629,u00179,2025-03-30T09:39:04,celebrate
r0009465,post000632,u00107,2025-03-30T09:39:40,like
r0009466,post000605,u00174,2025-03-30T09:41:33,celebrate
r0009467,post000607,u00230,2025-03-30T09:42:12,insightful
r0009468,post000639,u00112,2025-03-30T09:42:28,like
r0009469,post000652,u00026,2025-03-30T09:46:15,like
r0009470,post000645,u00339,2025-03-30T09:55:03,like
r0009471,post000626,u00115,2025-03-30T09:59:08,insightful
r0009472,post000651,u00252,2025-03-30T10:05:13,like
r0009473,post000620,u00006,2025-03-30T10:12:08,like
r0009474,post000642,u00212,2025-03-30T10:12:41,like
r0009475,post000631,u00035,2025-03-30T10:14:54,like
r0009476,post000640,u00035,2025-03-30T10:15:48,support
r0009477,post000643,u00383,2025-03-30T10:17:06,support
r0009478,post000661,u00329,2025-03-30T10:18:27,like
r0009479,post000645,u00066,2025-03-30T10:22:26,like
r0009480,post000623,u00192,2025-03-30T10:23:37,insightful
r0009481,post000638,u00147,2025-03-30T10:37:57,insightful
r0009482,post000622,u00020,2025-03-30T10:42:22,insightful
r0009483,post000628,u00070,2025-03-30T10:42:38,like
r0009484,post000629,u00252,2025-03-30T10:43:30,like
r0009485,post000639,u00339,2025-03-30T10:51:06,like
r0009486,post000644,u00070,2025-03-30T11:01:22,like
r0009487,post000617,u00376,2025-03-30T11:01:23,like
r0009488,post000628,u00351,2025-03-30T11:02:00,like
r0009489,post000610,u00260,2025-03-30T11:03:49,like
r0009490,post000607,u00286,2025-03-30T11:07:26,like
r0009491,post000661,u00277,2025-03-30T11:10:53,like
r0009492,post000619,u00190,2025-03-30T11:11:18,like
r0009493,post000622,u00250,2025-03-30T11:24:48,like
r0009494,post000655,u00253,2025-03-30T11:26:17,like
r0009495,post000651,u00210,2025-03-30T11:31:16,like
r0009496,post000622,u00174,2025-03-30T11:31:54,like
r0009497,post000612,u00285,2025-03-30T11:34:23,support
r0009498,post000648,u00258,2025-03-30T11:36:22,like
r0009499,post000662,u00374,2025-03-30T11:39:43,like
r0009500,post000631,u00311,2025-03-30T11:47:45,like
r0009501,post000630,u00370,2025-03-30T11:48:04,like
r0009502,post000634,u00301,2025-03-30T11:49:25,insightful
r0009503,post000665,u00185,2025-03-30T11:49:57,like
r0009504,post000616,u00067,2025-03-30T11:52:16,like
r0009505,post000647,u00250,2025-03-30T11:59:41,celebrate
r0009506,post000616,u00395,2025-03-30T12:01:09,insightful
r0009507,post000616,u00337,2025-03-30T12:01:35,like
r0009508,post000616,u00044,2025-03-30T12:02:25,insightful
r0009509,post000656,u00193,2025-03-30T12:06:29,like
r0009510,post000666,u00348,2025-03-30T12:07:58,support
r0009511,post000618,u00258,2025-03-30T12:08:40,celebrate
r0009512,post000658,u00202,2025-03-30T12:20:33,like
r0009513,post000658,u00028,2025-03-30T12:22:08,like
r0009514,post000613,u00193,2025-03-30T12:23:50,celebrate
r0009515,post000647,u00370,2025-03-30T12:30:41,like
r0009516,post000652,u00250,2025-03-30T12:31:13,like
r0009517,post000658,u00381,2025-03-30T12:33:25,like
r0009518,post000628,u00190,2025-03-30T12:34:36,like
r0009519,post000647,u00301,2025-03-30T12:39:42,insightful
r0009520,post000652,u00179,2025-03-30T12:43:57,like
r0009521,post000662,u00250,2025-03-30T12:45:47,like
r0009522,post000618,u00249,2025-03-30T12:50:00,like
r0009523,post000635,u00369,2025-03-30T12:50:07,celebrate
r0009524,post000652,u00381,2025-03-30T13:02:31,celebrate
r0009525,post000637,u00185,2025-03-30T13:05:57,support
r0009526,post000665,u00070,2025-03-30T13:08:11,like
r0009527,post000655,u00337,2025-03-30T13:08:39,insightful
r0009528,post000636,u00179,2025-03-30T13:09:12,support
r0009529,post000635,u00384,2025-03-30T13:20:32,like
r0009530,post000613,u00339,2025-03-30T13:34:44,like
r0009531,post000638,u00243,2025-03-30T13:37:21,like
r0009532,post000645,u00132,2025-03-30T13:38:38,like
r0009533,post000619,u00197,2025-03-30T13:49:01,like
r0009534,post000661,u00081,2025-03-30T13:55:26,like
r0009535,post000657,u00033,2025-03-30T13:55:53,insightful
r0009536,post000639,u00212,2025-03-30T14:02:45,support
r0009537,post000656,u00211,2025-03-30T14:31:38,like
r0009538,post000632,u00053,2025-03-30T14:32:14,like
r0009539,post000655,u00321,2025-03-30T14:38:33,insightful
r0009540,post000664,u00107,2025-03-30T14:39:59,insightful
r0009541,post000628,u00285,2025-03-30T14:48:21,like
r0009542,post000642,u00010,2025-03-30T15:01:50,like
r0009543,post000668,u00314,2025-03-30T15:13:12,like
r0009544,post000652,u00051,2025-03-30T15:20:02,like
r0009545,post000612,u00353,2025-03-30T15:24:15,like
r0009546,post000619,u00288,2025-03-30T15:39:55,like
r0009547,post000623,u00040,2025-03-30T15:41:53,like
r0009548,post000641,u00329,2025-03-30T15:43:59,like
r0009549,post000648,u00185,2025-03-30T15:45:16,celebrate
r0009550,post000631,u00252,2025-03-30T15:48:44,like
r0009551,post000658,u00212,2025-03-30T15:48:48,like
r0009552,post000662,u00102,2025-03-30T15:57:14,support
r0009553,post000624,u00285,2025-03-30T16:03:02,like
r0009554,post000619,u00376,2025-03-30T16:04:56,like
r0009555,post000614,u00010,2025-03-30T16:07:13,insightful
r0009556,post000633,u00131,2025-03-30T16:08:22,like
r0009557,post000667,u00224,2025-03-30T16:15:37,like
r0009558,post000610,u00185,2025-03-30T16:23:34,support
r0009559,post000610,u00225,2025-03-30T16:29:51,like
r0009560,post000650,u00226,2025-03-30T16:30:06,insightful
r0009561,post000623,u00337,2025-03-30T16:42:56,like
r0009562,post000646,u00243,2025-03-30T16:45:08,like
r0009563,post000657,u00036,2025-03-30T16:58:56,like
r0009564,post000631,u00033,2025-03-30T17:00:49,like
r0009565,post000641,u00006,2025-03-30T17:00:56,like
r0009566,post000615,u00154,2025-03-30T17:05:49,celebrate
r0009567,post000655,u00353,2025-03-30T17:09:08,like
r0009568,post000624,u00230,2025-03-30T17:16:53,like
r0009569,post000658,u00352,2025-03-30T17:23:06,like
r0009570,post000612,u00301,2025-03-30T17:31:50,like
r0009571,post000667,u00299,2025-03-30T17:32:37,celebrate
r0009572,post000626,u00107,2025-03-30T17:36:30,support
r0009573,post000670,u00006,2025-03-30T18:16:01,like
r0009574,post000621,u00211,2025-03-30T18:56:56,celebrate
r0009575,post000627,u00339,2025-03-30T18:59:12,celebrate
r0009576,post000671,u00210,2025-03-30T19:16:15,like
r0009577,post000652,u00299,2025-03-30T19:22:53,support
r0009578,post000661,u00263,2025-03-30T20:09:59,like
r0009579,post000667,u00235,2025-03-30T20:29:28,like
r0009580,post000616,u00036,2025-03-30T20:35:53,like
r0009581,post000622,u00384,2025-03-30T20:54:29,like
r0009582,post000653,u00395,2025-03-30T21:05:04,support
r0009583,post000613,u00053,2025-03-30T21:10:33,support
r0009584,post000620,u00031,2025-03-30T21:13:37,like
r0009585,post000638,u00179,2025-03-30T21:20:24,like
r0009586,post000638,u00250,2025-03-30T21:25:37,celebrate
r0009587,post000669,u00210,2025-03-30T21:31:07,like
r0009588,post000641,u00120,2025-03-30T21:35:03,celebrate
r0009589,post000627,u00189,2025-03-30T21:48:31,celebrate
r0009590,post000669,u00352,2025-03-30T21:55:47,like
r0009591,post000621,u00108,2025-03-30T22:11:40,insightful
r0009592,post000655,u00317,2025-03-30T22:17:36,like
r0009593,post000662,u00192,2025-03-30T22:29:59,like
r0009594,post000620,u00380,2025-03-30T22:39:59,like
r0009595,post000617,u00290,2025-03-30T22:40:02,like
r0009596,post000623,u00144,2025-03-30T22:48:38,like
r0009597,post000660,u00369,2025-03-30T23:00:46,like
r0009598,post000636,u00210,2025-03-30T23:09:41,support
r0009599,post000633,u00108,2025-03-30T23:18:30,like
r0009600,post000622,u00006,2025-03-30T23:44:07,like
r0009601,post000672,u00210,2025-03-30T23:46:21,like
r0009602,post000647,u00105,2025-03-30T23:49:35,support
r0009603,post000618,u00120,2025-03-30T23:53:25,like
r0009604,post000665,u00087,2025-03-31T00:21:46,like
r0009605,post000652,u00174,2025-03-31T00:34:48,celebrate
r0009606,post000634,u00018,2025-03-31T00:37:52,like
r0009607,post000658,u00211,2025-03-31T00:38:48,like
r0009608,post000654,u00285,2025-03-31T00:46:04,like
r0009609,post000673,u00355,2025-03-31T00:47:53,like
r0009610,post000649,u00192,2025-03-31T00:53:33,like
r0009611,post000654,u00262,2025-03-31T01:23:13,insightful
r0009612,post000665,u00192,2025-03-31T01:25:39,celebrate
r0009613,post000659,u00087,2025-03-31T01:48:31,like
r0009614,post000619,u00089,2025-03-31T01:49:24,like
r0009615,post000621,u00087,2025-03-31T01:52:56,like
r0009616,post000667,u00096,2025-03-31T01:58:26,like
r0009617,post000668,u00285,2025-03-31T02:09:49,insightful
r0009618,post000660,u00209,2025-03-31T02:18:37,support
r0009619,post000644,u00036,2025-03-31T02:27:05,like
r0009620,post000624,u00185,2025-03-31T02:28:47,like
r0009621,post000661,u00380,2025-03-31T02:38:03,like
r0009622,post000633,u00256,2025-03-31T02:40:07,like
r0009623,post000625,u00105,2025-03-31T02:40:16,like
r0009624,post000654,u00039,2025-03-31T03:18:27,celebrate
r0009625,post000674,u00054,2025-03-31T03:22:52,like
r0009626,post000666,u00120,2025-03-31T03:30:12,like
r0009627,post000657,u00093,2025-03-31T03:30:31,like
r0009628,post000643,u00321,2025-03-31T03:46:04,like
r0009629,post000680,u00032,2025-03-31T03:57:48,celebrate
r0009630,post000623,u00291,2025-03-31T04:16:39,support
r0009631,post000653,u00311,2025-03-31T04:31:14,like
r0009632,post000642,u00218,2025-03-31T04:39:43,like
r0009633,post000627,u00304,2025-03-31T04:42:55,insightful
r0009634,post000632,u00006,2025-03-31T04:43:24,support
r0009635,post000649,u00032,2025-03-31T04:47:03,like
r0009636,post000647,u00329,2025-03-31T04:48:00,support
r0009637,post000674,u00083,2025-03-31T04:50:56,like
r0009638,post000679,u00221,2025-03-31T04:50:59,like
r0009639,post000665,u00282,2025-03-31T05:00:05,like
r0009640,post000656,u00329,2025-03-31T05:01:09,like
r0009641,post000629,u00203,2025-03-31T05:15:12,like
r0009642,post000675,u00157,2025-03-31T05:16:54,like
r0009643,post000667,u00188,2025-03-31T05:26:47,like
r0009644,post000633,u00036,2025-03-31T05:30:13,like
r0009645,post000680,u00235,2025-03-31T05:50:18,like
r0009646,post000637,u00354,2025-03-31T05:51:32,celebrate
r0009647,post000622,u00354,2025-03-31T05:54:50,insightful
r0009648,post000681,u00211,2025-03-31T06:09:36,insightful
r0009649,post000634,u00050,2025-03-31T06:19:50,like
r0009650,post000631,u00067,2025-03-31T06:26:30,like
r0009651,post000676,u00108,2025-03-31T06:28:43,like
r0009652,post000670,u00395,2025-03-31T06:29:49,support
r0009653,post000648,u00006,2025-03-31T06:35:10,like
r0009654,post000632,u00205,2025-03-31T06:53:49,like
r0009655,post000668,u00185,2025-03-31T06:57:10,insightful
r0009656,post000638,u00009,2025-03-31T07:14:44,support
r0009657,post000656,u00358,2025-03-31T07:19:50,like
r0009658,post000627,u00350,2025-03-31T07:28:15,celebrate
r0009659,post000668,u00196,2025-03-31T07:29:38,like
r0009660,post000654,u00261,2025-03-31T07:30:14,celebrate
r0009661,post000646,u00300,2025-03-31T07:39:23,like
r0009662,post000670,u00185,2025-03-31T07:43:04,like
r0009663,post000648,u00157,2025-03-31T07:43:32,like
r0009664,post000641,u00067,2025-03-31T07:58:16,insightful
r0009665,post000647,u00394,2025-03-31T08:00:52,like
r0009666,post000642,u00089,2025-03-31T08:07:03,celebrate
r0009667,post000667,u00380,2025-03-31T08:08:47,like
r0009668,post000672,u00053,2025-03-31T08:10:27,like
r0009669,post000628,u00063,2025-03-31T08:11:42,like
r0009670,post000646,u00251,2025-03-31T08:16:27,like
r0009671,post000670,u00260,2025-03-31T08:19:50,like
r0009672,post000675,u00063,2025-03-31T08:24:19,like
r0009673,post000656,u00159,2025-03-31T08:25:37,like
r0009674,post000661,u00226,2025-03-31T08:26:47,like
r0009675,post000663,u00314,2025-03-31T08:30:12,like
r0009676,post000678,u00350,2025-03-31T08:30:16,like
r0009677,post000650,u00352,2025-03-31T08:33:54,like
r0009678,post000637,u00006,2025-03-31T08:37:41,like
r0009679,post000649,u00197,2025-03-31T08:38:53,insightful
r0009680,post000667,u00395,2025-03-31T08:39:14,like
r0009681,post000670,u00000,2025-03-31T08:41:10,like
r0009682,post000653,u00245,2025-03-31T08:46:00,like
r0009683,post000657,u00313,2025-03-31T08:47:59,like
r0009684,post000673,u00065,2025-03-31T08:49:17,celebrate
r0009685,post000680,u00382,2025-03-31T08:54:32,celebrate
r0009686,post000652,u00089,2025-03-31T08:55:22,like
r0009687,post000662,u00291,2025-03-31T09:00:21,like
r0009688,post000636,u00372,2025-03-31T09:02:56,insightful
r0009689,post000649,u00270,2025-03-31T09:03:08,like
r0009690,post000656,u00225,2025-03-31T09:03:49,like
r0009691,post000655,u00282,2025-03-31T09:04:14,insightful
r0009692,post000668,u00023,2025-03-31T09:05:24,like
r0009693,post000679,u00312,2025-03-31T09:12:06,like
r0009694,post000680,u00021,2025-03-31T09:13:34,insightful
r0009695,post000682,u00048,2025-03-31T09:15:20,like
r0009696,post000671,u00383,2025-03-31T09:17:34,like
r0009697,post000665,u00163,2025-03-31T09:18:34,celebrate
r0009698,post000670,u00393,2025-03-31T09:20:08,insightful
r0009699,post000658,u00257,2025-03-31T09:24:36,like
r0009700,post000682,u00090,2025-03-31T09:26:00,like
r0009701,post000632,u00083,2025-03-31T09:31:25,like
r0009702,post000640,u00350,2025-03-31T09:33:50,like
r0009703,post000660,u00125,2025-03-31T09:34:01,like
r0009704,post000656,u00275,2025-03-31T09:34:03,like
r0009705,post000630,u00285,2025-03-31T09:34:22,like
r0009706,post000628,u00205,2025-03-31T09:37:56,like
r0009707,post000673,u00024,2025-03-31T09:40:22,like
r0009708,post000647,u00250,2025-03-31T09:40:31,like
r0009709,post000668,u00098,2025-03-31T09:41:51,like
r0009710,post000654,u00114,2025-03-31T09:45:16,like
r0009711,post000668,u00238,2025-03-31T09:45:34,like
r0009712,post000633,u00366,2025-03-31T09:46:17,like
r0009713,post000626,u00358,2025-03-31T09:49:15,like
r0009714,post000628,u00064,2025-03-31T09:54:53,like
r0009715,post000674,u00157,2025-03-31T09:57:36,support
r0009716,post000653,u00265,2025-03-31T09:59:16,insightful
r0009717,post000672,u00211,2025-03-31T10:00:34,like
r0009718,post000632,u00098,2025-03-31T10:02:02,insightful
r0009719,post000672,u00227,2025-03-31T10:03:22,like
r0009720,post000627,u00209,2025-03-31T10:05:38,like
r0009721,post000684,u00067,2025-03-31T10:09:52,like
r0009722,post000663,u00047,2025-03-31T10:10:48,like
r0009723,post000675,u00328,2025-03-31T10:15:09,like
r0009724,post000670,u00000,2025-03-31T10:17:23,like
r0009725,post000662,u00363,2025-03-31T10:17:41,like
r0009726,post000650,u00193,2025-03-31T10:23:07,like
r0009727,post000682,u00096,2025-03-31T10:29:55,like
r0009728,post000646,u00312,2025-03-31T10:30:06,like
r0009729,post000682,u00131,2025-03-31T10:31:05,like
r0009730,post000676,u00098,2025-03-31T10:32:58,like
r0009731,post000639,u00252,2025-03-31T10:40:58,celebrate
r0009732,post000651,u00251,2025-03-31T10:41:30,like
r0009733,post000682,u00148,2025-03-31T10:45:31,like
r0009734,post000658,u00223,2025-03-31T10:47:17,like
r0009735,post000656,u00078,2025-03-31T10:56:48,like
r0009736,post000683,u00163,2025-03-31T11:03:46,like
r0009737,post000630,u00185,2025-03-31T11:04:33,like
r0009738,post000639,u00073,2025-03-31T11:06:33,like
r0009739,post000689,u00201,2025-03-31T11:08:27,support
r0009740,post000668,u00238,2025-03-31T11:08:42,support
r0009741,post000683,u00140,2025-03-31T11:13:20,like
r0009742,post000673,u00204,2025-03-31T11:16:02,like
r0009743,post000631,u00039,2025-03-31T11:20:44,like
r0009744,post000639,u00351,2025-03-31T11:22:06,like
r0009745,post000643,u00390,2025-03-31T11:24:18,like
r0009746,post000630,u00006,2025-03-31T11:24:27,like
r0009747,post000663,u00153,2025-03-31T11:27:59,like
r0009748,post000633,u00333,2025-03-31T11:31:00,like
r0009749,post000652,u00258,2025-03-31T11:32:56,like
r0009750,post000632,u00079,2025-03-31T11:34:32,insightful
r0009751,post000674,u00158,2025-03-31T11:38:55,celebrate
r0009752,post000679,u00064,2025-03-31T11:39:04,like
r0009753,post000652,u00140,2025-03-31T11:41:24,celebrate
r0009754,post000642,u00185,2025-03-31T11:42:11,like
r0009755,post000635,u00052,2025-03-31T11:44:50,like
r0009756,post000645,u00174,2025-03-31T11:45:37,like
r0009757,post000633,u00390,2025-03-31T11:46:21,like
r0009758,post000636,u00035,2025-03-31T11:49:55,like
r0009759,post000688,u00009,2025-03-31T11:50:15,like
r0009760,post000681,u00254,2025-03-31T11:56:34,like
r0009761,post000673,u00098,2025-03-31T11:59:33,like
r0009762,post000664,u00221,2025-03-31T12:00:08,like
r0009763,post000668,u00127,2025-03-31T12:01:22,like
r0009764,post000630,u00066,2025-03-31T12:01:42,like
r0009765,post000663,u00256,2025-03-31T12:02:53,insightful
r0009766,post000664,u00036,2025-03-31T12:03:08,like
r0009767,post000674,u00314,2025-03-31T12:04:20,like
r0009768,post000654,u00245,2025-03-31T12:16:55,celebrate
r0009769,post000655,u00174,2025-03-31T12:18:37,support
r0009770,post000674,u00223,2025-03-31T12:19:20,like
r0009771,post000657,u00140,2025-03-31T12:20:47,like
r0009772,post000660,u00246,2025-03-31T12:21:52,like
r0009773,post000671,u00078,2025-03-31T12:22:08,like
r0009774,post000651,u00029,2025-03-31T12:24:07,like
r0009775,post000655,u00350,2025-03-31T12:29:05,insightful
r0009776,post000679,u00333,2025-03-31T12:29:33,support
r0009777,post000634,u00193,2025-03-31T12:30:14,like
r0009778,post000660,u00127,2025-03-31T12:30:30,like
r0009779,post000656,u00199,2025-03-31T12:31:58,like
r0009780,post000663,u00218,2025-03-31T12:32:02,celebrate
r0009781,post000671,u00240,2025-03-31T12:32:09,like
r0009782,post000643,u00090,2025-03-31T12:34:16,like
r0009783,post000641,u00108,2025-03-31T12:38:18,celebrate
r0009784,post000680,u00225,2025-03-31T12:47:30,like
r0009785,post000675,u00093,2025-03-31T12:48:17,like
r0009786,post000649,u00006,2025-03-31T12:48:42,like
r0009787,post000674,u00089,2025-03-31T12:53:03,like
r0009788,post000687,u00395,2025-03-31T12:55:28,like
r0009789,post000676,u00308,2025-03-31T12:57:42,insightful
r0009790,post000657,u00196,2025-03-31T12:58:16,support
r0009791,post000664,u00381,2025-03-31T13:01:04,celebrate
r0009792,post000687,u00168,2025-03-31T13:06:00,like
r0009793,post000636,u00052,2025-03-31T13:11:45,support
r0009794,post000642,u00275,2025-03-31T13:13:13,like
r0009795,post000672,u00188,2025-03-31T13:15:43,support
r0009796,post000656,u00224,2025-03-31T13:19:18,support
r0009797,post000671,u00046,2025-03-31T13:21:21,like
r0009798,post000669,u00067,2025-03-31T13:23:17,support
r0009799,post000671,u00168,2025-03-31T13:24:18,like
r0009800,post000632,u00006,2025-03-31T13:25:11,like
r0009801,post000686,u00271,2025-03-31T13:26:50,like
r0009802,post000673,u00071,2025-03-31T13:32:50,celebrate
r0009803,post000686,u00138,2025-03-31T13:33:15,like
r0009804,post000655,u00204,2025-03-31T13:34:57,like
r0009805,post000659,u00355,2025-03-31T13:36:15,celebrate
r0009806,post000634,u00174,2025-03-31T13:39:39,like
r0009807,post000642,u00257,2025-03-31T13:39:48,like
r0009808,post000686,u00018,2025-03-31T13:40:14,like
r0009809,post000670,u00238,2025-03-31T13:40:59,support
r0009810,post000642,u00186,2025-03-31T13:45:28,like
r0009811,post000633,u00083,2025-03-31T13:45:33,like
r0009812,post000649,u00260,2025-03-31T13:46:29,insightful
r0009813,post000669,u00225,2025-03-31T13:50:32,like
r0009814,post000637,u00030,2025-03-31T13:56:14,like
r0009815,post000653,u00325,2025-03-31T13:57:01,like
r0009816,post000654,u00105,2025-03-31T13:57:13,like
r0009817,post000654,u00132,2025-03-31T13:58:43,like
r0009818,post000683,u00285,2025-03-31T14:05:21,support
r0009819,post000641,u00338,2025-03-31T14:06:10,like
r0009820,post000651,u00235,2025-03-31T14:07:00,like
r0009821,post000673,u00252,2025-03-31T14:07:32,like
r0009822,post000662,u00090,2025-03-31T14:16:03,like
r0009823,post000689,u00158,2025-03-31T14:16:17,celebrate
r0009824,post000667,u00262,2025-03-31T14:17:43,like
r0009825,post000638,u00329,2025-03-31T14:19:22,like
r0009826,post000656,u00246,2025-03-31T14:19:24,like
r0009827,post000676,u00174,2025-03-31T14:23:07,like
r0009828,post000688,u00197,2025-03-31T14:23:52,like
r0009829,post000636,u00193,2025-03-31T14:24:07,celebrate
r0009830,post000671,u00252,2025-03-31T14:29:12,celebrate
r0009831,post000648,u00183,2025-03-31T14:34:42,like
r0009832,post000641,u00192,2025-03-31T14:36:15,insightful
r0009833,post000661,u00277,2025-03-31T14:36:56,like
r0009834,post000638,u00243,2025-03-31T14:41:42,like
r0009835,post000690,u00054,2025-03-31T14:43:50,insightful
r0009836,post000686,u00224,2025-03-31T14:48:18,like
r0009837,post000637,u00054,2025-03-31T14:50:20,like
r0009838,post000666,u00170,2025-03-31T14:59:32,like
r0009839,post000673,u00221,2025-03-31T15:00:04,like
r0009840,post000685,u00083,2025-03-31T15:01:10,like
r0009841,post000684,u00256,2025-03-31T15:03:12,support
r0009842,post000650,u00083,2025-03-31T15:03:33,like
r0009843,post000673,u00366,2025-03-31T15:04:43,celebrate
r0009844,post000684,u00045,2025-03-31T15:05:49,like
r0009845,post000690,u00159,2025-03-31T15:07:45,like
r0009846,post000672,u00254,2025-03-31T15:11:51,insightful
r0009847,post000666,u00163,2025-03-31T15:12:58,like
r0009848,post000649,u00185,2025-03-31T15:15:24,insightful
r0009849,post000650,u00172,2025-03-31T15:22:38,insightful
r0009850,post000662,u00140,2025-03-31T15:24:15,like
r0009851,post000667,u00033,2025-03-31T15:24:32,support
r0009852,post000637,u00080,2025-03-31T15:24:58,like
r0009853,post000644,u00078,2025-03-31T15:32:50,like
r0009854,post000654,u00394,2025-03-31T15:35:58,support
r0009855,post000690,u00185,2025-03-31T15:39:46,like
r0009856,post000681,u00067,2025-03-31T15:46:32,like
r0009857,post000635,u00325,2025-03-31T15:48:09,like
r0009858,post000676,u00322,2025-03-31T15:48:56,like
r0009859,post000675,u00352,2025-03-31T15:51:10,celebrate
r0009860,post000693,u00196,2025-03-31T15:53:00,celebrate
r0009861,post000652,u00108,2025-03-31T15:53:27,like
r0009862,post000646,u00047,2025-03-31T15:55:29,like
r0009863,post000636,u00221,2025-03-31T15:57:30,insightful
r0009864,post000659,u00169,2025-03-31T16:00:04,celebrate
r0009865,post000646,u00187,2025-03-31T16:02:41,like
r0009866,post000665,u00039,2025-03-31T16:03:22,celebrate
r0009867,post000682,u00075,2025-03-31T16:05:41,like
r0009868,post000689,u00355,2025-03-31T16:05:52,like
r0009869,post000653,u00221,2025-03-31T16:15:11,insightful
r0009870,post000686,u00263,2025-03-31T16:18:20,like
r0009871,post000680,u00353,2025-03-31T16:20:32,like
r0009872,post000689,u00174,2025-03-31T16:25:27,like
r0009873,post000636,u00090,2025-03-31T16:26:47,insightful
r0009874,post000637,u00192,2025-03-31T16:42:48,like
r0009875,post000660,u00196,2025-03-31T16:50:15,like
r0009876,post000640,u00194,2025-03-31T16:57:53,like
r0009877,post000671,u00127,2025-03-31T17:02:49,celebrate
r0009878,post000693,u00203,2025-03-31T17:07:39,insightful
r0009879,post000690,u00269,2025-03-31T17:10:14,celebrate
r0009880,post000656,u00203,2025-03-31T17:11:59,insightful
r0009881,post000646,u00243,2025-03-31T17:20:28,insightful
r0009882,post000655,u00006,2025-03-31T17:25:40,like
r0009883,post000637,u00262,2025-03-31T17:26:45,like
r0009884,post000689,u00192,2025-03-31T17:27:16,like
r0009885,post000638,u00062,2025-03-31T17:30:00,like
r0009886,post000639,u00209,2025-03-31T17:31:19,like
r0009887,post000678,u00132,2025-03-31T17:34:53,like
r0009888,post000692,u00227,2025-03-31T17:38:46,like
r0009889,post000650,u00340,2025-03-31T17:42:58,like
r0009890,post000648,u00202,2025-03-31T17:45:20,like
r0009891,post000675,u00031,2025-03-31T17:45:42,like
r0009892,post000649,u00250,2025-03-31T17:47:40,like
r0009893,post000656,u00394,2025-03-31T17:48:39,insightful
r0009894,post000639,u00090,2025-03-31T17:54:56,insightful
r0009895,post000658,u00350,2025-03-31T18:01:08,like
r0009896,post000636,u00192,2025-03-31T18:04:34,like
r0009897,post000686,u00285,2025-03-31T18:07:46,celebrate
r0009898,post000678,u00173,2025-03-31T18:09:45,like
r0009899,post000641,u00308,2025-03-31T18:12:53,like
r0009900,post000665,u00308,2025-03-31T18:18:13,like
r0009901,post000659,u00006,2025-03-31T18:37:34,support
r0009902,post000696,u00089,2025-03-31T18:41:50,like
r0009903,post000653,u00243,2025-03-31T18:45:56,like
r0009904,post000651,u00078,2025-03-31T19:04:39,celebrate
r0009905,post000652,u00108,2025-03-31T19:16:15,like
r0009906,post000675,u00265,2025-03-31T19:20:22,like
r0009907,post000638,u00158,2025-03-31T19:28:39,like
r0009908,post000682,u00211,2025-03-31T19:29:21,celebrate
r0009909,post000678,u00054,2025-03-31T19:44:26,support
r0009910,post000682,u00028,2025-03-31T19:44:59,like
r0009911,post000663,u00192,2025-03-31T20:15:39,like
r0009912,post000680,u00031,2025-03-31T20:18:42,like
r0009913,post000643,u00157,2025-03-31T20:38:03,like
r0009914,post000696,u00256,2025-03-31T20:38:51,like
r0009915,post000639,u00157,2025-03-31T20:38:51,support
r0009916,post000647,u00350,2025-03-31T20:55:21,like
r0009917,post000690,u00185,2025-03-31T21:04:59,like
r0009918,post000637,u00202,2025-03-31T21:22:21,like
r0009919,post000669,u00192,2025-03-31T21:24:31,support
r0009920,post000658,u00245,2025-03-31T21:38:28,like
r0009921,post000681,u00120,2025-03-31T21:44:08,like
r0009922,post000660,u00089,2025-03-31T21:50:30,like
r0009923,post000674,u00394,2025-03-31T21:50:35,like
r0009924,post000682,u00108,2025-03-31T21:55:17,support
r0009925,post000692,u00187,2025-03-31T22:12:35,like
r0009926,post000643,u00340,2025-03-31T22:16:41,like
r0009927,post000653,u00108,2025-03-31T22:18:52,support
r0009928,post000651,u00308,2025-03-31T22:22:23,like
r0009929,post000674,u00291,2025-03-31T22:22:46,like
r0009930,post000640,u00144,2025-03-31T22:26:28,insightful
r0009931,post000683,u00083,2025-03-31T22:26:36,support
r0009932,post000655,u00354,2025-03-31T22:30:49,like
r0009933,post000696,u00265,2025-03-31T22:31:17,like
r0009934,post000657,u00238,2025-03-31T22:36:07,celebrate
r0009935,post000681,u00240,2025-03-31T22:38:21,insightful
r0009936,post000642,u00083,2025-03-31T22:40:13,insightful
r0009937,post000655,u00194,2025-03-31T22:41:27,like
r0009938,post000690,u00127,2025-03-31T23:12:16,like
r0009939,post000665,u00036,2025-03-31T23:22:42,like
r0009940,post000658,u00352,2025-03-31T23:27:46,support
r0009941,post000676,u00291,2025-03-31T23:29:14,like
r0009942,post000666,u00326,2025-03-31T23:32:39,like
r0009943,post000680,u00006,2025-03-31T23:33:51,like
r0009944,post000683,u00263,2025-03-31T23:35:17,like
r0009945,post000696,u00205,2025-03-31T23:47:08,like
r0009946,post000691,u00220,2025-03-31T23:51:01,like
r0009947,post000647,u00173,2025-03-31T23:56:23,celebrate
r0009948,post000680,u00308,2025-03-31T23:56:26,like
r0009949,post000669,u00010,2025-04-01T00:19:24,celebrate
r0009950,post000688,u00105,2025-04-01T00:21:56,like
r0009951,post000664,u00133,2025-04-01T00:29:44,support
r0009952,post000691,u00087,2025-04-01T00:30:37,like
r0009953,post000644,u00329,2025-04-01T00:30:46,like
r0009954,post000673,u00012,2025-04-01T00:31:27,support
r0009955,post000679,u00006,2025-04-01T00:38:49,support
r0009956,post000648,u00174,2025-04-01T00:38:57,like
r0009957,post000697,u00032,2025-04-01T00:39:02,like
r0009958,post000665,u00290,2025-04-01T00:40:07,insightful
r0009959,post000674,u00032,2025-04-01T00:43:38,insightful
r0009960,post000653,u00099,2025-04-01T00:47:05,celebrate
r0009961,post000681,u00244,2025-04-01T00:48:15,celebrate
r0009962,post000696,u00085,2025-04-01T01:00:04,like
r0009963,post000651,u00074,2025-04-01T01:07:44,like
r0009964,post000672,u00329,2025-04-01T01:11:10,like
r0009965,post000647,u00067,2025-04-01T01:21:47,like
r0009966,post000653,u00329,2025-04-01T01:23:07,insightful
r0009967,post000652,u00249,2025-04-01T01:31:04,like
r0009968,post000658,u00108,2025-04-01T01:50:58,like
r0009969,post000641,u00125,2025-04-01T01:53:56,like
r0009970,post000686,u00112,2025-04-01T02:08:31,support
r0009971,post000652,u00087,2025-04-01T02:12:22,insightful
r0009972,post000687,u00040,2025-04-01T02:14:35,like
r0009973,post000696,u00054,2025-04-01T02:17:02,like
r0009974,post000644,u00097,2025-04-01T02:19:57,like
r0009975,post000681,u00221,2025-04-01T02:21:47,like
r0009976,post000667,u00259,2025-04-01T02:34:01,like
r0009977,post000673,u00362,2025-04-01T02:35:37,like
r0009978,post000656,u00262,2025-04-01T02:36:55,like
r0009979,post000694,u00382,2025-04-01T02:57:21,like
r0009980,post000679,u00033,2025-04-01T03:08:48,like
r0009981,post000670,u00352,2025-04-01T03:11:58,like
r0009982,post000654,u00071,2025-04-01T03:12:13,like
r0009983,post000660,u00245,2025-04-01T03:38:01,like
r0009984,post000662,u00078,2025-04-01T03:42:58,celebrate
r0009985,post000700,u00211,2025-04-01T03:47:37,like
r0009986,post000662,u00148,2025-04-01T03:48:35,like
r0009987,post000693,u00128,2025-04-01T04:00:20,like
r0009988,post000678,u00046,2025-04-01T04:03:05,support
r0009989,post000651,u00329,2025-04-01T04:03:55,like
r0009990,post000682,u00108,2025-04-01T04:14:09,insightful
r0009991,post000671,u00174,2025-04-01T04:25:13,insightful
r0009992,post000670,u00249,2025-04-01T04:37:06,support
r0009993,post000659,u00033,2025-04-01T04:41:40,support
r0009994,post000695,u00271,2025-04-01T04:43:26,like
r0009995,post000662,u00357,2025-04-01T05:02:25,like
r0009996,post000674,u00158,2025-04-01T05:04:01,like
r0009997,post000658,u00287,2025-04-01T05:05:32,like
r0009998,post000651,u00225,2025-04-01T05:34:50,like
r0009999,post000645,u00158,2025-04-01T05:41:00,like
r0010000,post000666,u00249,2025-04-01T05:47:16,like
r0010001,post000674,u00125,2025-04-01T06:02:44,like
r0010002,post000677,u00240,2025-04-01T06:04:27,insightful
r0010003,post000701,u00127,2025-04-01T06:09:02,insightful
r0010004,post000662,u00380,2025-04-01T06:11:34,like
r0010005,post000679,u00174,2025-04-01T06:12:49,like
r0010006,post000697,u00033,2025-04-01T06:13:33,support
r0010007,post000669,u00125,2025-04-01T06:15:49,like
r0010008,post000703,u00096,2025-04-01T06:21:15,like
r0010009,post000689,u00128,2025-04-01T06:26:15,like
r0010010,post000679,u00053,2025-04-01T06:27:12,celebrate
r0010011,post000701,u00174,2025-04-01T06:32:43,like
r0010012,post000659,u00352,2025-04-01T06:41:39,like
r0010013,post000645,u00159,2025-04-01T06:42:25,like
r0010014,post000694,u00353,2025-04-01T06:47:47,like
r0010015,post000681,u00276,2025-04-01T06:56:34,support
r0010016,post000680,u00362,2025-04-01T06:57:40,like
r0010017,post000704,u00000,2025-04-01T06:58:48,like
r0010018,post000701,u00033,2025-04-01T06:59:26,like
r0010019,post000686,u00210,2025-04-01T07:13:03,like
r0010020,post000649,u00170,2025-04-01T07:21:48,like
r0010021,post000648,u00210,2025-04-01T07:25:36,like
r0010022,post000693,u00089,2025-04-01T07:31:39,celebrate
r0010023,post000657,u00258,2025-04-01T07:31:48,like
r0010024,post000669,u00063,2025-04-01T07:42:54,like
r0010025,post000700,u00352,2025-04-01T07:43:37,like
r0010026,post000678,u00120,2025-04-01T07:54:21,like
r0010027,post000682,u00006,2025-04-01T08:06:29,like
r0010028,post000683,u00015,2025-04-01T08:10:34,like
r0010029,post000696,u00168,2025-04-01T08:11:46,like
r0010030,post000652,u00097,2025-04-01T08:12:25,like
r0010031,post000669,u00099,2025-04-01T08:14:32,like
r0010032,post000650,u00114,2025-04-01T08:14:36,like
r0010033,post000687,u00283,2025-04-01T08:16:52,like
r0010034,post000675,u00186,2025-04-01T08:20:15,like
r0010035,post000684,u00288,2025-04-01T08:20:17,celebrate
r0010036,post000676,u00034,2025-04-01T08:22:40,like
r0010037,post000648,u00246,2025-04-01T08:23:00,like
r0010038,post000650,u00174,2025-04-01T08:23:20,insightful
r0010039,post000702,u00125,2025-04-01T08:23:29,support
r0010040,post000659,u00120,2025-04-01T08:25:06,like
r0010041,post000672,u00227,2025-04-01T08:27:55,support
r0010042,post000669,u00272,2025-04-01T08:32:16,like
r0010043,post000663,u00250,2025-04-01T08:33:05,insightful
r0010044,post000692,u00294,2025-04-01T08:34:24,like
r0010045,post000663,u00313,2025-04-01T08:36:10,like
r0010046,post000671,u00057,2025-04-01T08:40:35,insightful
r0010047,post000702,u00168,2025-04-01T08:42:00,celebrate
r0010048,post000662,u00060,2025-04-01T08:42:03,like
r0010049,post000693,u00021,2025-04-01T08:42:25,insightful
r0010050,post000653,u00271,2025-04-01T08:43:30,like
r0010051,post000693,u00031,2025-04-01T08:45:01,like
r0010052,post000683,u00352,2025-04-01T08:48:02,support
r0010053,post000663,u00121,2025-04-01T08:49:20,like
r0010054,post000665,u00249,2025-04-01T08:51:53,support
r0010055,post000691,u00249,2025-04-01T08:53:01,like
r0010056,post000659,u00241,2025-04-01T08:56:42,like
r0010057,post000685,u00125,2025-04-01T08:59:00,support
r0010058,post000682,u00308,2025-04-01T08:59:06,like
r0010059,post000689,u00381,2025-04-01T08:59:19,like
r0010060,post000664,u00312,2025-04-01T09:02:36,like
r0010061,post000689,u00106,2025-04-01T09:02:37,like
r0010062,post000703,u00006,2025-04-01T09:03:11,like
r0010063,post000705,u00093,2025-04-01T09:04:03,like
r0010064,post000697,u00285,2025-04-01T09:05:41,like
r0010065,post000695,u00097,2025-04-01T09:06:02,like
r0010066,post000686,u00037,2025-04-01T09:07:44,like
r0010067,post000671,u00080,2025-04-01T09:12:39,like
r0010068,post000694,u00329,2025-04-01T09:12:53,like
r0010069,post000663,u00020,2025-04-01T09:25:24,celebrate
r0010070,post000706,u00040,2025-04-01T09:26:16,like
r0010071,post000666,u00230,2025-04-01T09:27:15,insightful
r0010072,post000661,u00392,2025-04-01T09:33:04,like
r0010073,post000694,u00308,2025-04-01T09:34:50,like
r0010074,post000691,u00308,2025-04-01T09:40:30,like
r0010075,post000684,u00089,2025-04-01T09:46:55,like
r0010076,post000666,u00163,2025-04-01T09:47:21,like
r0010077,post000658,u00063,2025-04-01T09:49:12,like
r0010078,post000673,u00249,2025-04-01T09:55:08,support
r0010079,post000692,u00210,2025-04-01T09:57:14,like
r0010080,post000680,u00380,2025-04-01T09:57:58,celebrate
r0010081,post000690,u00089,2025-04-01T09:58:27,like
r0010082,post000657,u00009,2025-04-01T10:00:12,like
r0010083,post000671,u00370,2025-04-01T10:00:58,like
r0010084,post000695,u00097,2025-04-01T10:05:06,insightful
r0010085,post000697,u00339,2025-04-01T10:07:35,like
r0010086,post000663,u00069,2025-04-01T10:08:41,like
r0010087,post000666,u00392,2025-04-01T10:11:43,like
r0010088,post000678,u00174,2025-04-01T10:15:08,like
r0010089,post000698,u00026,2025-04-01T10:17:12,like
r0010090,post000654,u00256,2025-04-01T10:21:49,like
r0010091,post000682,u00362,2025-04-01T10:21:51,insightful
r0010092,post000702,u00053,2025-04-01T10:24:39,insightful
r0010093,post000668,u00394,2025-04-01T10:28:16,like
r0010094,post000689,u00154,2025-04-01T10:29:38,like
r0010095,post000649,u00265,2025-04-01T10:31:15,celebrate
r0010096,post000655,u00006,2025-04-01T10:35:11,like
r0010097,post000650,u00037,2025-04-01T10:36:06,support
r0010098,post000681,u00179,2025-04-01T10:38:18,like
r0010099,post000663,u00025,2025-04-01T10:39:42,support
r0010100,post000650,u00128,2025-04-01T10:40:34,like
r0010101,post000684,u00069,2025-04-01T10:41:55,insightful
r0010102,post000661,u00300,2025-04-01T10:42:03,like
r0010103,post000649,u00137,2025-04-01T10:42:47,insightful
r0010104,post000689,u00260,2025-04-01T10:49:35,like
r0010105,post000651,u00074,2025-04-01T10:52:11,like
r0010106,post000694,u00128,2025-04-01T10:52:26,like
r0010107,post000701,u00120,2025-04-01T10:53:31,celebrate
r0010108,post000649,u00337,2025-04-01T10:54:15,like
r0010109,post000690,u00015,2025-04-01T10:57:31,like
r0010110,post000678,u00011,2025-04-01T10:57:58,celebrate
r0010111,post000650,u00256,2025-04-01T10:59:33,like
r0010112,post000673,u00370,2025-04-01T10:59:57,like
r0010113,post000683,u00201,2025-04-01T11:00:34,like
r0010114,post000649,u00250,2025-04-01T11:03:32,like
r0010115,post000683,u00088,2025-04-01T11:04:10,like
r0010116,post000676,u00132,2025-04-01T11:04:28,like
r0010117,post000671,u00339,2025-04-01T11:08:12,like
r0010118,post000679,u00209,2025-04-01T11:10:04,like
r0010119,post000696,u00329,2025-04-01T11:10:29,like
r0010120,post000669,u00070,2025-04-01T11:11:42,like
r0010121,post000664,u00339,2025-04-01T11:12:38,celebrate
r0010122,post000649,u00065,2025-04-01T11:15:48,like
r0010123,post000699,u00337,2025-04-01T11:18:28,like
r0010124,post000658,u00112,2025-04-01T11:20:35,like
r0010125,post000661,u00069,2025-04-01T11:22:05,like
r0010126,post000653,u00140,2025-04-01T11:22:59,like
r0010127,post000690,u00349,2025-04-01T11:25:32,like
r0010128,post000663,u00075,2025-04-01T11:27:43,like
r0010129,post000666,u00211,2025-04-01T11:30:33,support
r0010130,post000660,u00272,2025-04-01T11:34:35,like
r0010131,post000673,u00112,2025-04-01T11:34:35,support
r0010132,post000670,u00065,2025-04-01T11:35:54,like
r0010133,post000686,u00015,2025-04-01T11:36:36,like
r0010134,post000703,u00211,2025-04-01T11:38:56,like
r0010135,post000707,u00313,2025-04-01T11:41:20,like
r0010136,post000706,u00240,2025-04-01T11:43:22,like
r0010137,post000651,u00344,2025-04-01T11:45:41,like
r0010138,post000659,u00186,2025-04-01T11:49:31,like
r0010139,post000654,u00311,2025-04-01T11:49:49,like
r0010140,post000671,u00037,2025-04-01T11:50:30,celebrate
r0010141,post000700,u00071,2025-04-01T11:51:01,support
r0010142,post000699,u00011,2025-04-01T11:51:33,support
r0010143,post000668,u00161,2025-04-01T11:55:52,like
r0010144,post000678,u00294,2025-04-01T12:05:06,like
r0010145,post000704,u00272,2025-04-01T12:10:06,like
r0010146,post000682,u00328,2025-04-01T12:11:38,insightful
r0010147,post000691,u00211,2025-04-01T12:13:06,like
r0010148,post000706,u00235,2025-04-01T12:13:19,like
r0010149,post000657,u00303,2025-04-01T12:15:10,like
r0010150,post000659,u00282,2025-04-01T12:15:58,like
r0010151,post000668,u00045,2025-04-01T12:16:39,like
r0010152,post000664,u00313,2025-04-01T12:16:41,like
r0010153,post000684,u00085,2025-04-01T12:17:24,like
r0010154,post000656,u00304,2025-04-01T12:22:56,like
r0010155,post000651,u00127,2025-04-01T12:24:24,like
r0010156,post000651,u00128,2025-04-01T12:25:44,like
r0010157,post000657,u00020,2025-04-01T12:33:40,support
r0010158,post000679,u00326,2025-04-01T12:38:54,support
r0010159,post000702,u00039,2025-04-01T12:47:39,like
r0010160,post000676,u00097,2025-04-01T12:47:53,like
r0010161,post000667,u00163,2025-04-01T12:48:10,like
r0010162,post000683,u00140,2025-04-01T12:48:21,like
r0010163,post000703,u00045,2025-04-01T12:51:42,insightful
r0010164,post000652,u00354,2025-04-01T12:52:14,like
r0010165,post000701,u00307,2025-04-01T12:59:02,like
r0010166,post000670,u00230,2025-04-01T13:00:55,like
r0010167,post000683,u00337,2025-04-01T13:03:31,support
r0010168,post000691,u00265,2025-04-01T13:04:07,support
r0010169,post000708,u00245,2025-04-01T13:04:57,like
r0010170,post000652,u00039,2025-04-01T13:05:20,like
r0010171,post000697,u00253,2025-04-01T13:06:02,like
r0010172,post000654,u00244,2025-04-01T13:06:25,like
r0010173,post000698,u00039,2025-04-01T13:07:56,like
r0010174,post000677,u00125,2025-04-01T13:08:20,celebrate
r0010175,post000684,u00272,2025-04-01T13:13:50,like
r0010176,post000699,u00210,2025-04-01T13:13:51,like
r0010177,post000709,u00167,2025-04-01T13:16:23,like
r0010178,post000688,u00249,2025-04-01T13:16:39,support
r0010179,post000671,u00071,2025-04-01T13:17:25,like
r0010180,post000684,u00018,2025-04-01T13:18:52,like
r0010181,post000681,u00301,2025-04-01T13:18:54,support
r0010182,post000667,u00188,2025-04-01T13:22:47,like
r0010183,post000692,u00262,2025-04-01T13:27:50,like
r0010184,post000692,u00308,2025-04-01T13:30:07,support
r0010185,post000705,u00168,2025-04-01T13:44:32,celebrate
r0010186,post000685,u00196,2025-04-01T13:46:07,support
r0010187,post000684,u00210,2025-04-01T13:48:43,insightful
r0010188,post000672,u00131,2025-04-01T13:49:08,like
r0010189,post000662,u00011,2025-04-01T13:52:55,like
r0010190,post000706,u00026,2025-04-01T13:54:28,like
r0010191,post000687,u00380,2025-04-01T13:54:30,like
r0010192,post000693,u00127,2025-04-01T13:56:57,insightful
r0010193,post000686,u00354,2025-04-01T13:57:53,like
r0010194,post000704,u00229,2025-04-01T13:59:10,celebrate
r0010195,post000692,u00056,2025-04-01T14:02:49,celebrate
r0010196,post000672,u00308,2025-04-01T14:13:04,support
r0010197,post000710,u00158,2025-04-01T14:15:44,like
r0010198,post000672,u00075,2025-04-01T14:22:17,like
r0010199,post000665,u00120,2025-04-01T14:22:56,support
r0010200,post000654,u00358,2025-04-01T14:25:50,celebrate
r0010201,post000708,u00067,2025-04-01T14:26:49,like
r0010202,post000702,u00097,2025-04-01T14:27:54,like
r0010203,post000701,u00097,2025-04-01T14:29:24,support
r0010204,post000665,u00071,2025-04-01T14:32:53,like
r0010205,post000698,u00215,2025-04-01T14:33:46,like
r0010206,post000668,u00159,2025-04-01T14:36:12,insightful
r0010207,post000690,u00329,2025-04-01T14:38:08,like
r0010208,post000707,u00053,2025-04-01T14:39:30,insightful
r0010209,post000664,u00329,2025-04-01T14:42:06,like
r0010210,post000686,u00339,2025-04-01T14:53:39,like
r0010211,post000701,u00380,2025-04-01T14:57:14,celebrate
r0010212,post000691,u00108,2025-04-01T15:02:02,celebrate
r0010213,post000669,u00224,2025-04-01T15:07:38,like
r0010214,post000702,u00042,2025-04-01T15:07:48,celebrate
r0010215,post000686,u00194,2025-04-01T15:10:55,like
r0010216,post000684,u00163,2025-04-01T15:12:19,like
r0010217,post000679,u00276,2025-04-01T15:13:47,like
r0010218,post000696,u00131,2025-04-01T15:14:08,like
r0010219,post000678,u00087,2025-04-01T15:15:49,like
r0010220,post000704,u00221,2025-04-01T15:16:54,like
r0010221,post000680,u00028,2025-04-01T15:17:21,like
r0010222,post000654,u00089,2025-04-01T15:19:01,like
r0010223,post000681,u00287,2025-04-01T15:23:23,like
r0010224,post000710,u00352,2025-04-01T15:29:11,like
r0010225,post000705,u00127,2025-04-01T15:29:35,support
r0010226,post000705,u00329,2025-04-01T15:31:35,like
r0010227,post000660,u00033,2025-04-01T15:32:52,like
r0010228,post000688,u00308,2025-04-01T15:32:54,like
r0010229,post000697,u00021,2025-04-01T15:40:40,celebrate
r0010230,post000685,u00034,2025-04-01T15:40:54,like
r0010231,post000670,u00253,2025-04-01T15:41:33,like
r0010232,post000693,u00271,2025-04-01T15:43:11,support
r0010233,post000700,u00213,2025-04-01T15:43:57,insightful
r0010234,post000674,u00270,2025-04-01T15:44:20,insightful
r0010235,post000660,u00215,2025-04-01T15:45:45,like
r0010236,post000704,u00311,2025-04-01T15:48:49,like
r0010237,post000680,u00042,2025-04-01T15:49:23,like
r0010238,post000664,u00015,2025-04-01T15:51:36,like
r0010239,post000675,u00246,2025-04-01T15:52:59,like
r0010240,post000687,u00127,2025-04-01T15:53:22,like
r0010241,post000679,u00185,2025-04-01T15:53:44,celebrate
r0010242,post000683,u00352,2025-04-01T15:55:29,like
r0010243,post000690,u00099,2025-04-01T15:58:54,support
r0010244,post000711,u00045,2025-04-01T16:01:41,celebrate
r0010245,post000710,u00173,2025-04-01T16:04:34,like
r0010246,post000662,u00006,2025-04-01T16:05:20,insightful
r0010247,post000672,u00168,2025-04-01T16:06:20,like
r0010248,post000657,u00099,2025-04-01T16:06:24,like
r0010249,post000678,u00163,2025-04-01T16:06:32,like
r0010250,post000693,u00075,2025-04-01T16:10:12,like
r0010251,post000697,u00159,2025-04-01T16:11:44,like
r0010252,post000693,u00381,2025-04-01T16:13:49,like
r0010253,post000677,u00096,2025-04-01T16:28:16,celebrate
r0010254,post000670,u00308,2025-04-01T16:28:45,like
r0010255,post000680,u00204,2025-04-01T16:28:57,insightful
r0010256,post000691,u00201,2025-04-01T16:31:53,like
r0010257,post000664,u00265,2025-04-01T16:36:46,celebrate
r0010258,post000685,u00382,2025-04-01T16:42:10,insightful
r0010259,post000669,u00040,2025-04-01T16:54:11,like
r0010260,post000673,u00120,2025-04-01T17:03:59,like
r0010261,post000692,u00364,2025-04-01T17:08:03,like
r0010262,post000677,u00148,2025-04-01T17:10:06,like
r0010263,post000712,u00215,2025-04-01T17:12:15,insightful
r0010264,post000706,u00246,2025-04-01T17:17:51,like
r0010265,post000706,u00069,2025-04-01T17:18:36,like
r0010266,post000695,u00339,2025-04-01T17:24:27,like
r0010267,post000691,u00194,2025-04-01T17:26:11,like
r0010268,post000679,u00069,2025-04-01T17:33:58,celebrate
r0010269,post000695,u00230,2025-04-01T17:58:55,like
r0010270,post000682,u00006,2025-04-01T18:18:42,like
r0010271,post000713,u00380,2025-04-01T18:19:06,like
r0010272,post000658,u00382,2025-04-01T18:23:49,like
r0010273,post000683,u00069,2025-04-01T18:35:21,like
r0010274,post000675,u00039,2025-04-01T18:44:22,like
r0010275,post000673,u00240,2025-04-01T19:02:12,like
r0010276,post000701,u00211,2025-04-01T19:10:25,like
r0010277,post000702,u00382,2025-04-01T19:28:05,like
r0010278,post000662,u00221,2025-04-01T19:29:43,support
r0010279,post000707,u00120,2025-04-01T19:45:40,like
r0010280,post000685,u00127,2025-04-01T19:51:14,like
r0010281,post000696,u00159,2025-04-01T19:54:03,insightful
r0010282,post000702,u00185,2025-04-01T19:55:29,like
r0010283,post000684,u00096,2025-04-01T19:59:12,like
r0010284,post000709,u00380,2025-04-01T20:01:41,celebrate
r0010285,post000676,u00210,2025-04-01T20:01:44,like
r0010286,post000711,u00120,2025-04-01T20:09:05,like
r0010287,post000661,u00240,2025-04-01T20:14:23,like
r0010288,post000713,u00177,2025-04-01T20:16:35,like
r0010289,post000697,u00262,2025-04-01T20:40:29,celebrate
r0010290,post000691,u00032,2025-04-01T20:44:30,celebrate
r0010291,post000661,u00270,2025-04-01T20:45:55,like
r0010292,post000708,u00329,2025-04-01T20:48:55,celebrate
r0010293,post000672,u00253,2025-04-01T20:56:56,like
r0010294,post000718,u00381,2025-04-01T20:57:17,celebrate
r0010295,post000687,u00209,2025-04-01T21:06:32,support
r0010296,post000718,u00107,2025-04-01T21:08:22,celebrate
r0010297,post000707,u00177,2025-04-01T21:09:01,support
r0010298,post000674,u00354,2025-04-01T21:19:20,like
r0010299,post000708,u00091,2025-04-01T21:20:56,like
r0010300,post000697,u00074,2025-04-01T21:32:32,like
r0010301,post000716,u00352,2025-04-01T21:46:07,like
r0010302,post000708,u00037,2025-04-01T21:46:52,insightful
r0010303,post000704,u00099,2025-04-01T21:47:40,like
r0010304,post000704,u00021,2025-04-01T21:57:02,support
r0010305,post000719,u00285,2025-04-01T22:03:00,celebrate
r0010306,post000666,u00381,2025-04-01T22:07:47,like
r0010307,post000675,u00131,2025-04-01T22:08:22,celebrate
r0010308,post000720,u00188,2025-04-01T22:26:14,like
r0010309,post000692,u00146,2025-04-01T22:28:52,like
r0010310,post000674,u00032,2025-04-01T22:30:59,like
r0010311,post000721,u00105,2025-04-01T22:52:08,like
r0010312,post000681,u00120,2025-04-01T23:10:01,like
r0010313,post000698,u00186,2025-04-01T23:12:32,like
r0010314,post000691,u00127,2025-04-01T23:26:35,like
r0010315,post000671,u00225,2025-04-01T23:30:28,like
r0010316,post000683,u00331,2025-04-01T23:31:47,like
r0010317,post000706,u00125,2025-04-01T23:38:00,like
r0010318,post000703,u00125,2025-04-01T23:38:18,like
r0010319,post000682,u00196,2025-04-01T23:41:58,like
r0010320,post000670,u00071,2025-04-01T23:45:34,like
r0010321,post000716,u00168,2025-04-01T23:52:27,like
r0010322,post000710,u00037,2025-04-01T23:53:45,like
r0010323,post000687,u00144,2025-04-02T00:19:46,like
r0010324,post000669,u00120,2025-04-02T00:43:24,like
r0010325,post000662,u00281,2025-04-02T00:48:17,like
r0010326,post000700,u00235,2025-04-02T00:51:02,celebrate
r0010327,post000691,u00079,2025-04-02T00:51:16,like
r0010328,post000713,u00096,2025-04-02T00:59:01,celebrate
r0010329,post000700,u00187,2025-04-02T01:05:31,like
r0010330,post000673,u00190,2025-04-02T01:06:55,support
r0010331,post000716,u00157,2025-04-02T01:09:14,like
r0010332,post000668,u00083,2025-04-02T01:09:37,like
r0010333,post000717,u00349,2025-04-02T01:36:30,like
r0010334,post000684,u00042,2025-04-02T01:38:42,like
r0010335,post000675,u00041,2025-04-02T01:43:32,insightful
r0010336,post000686,u00003,2025-04-02T01:54:50,like
r0010337,post000666,u00393,2025-04-02T02:12:00,like
r0010338,post000709,u00094,2025-04-02T02:16:07,like
r0010339,post000690,u00282,2025-04-02T02:18:32,like
r0010340,post000707,u00215,2025-04-02T02:20:34,support
r0010341,post000681,u00080,2025-04-02T02:28:12,like
r0010342,post000680,u00362,2025-04-02T02:31:35,like
r0010343,post000682,u00225,2025-04-02T02:34:46,like
r0010344,post000686,u00112,2025-04-02T02:37:48,like
r0010345,post000694,u00353,2025-04-02T02:47:10,like
r0010346,post000709,u00176,2025-04-02T02:47:51,like
r0010347,post000666,u00282,2025-04-02T02:49:21,like
r0010348,post000668,u00046,2025-04-02T02:59:19,like
r0010349,post000712,u00374,2025-04-02T03:26:54,like
r0010350,post000673,u00313,2025-04-02T03:28:49,insightful
r0010351,post000683,u00354,2025-04-02T03:40:07,like
r0010352,post000678,u00329,2025-04-02T03:41:56,insightful
r0010353,post000720,u00210,2025-04-02T03:45:45,like
r0010354,post000676,u00036,2025-04-02T03:47:20,celebrate
r0010355,post000713,u00079,2025-04-02T03:49:01,like
r0010356,post000713,u00329,2025-04-02T03:50:25,like
r0010357,post000662,u00285,2025-04-02T03:51:35,like
r0010358,post000688,u00354,2025-04-02T03:58:29,like
r0010359,post000693,u00362,2025-04-02T04:02:43,like
r0010360,post000662,u00123,2025-04-02T04:03:21,insightful
r0010361,post000683,u00333,2025-04-02T04:06:53,like
r0010362,post000688,u00241,2025-04-02T04:20:22,insightful
r0010363,post000687,u00250,2025-04-02T04:24:16,like
r0010364,post000689,u00291,2025-04-02T04:25:52,like
r0010365,post000717,u00170,2025-04-02T04:35:32,like
r0010366,post000705,u00176,2025-04-02T04:37:47,insightful
r0010367,post000716,u00249,2025-04-02T04:40:32,like
r0010368,post000700,u00371,2025-04-02T04:43:35,like
r0010369,post000702,u00249,2025-04-02T04:49:48,like
r0010370,post000683,u00076,2025-04-02T04:53:12,like
r0010371,post000719,u00006,2025-04-02T05:07:56,support
r0010372,post000704,u00271,2025-04-02T05:10:31,like
r0010373,post000702,u00124,2025-04-02T05:14:42,like
r0010374,post000687,u00094,2025-04-02T05:15:01,like
r0010375,post000692,u00259,2025-04-02T05:18:07,like
r0010376,post000713,u00285,2025-04-02T05:25:39,like
r0010377,post000717,u00036,2025-04-02T05:26:33,like
r0010378,post000702,u00276,2025-04-02T05:45:26,like
r0010379,post000718,u00157,2025-04-02T05:49:14,support
r0010380,post000687,u00196,2025-04-02T05:55:54,like
r0010381,post000688,u00285,2025-04-02T05:57:50,celebrate
r0010382,post000702,u00361,2025-04-02T06:00:15,like
r0010383,post000701,u00126,2025-04-02T06:07:38,like
r0010384,post000666,u00383,2025-04-02T06:10:26,insightful
r0010385,post000722,u00263,2025-04-02T06:13:38,like
r0010386,post000697,u00238,2025-04-02T06:20:33,like
r0010387,post000668,u00264,2025-04-02T06:46:41,like
r0010388,post000693,u00173,2025-04-02T06:48:41,like
r0010389,post000682,u00259,2025-04-02T07:10:16,like
r0010390,post000681,u00339,2025-04-02T07:10:52,celebrate
r0010391,post000720,u00067,2025-04-02T07:22:26,like
r0010392,post000720,u00211,2025-04-02T07:27:43,like
r0010393,post000684,u00044,2025-04-02T07:39:36,like
r0010394,post000722,u00006,2025-04-02T07:41:25,like
r0010395,post000673,u00067,2025-04-02T07:42:05,like
r0010396,post000685,u00162,2025-04-02T07:45:22,like
r0010397,post000683,u00036,2025-04-02T07:46:05,like
r0010398,post000690,u00263,2025-04-02T07:47:49,like
r0010399,post000709,u00255,2025-04-02T08:09:27,insightful
r0010400,post000714,u00329,2025-04-02T08:10:53,support
r0010401,post000670,u00291,2025-04-02T08:12:16,insightful
r0010402,post000714,u00262,2025-04-02T08:13:27,insightful
r0010403,post000691,u00211,2025-04-02T08:15:30,like
r0010404,post000697,u00036,2025-04-02T08:20:03,like
r0010405,post000674,u00209,2025-04-02T08:21:50,celebrate
r0010406,post000712,u00249,2025-04-02T08:24:24,like
r0010407,post000700,u00249,2025-04-02T08:24:35,like
r0010408,post000692,u00025,2025-04-02T08:26:09,celebrate
r0010409,post000692,u00125,2025-04-02T08:29:47,like
r0010410,post000685,u00236,2025-04-02T08:30:08,like
r0010411,post000711,u00383,2025-04-02T08:34:08,like
r0010412,post000708,u00212,2025-04-02T08:35:14,insightful
r0010413,post000720,u00185,2025-04-02T08:37:57,support
r0010414,post000687,u00369,2025-04-02T08:39:15,celebrate
r0010415,post000677,u00288,2025-04-02T08:39:44,like
r0010416,post000728,u00055,2025-04-02T08:45:23,like
r0010417,post000729,u00378,2025-04-02T08:47:00,celebrate
r0010418,post000708,u00330,2025-04-02T08:47:06,celebrate
r0010419,post000693,u00094,2025-04-02T08:52:35,like
r0010420,post000708,u00112,2025-04-02T08:52:41,celebrate
r0010421,post000726,u00211,2025-04-02T09:08:50,like
r0010422,post000673,u00006,2025-04-02T09:11:06,like
r0010423,post000714,u00069,2025-04-02T09:12:49,like
r0010424,post000722,u00120,2025-04-02T09:14:20,like
r0010425,post000730,u00134,2025-04-02T09:17:14,like
r0010426,post000702,u00185,2025-04-02T09:17:20,like
r0010427,post000720,u00262,2025-04-02T09:18:37,celebrate
r0010428,post000695,u00351,2025-04-02T09:22:12,support
r0010429,post000691,u00031,2025-04-02T09:22:43,support
r0010430,post000713,u00050,2025-04-02T09:23:20,like
r0010431,post000706,u00148,2025-04-02T09:27:41,insightful
r0010432,post000703,u00395,2025-04-02T09:28:59,like
r0010433,post000677,u00006,2025-04-02T09:31:05,like
r0010434,post000715,u00344,2025-04-02T09:33:03,like
r0010435,post000686,u00325,2025-04-02T09:34:17,like
r0010436,post000674,u00044,2025-04-02T09:39:06,celebrate
r0010437,post000710,u00003,2025-04-02T09:39:10,support
r0010438,post000688,u00383,2025-04-02T09:40:26,like
r0010439,post000713,u00133,2025-04-02T09:41:42,like
r0010440,post000706,u00260,2025-04-02T09:42:39,like
r0010441,post000683,u00281,2025-04-02T09:44:55,insightful
r0010442,post000676,u00313,2025-04-02T09:46:49,like
r0010443,post000728,u00270,2025-04-02T09:47:25,like
r0010444,post000726,u00395,2025-04-02T09:47:34,celebrate
r0010445,post000689,u00235,2025-04-02T09:48:45,like
r0010446,post000722,u00376,2025-04-02T09:51:31,support
r0010447,post000731,u00098,2025-04-02T09:52:40,like
r0010448,post000716,u00340,2025-04-02T09:55:37,like
r0010449,post000673,u00326,2025-04-02T09:58:07,like
r0010450,post000730,u00096,2025-04-02T09:59:39,insightful
r0010451,post000726,u00112,2025-04-02T10:05:04,like
r0010452,post000680,u00162,2025-04-02T10:06:46,like
r0010453,post000673,u00266,2025-04-02T10:11:37,like
r0010454,post000723,u00044,2025-04-02T10:13:15,like
r0010455,post000709,u00114,2025-04-02T10:14:59,like
r0010456,post000696,u00039,2025-04-02T10:21:01,like
r0010457,post000707,u00360,2025-04-02T10:21:17,celebrate
r0010458,post000706,u00114,2025-04-02T10:25:19,like
r0010459,post000726,u00031,2025-04-02T10:26:13,like
r0010460,post000709,u00199,2025-04-02T10:28:35,like
r0010461,post000726,u00126,2025-04-02T10:30:07,insightful
r0010462,post000674,u00050,2025-04-02T10:31:33,like
r0010463,post000673,u00281,2025-04-02T10:32:05,insightful
r0010464,post000695,u00103,2025-04-02T10:33:31,like
r0010465,post000695,u00100,2025-04-02T10:40:16,celebrate
r0010466,post000728,u00203,2025-04-02T10:42:11,support
r0010467,post000679,u00083,2025-04-02T10:43:00,like
r0010468,post000691,u00255,2025-04-02T10:50:16,like
r0010469,post000704,u00168,2025-04-02T10:52:00,support
r0010470,post000727,u00264,2025-04-02T10:53:07,like
r0010471,post000685,u00210,2025-04-02T10:56:31,like
r0010472,post000675,u00188,2025-04-02T10:56:51,celebrate
r0010473,post000695,u00196,2025-04-02T10:57:24,like
r0010474,post000732,u00265,2025-04-02T10:58:56,like
r0010475,post000698,u00009,2025-04-02T11:00:42,like
r0010476,post000689,u00329,2025-04-02T11:01:28,like
r0010477,post000709,u00369,2025-04-02T11:01:31,insightful
r0010478,post000681,u00050,2025-04-02T11:05:00,like
r0010479,post000710,u00138,2025-04-02T11:06:49,insightful
r0010480,post000712,u00036,2025-04-02T11:11:30,like
r0010481,post000704,u00125,2025-04-02T11:13:05,insightful
r0010482,post000678,u00031,2025-04-02T11:19:22,like
r0010483,post000701,u00173,2025-04-02T11:20:34,like
r0010484,post000727,u00263,2025-04-02T11:22:10,like
r0010485,post000676,u00305,2025-04-02T11:23:15,like
r0010486,post000730,u00357,2025-04-02T11:30:03,like
r0010487,post000715,u00351,2025-04-02T11:31:39,like
r0010488,post000699,u00052,2025-04-02T11:35:16,like
r0010489,post000684,u00383,2025-04-02T11:40:36,like
r0010490,post000685,u00124,2025-04-02T11:42:43,insightful
r0010491,post000730,u00196,2025-04-02T11:43:49,like
r0010492,post000677,u00374,2025-04-02T11:47:15,like
r0010493,post000691,u00046,2025-04-02T11:48:32,like
r0010494,post000684,u00276,2025-04-02T11:50:17,like
r0010495,post000704,u00250,2025-04-02T11:51:18,like
r0010496,post000678,u00369,2025-04-02T11:52:20,like
r0010497,post000735,u00127,2025-04-02T11:55:05,like
r0010498,post000715,u00252,2025-04-02T11:55:09,like
r0010499,post000735,u00127,2025-04-02T11:58:05,celebrate
r0010500,post000694,u00071,2025-04-02T12:00:51,like
r0010501,post000706,u00114,2025-04-02T12:02:28,like
r0010502,post000713,u00157,2025-04-02T12:02:52,insightful
r0010503,post000705,u00355,2025-04-02T12:05:43,celebrate
r0010504,post000729,u00264,2025-04-02T12:08:32,like
r0010505,post000677,u00264,2025-04-02T12:08:52,like
r0010506,post000730,u00052,2025-04-02T12:10:16,like
r0010507,post000712,u00348,2025-04-02T12:10:21,celebrate
r0010508,post000681,u00169,2025-04-02T12:11:28,like
r0010509,post000721,u00227,2025-04-02T12:15:25,like
r0010510,post000731,u00265,2025-04-02T12:19:55,like
r0010511,post000722,u00281,2025-04-02T12:24:22,support
r0010512,post000722,u00071,2025-04-02T12:27:37,like
r0010513,post000698,u00339,2025-04-02T12:32:21,insightful
r0010514,post000723,u00101,2025-04-02T12:34:09,like
r0010515,post000724,u00159,2025-04-02T12:36:12,like
r0010516,post000712,u00260,2025-04-02T12:40:06,like
r0010517,post000692,u00079,2025-04-02T12:41:34,like
r0010518,post000705,u00178,2025-04-02T12:41:58,insightful
r0010519,post000719,u00371,2025-04-02T12:43:24,like
r0010520,post000683,u00083,2025-04-02T12:49:02,like
r0010521,post000734,u00250,2025-04-02T12:51:21,like
r0010522,post000735,u00152,2025-04-02T12:56:40,like
r0010523,post000714,u00090,2025-04-02T12:56:44,celebrate
r0010524,post000688,u00218,2025-04-02T12:58:49,celebrate
r0010525,post000720,u00335,2025-04-02T13:02:52,like
r0010526,post000691,u00148,2025-04-02T13:04:04,like
r0010527,post000700,u00352,2025-04-02T13:08:59,like
r0010528,post000690,u00355,2025-04-02T13:10:39,like
r0010529,post000698,u00258,2025-04-02T13:13:00,like
r0010530,post000737,u00230,2025-04-02T13:13:52,support
r0010531,post000717,u00210,2025-04-02T13:13:56,like
r0010532,post000700,u00045,2025-04-02T13:15:51,like
r0010533,post000734,u00339,2025-04-02T13:18:03,like
r0010534,post000734,u00235,2025-04-02T13:20:30,insightful
r0010535,post000732,u00061,2025-04-02T13:22:55,support
r0010536,post000739,u00250,2025-04-02T13:23:53,like
r0010537,post000723,u00395,2025-04-02T13:26:57,like
r0010538,post000686,u00310,2025-04-02T13:27:11,like
r0010539,post000729,u00098,2025-04-02T13:29:35,like
r0010540,post000685,u00325,2025-04-02T13:31:41,celebrate
r0010541,post000706,u00376,2025-04-02T13:34:29,like
r0010542,post000736,u00393,2025-04-02T13:35:19,like
r0010543,post000741,u00135,2025-04-02T13:39:13,like
r0010544,post000728,u00343,2025-04-02T13:40:13,support
r0010545,post000717,u00127,2025-04-02T13:41:13,support
r0010546,post000704,u00244,2025-04-02T13:43:35,celebrate
r0010547,post000721,u00003,2025-04-02T13:49:53,like
r0010548,post000728,u00281,2025-04-02T13:51:31,like
r0010549,post000734,u00112,2025-04-02T13:51:40,support
r0010550,post000724,u00124,2025-04-02T13:51:58,insightful
r0010551,post000703,u00281,2025-04-02T13:54:05,like
r0010552,post000708,u00032,2025-04-02T13:54:31,insightful
r0010553,post000719,u00344,2025-04-02T13:56:12,like
r0010554,post000732,u00360,2025-04-02T13:58:48,like
r0010555,post000712,u00142,2025-04-02T14:05:57,like
r0010556,post000726,u00281,2025-04-02T14:16:30,like
r0010557,post000721,u00055,2025-04-02T14:16:56,celebrate
r0010558,post000731,u00252,2025-04-02T14:17:10,like
r0010559,post000695,u00101,2025-04-02T14:17:24,like
r0010560,post000730,u00239,2025-04-02T14:20:41,like
r0010561,post000704,u00308,2025-04-02T14:25:36,like
r0010562,post000731,u00232,2025-04-02T14:27:52,like
r0010563,post000740,u00132,2025-04-02T14:30:27,insightful
r0010564,post000697,u00114,2025-04-02T14:32:05,like
r0010565,post000690,u00348,2025-04-02T14:32:20,insightful
r0010566,post000720,u00352,2025-04-02T14:39:54,like
r0010567,post000735,u00348,2025-04-02T14:41:03,insightful
r0010568,post000698,u00040,2025-04-02T14:51:30,like
r0010569,post000702,u00282,2025-04-02T14:58:24,like
r0010570,post000693,u00124,2025-04-02T14:59:20,like
r0010571,post000708,u00035,2025-04-02T15:01:15,like
r0010572,post000733,u00265,2025-04-02T15:03:59,like
r0010573,post000686,u00333,2025-04-02T15:04:22,like
r0010574,post000690,u00264,2025-04-02T15:08:43,celebrate
r0010575,post000685,u00154,2025-04-02T15:09:53,like
r0010576,post000726,u00329,2025-04-02T15:10:33,like
r0010577,post000704,u00352,2025-04-02T15:12:28,like
r0010578,post000719,u00281,2025-04-02T15:15:00,like
r0010579,post000734,u00276,2025-04-02T15:19:37,like
r0010580,post000685,u00021,2025-04-02T15:23:11,like
r0010581,post000693,u00024,2025-04-02T15:26:03,like
r0010582,post000701,u00169,2025-04-02T15:26:21,like
r0010583,post000718,u00071,2025-04-02T15:26:24,like
r0010584,post000711,u00339,2025-04-02T15:29:05,support
r0010585,post000715,u00096,2025-04-02T15:37:29,celebrate
r0010586,post000708,u00252,2025-04-02T15:38:15,like
r0010587,post000742,u00099,2025-04-02T15:39:29,like
r0010588,post000717,u00360,2025-04-02T15:39:58,like
r0010589,post000709,u00308,2025-04-02T15:43:23,insightful
r0010590,post000714,u00340,2025-04-02T15:47:56,insightful
r0010591,post000696,u00288,2025-04-02T15:50:32,like
r0010592,post000688,u00035,2025-04-02T15:52:37,like
r0010593,post000732,u00245,2025-04-02T16:01:17,celebrate
r0010594,post000716,u00107,2025-04-02T16:08:12,like
r0010595,post000734,u00120,2025-04-02T16:09:21,like
r0010596,post000744,u00125,2025-04-02T16:10:49,celebrate
r0010597,post000713,u00255,2025-04-02T16:11:19,like
r0010598,post000695,u00227,2025-04-02T16:11:32,like
r0010599,post000689,u00127,2025-04-02T16:13:38,like
r0010600,post000728,u00249,2025-04-02T16:14:39,like
r0010601,post000715,u00187,2025-04-02T16:19:54,celebrate
r0010602,post000715,u00040,2025-04-02T16:21:42,like
r0010603,post000688,u00369,2025-04-02T16:22:29,like
r0010604,post000698,u00225,2025-04-02T16:23:03,like
r0010605,post000703,u00322,2025-04-02T16:25:19,like
r0010606,post000697,u00152,2025-04-02T16:26:37,like
r0010607,post000704,u00251,2025-04-02T16:27:19,celebrate
r0010608,post000718,u00235,2025-04-02T16:44:39,like
r0010609,post000722,u00159,2025-04-02T16:52:54,like
r0010610,post000713,u00154,2025-04-02T16:59:09,like
r0010611,post000708,u00006,2025-04-02T17:08:45,like
r0010612,post000690,u00073,2025-04-02T17:09:38,insightful
r0010613,post000694,u00096,2025-04-02T17:10:12,like
r0010614,post000688,u00281,2025-04-02T17:17:01,like
r0010615,post000708,u00006,2025-04-02T17:17:29,like
r0010616,post000711,u00196,2025-04-02T17:26:49,like
r0010617,post000696,u00222,2025-04-02T17:26:50,like
r0010618,post000686,u00090,2025-04-02T17:27:45,like
r0010619,post000700,u00376,2025-04-02T17:33:07,like
r0010620,post000710,u00067,2025-04-02T17:34:46,like
r0010621,post000721,u00230,2025-04-02T17:39:34,like
r0010622,post000725,u00263,2025-04-02T17:41:50,support
r0010623,post000737,u00133,2025-04-02T17:42:22,celebrate
r0010624,post000732,u00335,2025-04-02T17:45:51,like
r0010625,post000709,u00340,2025-04-02T17:49:00,celebrate
r0010626,post000730,u00201,2025-04-02T17:50:30,like
r0010627,post000697,u00098,2025-04-02T17:54:15,support
r0010628,post000693,u00210,2025-04-02T18:06:45,like
r0010629,post000699,u00366,2025-04-02T18:17:11,like
r0010630,post000712,u00210,2025-04-02T18:37:22,like
r0010631,post000738,u00037,2025-04-02T18:49:01,like
r0010632,post000697,u00349,2025-04-02T18:56:23,like
r0010633,post000705,u00193,2025-04-02T19:01:55,like
r0010634,post000731,u00006,2025-04-02T19:07:38,like
r0010635,post000736,u00264,2025-04-02T19:16:59,like
r0010636,post000733,u00230,2025-04-02T19:18:03,like
r0010637,post000724,u00036,2025-04-02T19:37:09,celebrate
r0010638,post000734,u00085,2025-04-02T19:38:58,like
r0010639,post000710,u00351,2025-04-02T19:42:06,like
r0010640,post000726,u00083,2025-04-02T19:46:41,like
r0010641,post000731,u00308,2025-04-02T19:51:30,like
r0010642,post000729,u00291,2025-04-02T19:52:26,like
r0010643,post000710,u00080,2025-04-02T19:55:37,support
r0010644,post000728,u00376,2025-04-02T19:59:09,insightful
r0010645,post000706,u00186,2025-04-02T20:02:22,like
r0010646,post000695,u00374,2025-04-02T20:04:11,like
r0010647,post000732,u00096,2025-04-02T20:06:06,like
r0010648,post000742,u00365,2025-04-02T20:13:06,support
r0010649,post000726,u00344,2025-04-02T20:14:58,insightful
r0010650,post000718,u00285,2025-04-02T20:22:34,like
r0010651,post000735,u00265,2025-04-02T20:22:40,like
r0010652,post000743,u00114,2025-04-02T20:29:46,insightful
r0010653,post000730,u00102,2025-04-02T20:38:31,like
r0010654,post000711,u00133,2025-04-02T21:02:57,celebrate
r0010655,post000717,u00190,2025-04-02T21:08:41,support
r0010656,post000737,u00265,2025-04-02T21:29:27,like
r0010657,post000740,u00291,2025-04-02T21:32:05,support
r0010658,post000749,u00260,2025-04-02T21:35:11,like
r0010659,post000733,u00125,2025-04-02T21:38:08,like
r0010660,post000726,u00329,2025-04-02T21:50:08,like
r0010661,post000747,u00157,2025-04-02T21:55:16,insightful
r0010662,post000701,u00083,2025-04-02T21:55:36,like
r0010663,post000720,u00366,2025-04-02T21:57:11,like
r0010664,post000706,u00239,2025-04-02T22:01:32,like
r0010665,post000743,u00067,2025-04-02T22:16:28,like
r0010666,post000737,u00159,2025-04-02T22:21:48,like
r0010667,post000698,u00188,2025-04-02T22:23:29,insightful
r0010668,post000731,u00039,2025-04-02T22:25:21,like
r0010669,post000714,u00211,2025-04-02T22:27:01,support
r0010670,post000737,u00291,2025-04-02T22:37:34,like
r0010671,post000745,u00133,2025-04-02T22:52:23,like
r0010672,post000697,u00125,2025-04-02T22:55:16,like
r0010673,post000749,u00178,2025-04-02T22:55:21,insightful
r0010674,post000703,u00031,2025-04-02T23:04:07,celebrate
r0010675,post000720,u00039,2025-04-02T23:08:09,support
r0010676,post000716,u00210,2025-04-02T23:12:47,insightful
r0010677,post000743,u00010,2025-04-02T23:14:42,celebrate
r0010678,post000709,u00112,2025-04-02T23:19:33,support
r0010679,post000707,u00185,2025-04-02T23:25:34,like
r0010680,post000748,u00211,2025-04-02T23:25:39,like
r0010681,post000718,u00071,2025-04-02T23:26:43,support
r0010682,post000707,u00185,2025-04-02T23:27:10,like
r0010683,post000738,u00230,2025-04-02T23:37:40,like
r0010684,post000717,u00265,2025-04-02T23:48:42,like
r0010685,post000722,u00164,2025-04-02T23:51:07,like
r0010686,post000695,u00218,2025-04-03T00:33:59,like
r0010687,post000728,u00150,2025-04-03T00:46:51,like
r0010688,post000739,u00274,2025-04-03T00:53:32,like
r0010689,post000741,u00317,2025-04-03T01:05:00,like
r0010690,post000707,u00339,2025-04-03T01:10:04,like
r0010691,post000721,u00268,2025-04-03T01:13:41,celebrate
r0010692,post000741,u00274,2025-04-03T01:20:43,insightful
r0010693,post000697,u00117,2025-04-03T01:36:07,like
r0010694,post000730,u00317,2025-04-03T02:00:21,like
r0010695,post000711,u00052,2025-04-03T02:03:10,insightful
r0010696,post000724,u00163,2025-04-03T02:06:14,like
r0010697,post000716,u00308,2025-04-03T02:12:54,support
r0010698,post000712,u00074,2025-04-03T02:16:12,insightful
r0010699,post000725,u00290,2025-04-03T02:18:34,like
r0010700,post000728,u00032,2025-04-03T02:19:16,like
r0010701,post000708,u00163,2025-04-03T02:32:07,like
r0010702,post000728,u00046,2025-04-03T02:34:12,like
r0010703,post000723,u00335,2025-04-03T02:38:26,like
r0010704,post000735,u00394,2025-04-03T02:43:17,celebrate
r0010705,post000757,u00210,2025-04-03T02:52:17,like
r0010706,post000747,u00308,2025-04-03T02:52:39,like
r0010707,post000719,u00124,2025-04-03T02:59:43,like
r0010708,post000757,u00174,2025-04-03T03:10:58,like
r0010709,post000753,u00067,2025-04-03T03:40:53,like
r0010710,post000702,u00221,2025-04-03T03:42:28,celebrate
r0010711,post000743,u00210,2025-04-03T03:45:02,like
r0010712,post000724,u00397,2025-04-03T03:45:48,support
r0010713,post000750,u00210,2025-04-03T03:45:55,like
r0010714,post000722,u00344,2025-04-03T03:52:26,support
r0010715,post000701,u00032,2025-04-03T03:55:21,like
r0010716,post000707,u00073,2025-04-03T03:56:20,like
r0010717,post000759,u00383,2025-04-03T04:02:26,insightful
r0010718,post000720,u00117,2025-04-03T04:12:49,like
r0010719,post000723,u00326,2025-04-03T04:21:37,support
r0010720,post000712,u00234,2025-04-03T04:29:11,like
r0010721,post000720,u00394,2025-04-03T04:29:37,like
r0010722,post000725,u00225,2025-04-03T04:42:07,like
r0010723,post000704,u00212,2025-04-03T05:21:38,insightful
r0010724,post000757,u00256,2025-04-03T05:32:18,like
r0010725,post000735,u00195,2025-04-03T05:34:13,celebrate
r0010726,post000734,u00163,2025-04-03T05:43:38,like
r0010727,post000746,u00212,2025-04-03T05:43:40,like
r0010728,post000737,u00156,2025-04-03T05:46:00,like
r0010729,post000745,u00263,2025-04-03T06:23:13,like
r0010730,post000702,u00173,2025-04-03T06:42:49,like
r0010731,post000741,u00063,2025-04-03T06:45:39,like
r0010732,post000716,u00116,2025-04-03T06:47:11,like
r0010733,post000736,u00234,2025-04-03T06:56:18,like
r0010734,post000724,u00335,2025-04-03T07:01:03,celebrate
r0010735,post000706,u00039,2025-04-03T07:07:33,like
r0010736,post000756,u00174,2025-04-03T07:22:10,insightful
r0010737,post000745,u00114,2025-04-03T07:22:36,like
r0010738,post000717,u00308,2025-04-03T07:25:38,like
r0010739,post000745,u00399,2025-04-03T07:31:46,like
r0010740,post000728,u00260,2025-04-03T07:33:41,support
r0010741,post000724,u00352,2025-04-03T07:35:55,insightful
r0010742,post000703,u00046,2025-04-03T07:39:21,like
r0010743,post000716,u00127,2025-04-03T07:41:21,like
r0010744,post000740,u00260,2025-04-03T07:43:55,like
r0010745,post000736,u00231,2025-04-03T07:45:21,like
r0010746,post000729,u00018,2025-04-03T07:46:42,like
r0010747,post000704,u00362,2025-04-03T07:49:01,celebrate
r0010748,post000746,u00102,2025-04-03T07:51:06,insightful
r0010749,post000735,u00193,2025-04-03T07:51:12,celebrate
r0010750,post000740,u00039,2025-04-03T07:59:36,like
r0010751,post000744,u00063,2025-04-03T08:00:32,like
r0010752,post000737,u00065,2025-04-03T08:00:46,like
r0010753,post000703,u00096,2025-04-03T08:01:01,like
r0010754,post000748,u00187,2025-04-03T08:01:55,like
r0010755,post000735,u00039,2025-04-03T08:04:05,like
r0010756,post000739,u00225,2025-04-03T08:08:21,like
r0010757,post000730,u00197,2025-04-03T08:10:40,like
r0010758,post000760,u00353,2025-04-03T08:10:42,like
r0010759,post000754,u00234,2025-04-03T08:14:11,like
r0010760,post000710,u00162,2025-04-03T08:20:17,like
r0010761,post000709,u00335,2025-04-03T08:23:30,like
r0010762,post000747,u00163,2025-04-03T08:26:05,like
r0010763,post000722,u00348,2025-04-03T08:28:29,like
r0010764,post000711,u00096,2025-04-03T08:29:52,celebrate
r0010765,post000714,u00381,2025-04-03T08:30:24,like
r0010766,post000746,u00031,2025-04-03T08:31:23,like
r0010767,post000742,u00268,2025-04-03T08:33:31,insightful
r0010768,post000731,u00260,2025-04-03T08:33:55,like
r0010769,post000739,u00133,2025-04-03T08:35:12,like
r0010770,post000755,u00365,2025-04-03T08:35:57,insightful
r0010771,post000728,u00063,2025-04-03T08:39:57,like
r0010772,post000709,u00352,2025-04-03T08:40:29,support
r0010773,post000737,u00023,2025-04-03T08:42:39,like
r0010774,post000749,u00272,2025-04-03T08:43:50,like
r0010775,post000733,u00369,2025-04-03T08:44:45,like
r0010776,post000756,u00103,2025-04-03T08:52:54,like
r0010777,post000735,u00166,2025-04-03T08:53:13,like
r0010778,post000742,u00045,2025-04-03T08:54:49,insightful
r0010779,post000739,u00138,2025-04-03T08:55:26,like
r0010780,post000748,u00362,2025-04-03T08:56:08,celebrate
r0010781,post000735,u00288,2025-04-03T08:58:46,like
r0010782,post000755,u00138,2025-04-03T08:59:32,like
r0010783,post000729,u00200,2025-04-03T09:02:02,like
r0010784,post000734,u00212,2025-04-03T09:04:11,like
r0010785,post000727,u00255,2025-04-03T09:07:27,like
r0010786,post000713,u00129,2025-04-03T09:16:54,celebrate
r0010787,post000743,u00397,2025-04-03T09:20:23,like
r0010788,post000703,u00344,2025-04-03T09:21:10,like
r0010789,post000758,u00352,2025-04-03T09:24:02,like
r0010790,post000744,u00307,2025-04-03T09:29:52,like
r0010791,post000746,u00156,2025-04-03T09:30:02,like
r0010792,post000758,u00028,2025-04-03T09:31:35,like
r0010793,post000716,u00327,2025-04-03T09:35:52,insightful
r0010794,post000757,u00237,2025-04-03T09:37:35,like
r0010795,post000721,u00035,2025-04-03T09:37:43,like
r0010796,post000757,u00272,2025-04-03T09:45:36,support
r0010797,post000734,u00009,2025-04-03T09:45:52,like
r0010798,post000755,u00054,2025-04-03T09:47:10,like
r0010799,post000713,u00282,2025-04-03T09:48:14,like
r0010800,post000714,u00322,2025-04-03T09:49:19,like
r0010801,post000748,u00057,2025-04-03T09:52:51,like
r0010802,post000738,u00045,2025-04-03T09:53:01,like
r0010803,post000737,u00114,2025-04-03T09:53:29,support
r0010804,post000706,u00170,2025-04-03T09:54:14,like
r0010805,post000728,u00133,2025-04-03T09:55:29,like
r0010806,post000736,u00291,2025-04-03T09:58:52,like
r0010807,post000732,u00050,2025-04-03T10:02:12,like
r0010808,post000760,u00205,2025-04-03T10:04:57,like
r0010809,post000707,u00393,2025-04-03T10:05:01,like
r0010810,post000731,u00129,2025-04-03T10:05:02,like
r0010811,post000705,u00127,2025-04-03T10:07:26,like
r0010812,post000761,u00260,2025-04-03T10:08:01,like
r0010813,post000731,u00260,2025-04-03T10:12:26,like
r0010814,post000751,u00127,2025-04-03T10:16:01,like
r0010815,post000734,u00351,2025-04-03T10:16:56,like
r0010816,post000739,u00170,2025-04-03T10:20:04,like
r0010817,post000760,u00339,2025-04-03T10:20:14,support
r0010818,post000721,u00156,2025-04-03T10:23:53,like
r0010819,post000705,u00329,2025-04-03T10:24:08,like
r0010820,post000717,u00268,2025-04-03T10:24:56,like
r0010821,post000719,u00004,2025-04-03T10:24:59,like
r0010822,post000720,u00260,2025-04-03T10:25:16,like
r0010823,post000737,u00063,2025-04-03T10:25:39,like
r0010824,post000705,u00121,2025-04-03T10:27:08,like
r0010825,post000748,u00156,2025-04-03T10:28:37,like
r0010826,post000721,u00129,2025-04-03T10:31:07,like
r0010827,post000761,u00256,2025-04-03T10:32:12,like
r0010828,post000730,u00196,2025-04-03T10:32:15,like
r0010829,post000723,u00087,2025-04-03T10:34:03,support
r0010830,post000707,u00162,2025-04-03T10:34:09,like
r0010831,post000729,u00221,2025-04-03T10:40:17,support
r0010832,post000730,u00363,2025-04-03T10:41:17,like
r0010833,post000747,u00330,2025-04-03T10:44:45,like
r0010834,post000704,u00294,2025-04-03T10:47:47,like
r0010835,post000732,u00196,2025-04-03T10:47:49,like
r0010836,post000712,u00237,2025-04-03T10:50:06,like
r0010837,post000753,u00384,2025-04-03T10:52:04,celebrate
r0010838,post000749,u00205,2025-04-03T10:52:08,like
r0010839,post000762,u00101,2025-04-03T10:53:51,like
r0010840,post000709,u00022,2025-04-03T10:54:35,celebrate
r0010841,post000754,u00190,2025-04-03T10:54:35,like
r0010842,post000754,u00350,2025-04-03T10:55:05,support
r0010843,post000732,u00344,2025-04-03T10:56:42,like
r0010844,post000714,u00015,2025-04-03T10:59:54,like
r0010845,post000759,u00397,2025-04-03T11:02:12,like
r0010846,post000746,u00184,2025-04-03T11:02:46,like
r0010847,post000707,u00172,2025-04-03T11:04:40,like
r0010848,post000735,u00393,2025-04-03T11:07:49,like
r0010849,post000708,u00231,2025-04-03T11:11:48,support
r0010850,post000738,u00278,2025-04-03T11:14:28,like
r0010851,post000744,u00090,2025-04-03T11:16:37,like
r0010852,post000707,u00340,2025-04-03T11:19:27,like
r0010853,post000747,u00073,2025-04-03T11:22:51,like
r0010854,post000709,u00096,2025-04-03T11:23:25,celebrate
r0010855,post000738,u00129,2025-04-03T11:25:49,like
r0010856,post000757,u00304,2025-04-03T11:28:20,like
r0010857,post000755,u00274,2025-04-03T11:36:52,like
r0010858,post000753,u00117,2025-04-03T11:38:14,like
r0010859,post000752,u00046,2025-04-03T11:39:49,like
r0010860,post000707,u00362,2025-04-03T11:40:41,like
r0010861,post000716,u00117,2025-04-03T11:41:45,like
r0010862,post000714,u00011,2025-04-03T11:47:10,insightful
r0010863,post000750,u00190,2025-04-03T11:50:03,like
r0010864,post000722,u00012,2025-04-03T11:53:09,support
r0010865,post000732,u00268,2025-04-03T11:53:45,like
r0010866,post000729,u00129,2025-04-03T11:55:09,like
r0010867,post000729,u00074,2025-04-03T11:56:34,like
r0010868,post000741,u00199,2025-04-03T11:58:34,like
r0010869,post000709,u00050,2025-04-03T11:59:12,like
r0010870,post000751,u00344,2025-04-03T11:59:49,like
r0010871,post000714,u00397,2025-04-03T12:02:29,like
r0010872,post000737,u00024,2025-04-03T12:03:14,support
r0010873,post000711,u00260,2025-04-03T12:03:54,like
r0010874,post000750,u00335,2025-04-03T12:06:10,like
r0010875,post000754,u00328,2025-04-03T12:09:03,like
r0010876,post000744,u00362,2025-04-03T12:10:10,like
r0010877,post000747,u00011,2025-04-03T12:10:29,like
r0010878,post000756,u00354,2025-04-03T12:11:48,insightful
r0010879,post000723,u00146,2025-04-03T12:13:30,like
r0010880,post000743,u00173,2025-04-03T12:13:47,like
r0010881,post000716,u00004,2025-04-03T12:15:09,celebrate
r0010882,post000754,u00103,2025-04-03T12:15:49,like
r0010883,post000741,u00397,2025-04-03T12:16:38,celebrate
r0010884,post000740,u00129,2025-04-03T12:21:59,support
r0010885,post000713,u00231,2025-04-03T12:24:33,support
r0010886,post000762,u00256,2025-04-03T12:25:20,insightful
r0010887,post000738,u00253,2025-04-03T12:26:36,like
r0010888,post000764,u00174,2025-04-03T12:30:50,like
r0010889,post000750,u00237,2025-04-03T12:38:06,like
r0010890,post000734,u00394,2025-04-03T12:40:28,like
r0010891,post000710,u00069,2025-04-03T12:44:59,like
r0010892,post000729,u00307,2025-04-03T12:54:08,like
r0010893,post000737,u00069,2025-04-03T12:59:34,like
r0010894,post000728,u00256,2025-04-03T13:01:51,insightful
r0010895,post000729,u00146,2025-04-03T13:02:21,like
r0010896,post000764,u00133,2025-04-03T13:03:26,like
r0010897,post000723,u00058,2025-04-03T13:04:07,like
r0010898,post000752,u00200,2025-04-03T13:04:17,like
r0010899,post000746,u00350,2025-04-03T13:06:26,like
r0010900,post000760,u00140,2025-04-03T13:06:48,like
r0010901,post000745,u00023,2025-04-03T13:09:25,support
r0010902,post000735,u00272,2025-04-03T13:14:50,like
r0010903,post000766,u00337,2025-04-03T13:21:25,like
r0010904,post000726,u00168,2025-04-03T13:21:41,like
r0010905,post000722,u00263,2025-04-03T13:23:29,celebrate
r0010906,post000770,u00205,2025-04-03T13:25:30,like
r0010907,post000729,u00212,2025-04-03T13:25:36,like
r0010908,post000755,u00090,2025-04-03T13:27:49,support
r0010909,post000766,u00039,2025-04-03T13:28:25,like
r0010910,post000735,u00246,2025-04-03T13:31:54,like
r0010911,post000736,u00196,2025-04-03T13:35:21,like
r0010912,post000744,u00133,2025-04-03T13:36:32,like
r0010913,post000731,u00054,2025-04-03T13:37:36,like
r0010914,post000741,u00156,2025-04-03T13:41:06,like
r0010915,post000726,u00249,2025-04-03T13:48:51,like
r0010916,post000722,u00328,2025-04-03T13:51:35,like
r0010917,post000748,u00197,2025-04-03T13:58:25,like
r0010918,post000740,u00260,2025-04-03T13:59:40,like
r0010919,post000743,u00015,2025-04-03T14:00:59,like
r0010920,post000756,u00249,2025-04-03T14:07:10,like
r0010921,post000767,u00192,2025-04-03T14:11:31,insightful
r0010922,post000725,u00039,2025-04-03T14:13:04,like
r0010923,post000757,u00339,2025-04-03T14:15:04,celebrate
r0010924,post000749,u00117,2025-04-03T14:18:01,insightful
r0010925,post000752,u00265,2025-04-03T14:18:16,like
r0010926,post000755,u00326,2025-04-03T14:24:28,like
r0010927,post000766,u00197,2025-04-03T14:33:58,support
r0010928,post000715,u00265,2025-04-03T14:34:30,like
r0010929,post000748,u00210,2025-04-03T14:35:07,support
r0010930,post000730,u00187,2025-04-03T14:37:59,like
r0010931,post000749,u00071,2025-04-03T14:39:31,like
r0010932,post000761,u00352,2025-04-03T14:39:44,like
r0010933,post000765,u00064,2025-04-03T14:39:48,like
r0010934,post000759,u00041,2025-04-03T14:42:57,like
r0010935,post000756,u00308,2025-04-03T14:43:09,like
r0010936,post000761,u00358,2025-04-03T14:43:55,insightful
r0010937,post000719,u00124,2025-04-03T14:52:04,celebrate
r0010938,post000746,u00362,2025-04-03T14:53:43,like
r0010939,post000754,u00399,2025-04-03T14:54:00,like
r0010940,post000731,u00319,2025-04-03T15:00:42,like
r0010941,post000765,u00225,2025-04-03T15:05:18,celebrate
r0010942,post000758,u00070,2025-04-03T15:05:22,like
r0010943,post000767,u00251,2025-04-03T15:06:49,like
r0010944,post000723,u00358,2025-04-03T15:07:17,like
r0010945,post000728,u00028,2025-04-03T15:07:39,like
r0010946,post000724,u00394,2025-04-03T15:08:33,insightful
r0010947,post000715,u00384,2025-04-03T15:11:17,like
r0010948,post000717,u00054,2025-04-03T15:11:56,like
r0010949,post000731,u00196,2025-04-03T15:19:20,like
r0010950,post000766,u00028,2025-04-03T15:22:22,like
r0010951,post000722,u00006,2025-04-03T15:22:36,like
r0010952,post000732,u00064,2025-04-03T15:32:46,like
r0010953,post000733,u00272,2025-04-03T15:33:17,like
r0010954,post000718,u00363,2025-04-03T15:33:43,like
r0010955,post000743,u00032,2025-04-03T15:33:44,like
r0010956,post000731,u00190,2025-04-03T15:48:58,like
r0010957,post000766,u00329,2025-04-03T15:51:40,like
r0010958,post000748,u00371,2025-04-03T15:52:54,like
r0010959,post000759,u00237,2025-04-03T15:54:21,support
r0010960,post000747,u00129,2025-04-03T15:56:02,like
r0010961,post000732,u00358,2025-04-03T15:57:05,like
r0010962,post000741,u00073,2025-04-03T15:57:37,like
r0010963,post000731,u00272,2025-04-03T15:59:32,like
r0010964,post000734,u00094,2025-04-03T16:00:13,insightful
r0010965,post000717,u00071,2025-04-03T16:01:33,like
r0010966,post000727,u00063,2025-04-03T16:02:10,like
r0010967,post000722,u00260,2025-04-03T16:07:22,support
r0010968,post000760,u00351,2025-04-03T16:11:30,like
r0010969,post000735,u00371,2025-04-03T16:13:07,like
r0010970,post000764,u00026,2025-04-03T16:15:56,support
r0010971,post000735,u00090,2025-04-03T16:43:06,like
r0010972,post000757,u00032,2025-04-03T16:44:41,like
r0010973,post000719,u00371,2025-04-03T16:46:48,like
r0010974,post000731,u00096,2025-04-03T16:48:28,like
r0010975,post000765,u00265,2025-04-03T16:57:40,like
r0010976,post000717,u00031,2025-04-03T17:02:03,like
r0010977,post000762,u00259,2025-04-03T17:08:12,celebrate
r0010978,post000746,u00365,2025-04-03T17:15:49,insightful
r0010979,post000774,u00221,2025-04-03T17:21:58,insightful
r0010980,post000767,u00197,2025-04-03T17:24:41,like
r0010981,post000735,u00107,2025-04-03T17:36:10,like
r0010982,post000760,u00023,2025-04-03T17:53:34,like
r0010983,post000737,u00221,2025-04-03T17:55:17,insightful
r0010984,post000751,u00023,2025-04-03T17:56:13,like
r0010985,post000762,u00381,2025-04-03T17:57:11,celebrate
r0010986,post000716,u00096,2025-04-03T17:59:28,like
r0010987,post000745,u00168,2025-04-03T18:12:16,like
r0010988,post000732,u00358,2025-04-03T18:25:08,like
r0010989,post000746,u00362,2025-04-03T18:25:16,insightful
r0010990,post000756,u00321,2025-04-03T18:32:12,like
r0010991,post000763,u00394,2025-04-03T18:39:01,insightful
r0010992,post000770,u00133,2025-04-03T18:45:52,insightful
r0010993,post000721,u00344,2025-04-03T18:46:20,celebrate
r0010994,post000726,u00344,2025-04-03T18:46:45,like
r0010995,post000741,u00117,2025-04-03T18:49:11,support
r0010996,post000723,u00308,2025-04-03T18:52:07,like
r0010997,post000729,u00202,2025-04-03T19:01:02,like
r0010998,post000774,u00371,2025-04-03T19:01:47,like
r0010999,post000758,u00140,2025-04-03T19:05:24,celebrate
r0011000,post000744,u00282,2025-04-03T19:06:49,like
r0011001,post000731,u00065,2025-04-03T19:17:40,like
r0011002,post000759,u00050,2025-04-03T19:26:06,support
r0011003,post000726,u00153,2025-04-03T19:35:04,like
r0011004,post000756,u00354,2025-04-03T19:35:43,insightful
r0011005,post000759,u00274,2025-04-03T19:41:15,celebrate
r0011006,post000737,u00117,2025-04-03T19:53:43,like
r0011007,post000729,u00162,2025-04-03T20:05:21,like
r0011008,post000754,u00187,2025-04-03T20:08:11,like
r0011009,post000740,u00291,2025-04-03T20:16:45,support
r0011010,post000734,u00021,2025-04-03T20:21:19,like
r0011011,post000719,u00120,2025-04-03T20:23:54,like
r0011012,post000751,u00274,2025-04-03T20:32:28,like
r0011013,post000727,u00196,2025-04-03T20:38:57,like
r0011014,post000747,u00259,2025-04-03T20:45:29,like
r0011015,post000748,u00259,2025-04-03T20:46:13,celebrate
r0011016,post000759,u00172,2025-04-03T20:46:49,like
r0011017,post000750,u00114,2025-04-03T20:50:33,support
r0011018,post000728,u00168,2025-04-03T20:51:29,celebrate
r0011019,post000747,u00339,2025-04-03T20:56:09,support
r0011020,post000736,u00225,2025-04-03T21:09:50,like
r0011021,post000727,u00225,2025-04-03T21:10:12,insightful
r0011022,post000769,u00237,2025-04-03T21:12:25,like
r0011023,post000765,u00046,2025-04-03T21:25:12,support
r0011024,post000763,u00329,2025-04-03T21:31:43,like
r0011025,post000765,u00133,2025-04-03T21:38:03,support
r0011026,post000730,u00205,2025-04-03T21:42:04,like
r0011027,post000767,u00004,2025-04-03T21:49:14,like
r0011028,post000722,u00067,2025-04-03T21:49:45,celebrate
r0011029,post000770,u00054,2025-04-03T21:54:56,support
r0011030,post000724,u00317,2025-04-03T22:03:14,like
r0011031,post000746,u00032,2025-04-03T22:05:23,celebrate
r0011032,post000731,u00069,2025-04-03T22:07:29,like
r0011033,post000743,u00263,2025-04-03T22:16:28,like
r0011034,post000719,u00241,2025-04-03T22:18:58,like
r0011035,post000766,u00328,2025-04-03T22:25:41,like
r0011036,post000737,u00304,2025-04-03T22:26:45,insightful
r0011037,post000751,u00114,2025-04-03T22:40:28,insightful
r0011038,post000732,u00004,2025-04-03T22:56:18,support
r0011039,post000750,u00305,2025-04-03T22:59:11,like
r0011040,post000759,u00399,2025-04-03T23:05:39,like
r0011041,post000753,u00024,2025-04-03T23:12:03,insightful
r0011042,post000762,u00135,2025-04-03T23:13:29,like
r0011043,post000758,u00050,2025-04-03T23:17:20,insightful
r0011044,post000735,u00380,2025-04-03T23:24:06,insightful
r0011045,post000734,u00274,2025-04-03T23:25:52,like
r0011046,post000737,u00256,2025-04-03T23:33:45,like
r0011047,post000765,u00156,2025-04-03T23:39:41,like
r0011048,post000779,u00380,2025-04-03T23:41:05,like
r0011049,post000758,u00096,2025-04-03T23:44:52,like
r0011050,post000777,u00004,2025-04-03T23:53:06,like
r0011051,post000730,u00168,2025-04-03T23:54:41,like
r0011052,post000772,u00253,2025-04-03T23:56:41,like
r0011053,post000779,u00237,2025-04-03T23:58:57,like
r0011054,post000753,u00174,2025-04-04T00:00:06,like
r0011055,post000741,u00036,2025-04-04T00:01:03,insightful
r0011056,post000776,u00080,2025-04-04T00:03:30,like
r0011057,post000762,u00221,2025-04-04T00:15:32,insightful
r0011058,post000729,u00004,2025-04-04T00:17:59,like
r0011059,post000756,u00156,2025-04-04T00:26:57,celebrate
r0011060,post000748,u00388,2025-04-04T00:27:40,like
r0011061,post000746,u00226,2025-04-04T00:30:06,insightful
r0011062,post000757,u00148,2025-04-04T00:41:17,like
r0011063,post000754,u00205,2025-04-04T00:46:38,celebrate
r0011064,post000735,u00174,2025-04-04T00:56:30,like
r0011065,post000764,u00321,2025-04-04T00:57:28,like
r0011066,post000775,u00189,2025-04-04T01:00:23,like
r0011067,post000764,u00150,2025-04-04T01:01:52,like
r0011068,post000758,u00105,2025-04-04T01:04:55,like
r0011069,post000749,u00036,2025-04-04T01:08:41,insightful
r0011070,post000731,u00341,2025-04-04T01:28:35,like
r0011071,post000728,u00226,2025-04-04T01:33:49,like
r0011072,post000732,u00260,2025-04-04T01:35:56,like
r0011073,post000748,u00087,2025-04-04T01:40:11,like
r0011074,post000733,u00010,2025-04-04T01:48:40,celebrate
r0011075,post000749,u00120,2025-04-04T01:48:56,like
r0011076,post000745,u00087,2025-04-04T01:53:03,like
r0011077,post000735,u00218,2025-04-04T02:04:27,like
r0011078,post000768,u00087,2025-04-04T02:09:16,insightful
r0011079,post000765,u00291,2025-04-04T02:10:42,like
r0011080,post000776,u00053,2025-04-04T02:11:07,like
r0011081,post000740,u00261,2025-04-04T02:21:13,like
r0011082,post000779,u00367,2025-04-04T02:21:52,insightful
r0011083,post000747,u00159,2025-04-04T02:30:08,like
r0011084,post000750,u00185,2025-04-04T02:30:43,support
r0011085,post000747,u00333,2025-04-04T02:33:41,insightful
r0011086,post000757,u00221,2025-04-04T02:47:54,like
r0011087,post000764,u00241,2025-04-04T02:53:28,like
r0011088,post000760,u00241,2025-04-04T02:53:37,like
r0011089,post000745,u00234,2025-04-04T03:16:13,like
r0011090,post000757,u00367,2025-04-04T03:31:26,like
r0011091,post000724,u00281,2025-04-04T03:35:10,like
r0011092,post000765,u00089,2025-04-04T03:40:06,insightful
r0011093,post000758,u00339,2025-04-04T03:41:51,celebrate
r0011094,post000757,u00290,2025-04-04T03:52:43,support
r0011095,post000731,u00291,2025-04-04T04:16:47,support
r0011096,post000745,u00089,2025-04-04T04:19:31,like
r0011097,post000760,u00241,2025-04-04T04:27:53,like
r0011098,post000729,u00102,2025-04-04T04:29:50,like
r0011099,post000780,u00265,2025-04-04T04:36:46,like
r0011100,post000779,u00046,2025-04-04T04:59:16,like
r0011101,post000752,u00253,2025-04-04T04:59:55,like
r0011102,post000754,u00036,2025-04-04T05:00:51,insightful
r0011103,post000778,u00290,2025-04-04T05:02:36,insightful
r0011104,post000775,u00087,2025-04-04T05:05:18,like
r0011105,post000756,u00098,2025-04-04T05:07:03,like
r0011106,post000749,u00114,2025-04-04T05:22:07,like
r0011107,post000747,u00265,2025-04-04T05:24:25,celebrate
r0011108,post000735,u00370,2025-04-04T05:28:29,like
r0011109,post000770,u00290,2025-04-04T05:28:55,like
r0011110,post000745,u00234,2025-04-04T06:35:12,like
r0011111,post000784,u00089,2025-04-04T06:48:46,like
r0011112,post000741,u00196,2025-04-04T07:02:23,insightful
r0011113,post000777,u00163,2025-04-04T07:08:00,like
r0011114,post000726,u00097,2025-04-04T07:23:05,like
r0011115,post000774,u00362,2025-04-04T07:23:17,like
r0011116,post000752,u00078,2025-04-04T07:30:10,like
r0011117,post000780,u00055,2025-04-04T07:39:15,support
r0011118,post000741,u00147,2025-04-04T07:42:46,like
r0011119,post000764,u00031,2025-04-04T07:52:39,like
r0011120,post000750,u00065,2025-04-04T07:53:02,celebrate
r0011121,post000765,u00044,2025-04-04T08:01:19,like
r0011122,post000747,u00163,2025-04-04T08:03:49,like
r0011123,post000747,u00185,2025-04-04T08:05:03,like
r0011124,post000755,u00186,2025-04-04T08:10:19,support
r0011125,post000771,u00366,2025-04-04T08:10:38,support
r0011126,post000757,u00268,2025-04-04T08:12:25,like
r0011127,post000738,u00380,2025-04-04T08:31:47,like
r0011128,post000739,u00059,2025-04-04T08:31:50,like
r0011129,post000735,u00003,2025-04-04T08:35:03,like
r0011130,post000747,u00301,2025-04-04T08:36:43,like
r0011131,post000732,u00171,2025-04-04T08:36:48,like
r0011132,post000738,u00226,2025-04-04T08:37:48,like
r0011133,post000770,u00156,2025-04-04T08:39:17,like
r0011134,post000761,u00159,2025-04-04T08:46:59,celebrate
r0011135,post000753,u00133,2025-04-04T08:53:18,like
r0011136,post000773,u00234,2025-04-04T08:53:47,like
r0011137,post000756,u00388,2025-04-04T09:00:42,like
r0011138,post000734,u00271,2025-04-04T09:01:05,like
r0011139,post000777,u00301,2025-04-04T09:02:25,like
r0011140,post000729,u00221,2025-04-04T09:02:58,like
r0011141,post000746,u00011,2025-04-04T09:03:05,celebrate
r0011142,post000751,u00129,2025-04-04T09:04:02,like
r0011143,post000773,u00090,2025-04-04T09:07:16,like
r0011144,post000778,u00160,2025-04-04T09:07:29,celebrate
r0011145,post000748,u00117,2025-04-04T09:09:17,like
r0011146,post000780,u00195,2025-04-04T09:09:23,support
r0011147,post000776,u00121,2025-04-04T09:10:24,insightful
r0011148,post000782,u00333,2025-04-04T09:12:00,like
r0011149,post000754,u00394,2025-04-04T09:12:21,support
r0011150,post000729,u00221,2025-04-04T09:13:41,like
r0011151,post000745,u00163,2025-04-04T09:17:23,like
r0011152,post000762,u00089,2025-04-04T09:18:33,celebrate
r0011153,post000729,u00055,2025-04-04T09:19:34,like
r0011154,post000761,u00376,2025-04-04T09:20:35,like
r0011155,post000734,u00055,2025-04-04T09:21:54,like
r0011156,post000758,u00077,2025-04-04T09:23:03,insightful
r0011157,post000765,u00388,2025-04-04T09:25:07,like
r0011158,post000759,u00249,2025-04-04T09:27:33,support
r0011159,post000765,u00339,2025-04-04T09:28:47,like
r0011160,post000758,u00316,2025-04-04T09:30:20,like
r0011161,post000759,u00102,2025-04-04T09:31:10,celebrate
r0011162,post000785,u00291,2025-04-04T09:31:40,like
r0011163,post000737,u00156,2025-04-04T09:32:50,like
r0011164,post000753,u00129,2025-04-04T09:32:59,support
r0011165,post000777,u00226,2025-04-04T09:39:09,like
r0011166,post000739,u00213,2025-04-04T09:40:23,support
r0011167,post000753,u00376,2025-04-04T09:42:35,celebrate
r0011168,post000785,u00096,2025-04-04T09:42:50,like
r0011169,post000749,u00361,2025-04-04T09:43:46,like
r0011170,post000740,u00065,2025-04-04T09:48:20,like
r0011171,post000770,u00253,2025-04-04T09:50:49,like
r0011172,post000783,u00277,2025-04-04T09:51:13,like
r0011173,post000787,u00349,2025-04-04T09:51:21,like
r0011174,post000762,u00275,2025-04-04T09:52:11,like
r0011175,post000746,u00094,2025-04-04T09:58:40,like
r0011176,post000757,u00362,2025-04-04T10:01:23,like
r0011177,post000738,u00266,2025-04-04T10:02:17,like
r0011178,post000754,u00259,2025-04-04T10:03:07,like
r0011179,post000750,u00370,2025-04-04T10:04:47,like
r0011180,post000786,u00164,2025-04-04T10:05:07,like
r0011181,post000762,u00362,2025-04-04T10:05:40,insightful
r0011182,post000748,u00061,2025-04-04T10:06:00,insightful
r0011183,post000784,u00098,2025-04-04T10:07:44,like
r0011184,post000758,u00259,2025-04-04T10:08:39,like
r0011185,post000778,u00339,2025-04-04T10:10:10,celebrate
r0011186,post000781,u00362,2025-04-04T10:10:21,like
r0011187,post000774,u00316,2025-04-04T10:13:41,insightful
r0011188,post000760,u00314,2025-04-04T10:13:43,like
r0011189,post000768,u00246,2025-04-04T10:24:35,like
r0011190,post000775,u00339,2025-04-04T10:32:06,support
r0011191,post000767,u00224,2025-04-04T10:33:05,like
r0011192,post000746,u00098,2025-04-04T10:36:13,like
r0011193,post000749,u00246,2025-04-04T10:39:55,support
r0011194,post000756,u00246,2025-04-04T10:40:47,support
r0011195,post000768,u00067,2025-04-04T10:41:06,like
r0011196,post000751,u00394,2025-04-04T10:45:17,like
r0011197,post000733,u00291,2025-04-04T10:47:33,insightful
r0011198,post000784,u00310,2025-04-04T10:49:08,like
r0011199,post000733,u00171,2025-04-04T10:50:29,support
r0011200,post000754,u00164,2025-04-04T10:51:36,insightful
r0011201,post000768,u00300,2025-04-04T10:52:03,support
r0011202,post000775,u00387,2025-04-04T10:52:24,like
r0011203,post000763,u00053,2025-04-04T10:52:57,like
r0011204,post000763,u00246,2025-04-04T10:54:05,like
r0011205,post000756,u00204,2025-04-04T10:58:05,support
r0011206,post000783,u00335,2025-04-04T11:00:16,support
r0011207,post000782,u00106,2025-04-04T11:02:28,like
r0011208,post000776,u00129,2025-04-04T11:04:52,insightful
r0011209,post000769,u00291,2025-04-04T11:06:36,like
r0011210,post000761,u00114,2025-04-04T11:08:34,support
r0011211,post000739,u00128,2025-04-04T11:11:08,like
r0011212,post000768,u00097,2025-04-04T11:16:13,like
r0011213,post000760,u00155,2025-04-04T11:20:50,insightful
r0011214,post000763,u00135,2025-04-04T11:21:11,like
r0011215,post000771,u00057,2025-04-04T11:23:27,like
r0011216,post000744,u00187,2025-04-04T11:26:37,celebrate
r0011217,post000781,u00003,2025-04-04T11:29:43,like
r0011218,post000736,u00249,2025-04-04T11:34:47,like
r0011219,post000780,u00362,2025-04-04T11:42:51,like
r0011220,post000736,u00284,2025-04-04T11:46:57,like
r0011221,post000748,u00067,2025-04-04T11:47:10,like
r0011222,post000753,u00380,2025-04-04T11:49:50,like
r0011223,post000775,u00380,2025-04-04T11:51:43,like
r0011224,post000771,u00235,2025-04-04T11:54:21,celebrate
r0011225,post000735,u00129,2025-04-04T11:54:38,like
r0011226,post000752,u00244,2025-04-04T11:58:21,like
r0011227,post000749,u00299,2025-04-04T11:59:30,like
r0011228,post000758,u00288,2025-04-04T11:59:44,like
r0011229,post000753,u00174,2025-04-04T12:04:34,like
r0011230,post000745,u00000,2025-04-04T12:13:12,like
r0011231,post000750,u00376,2025-04-04T12:20:25,like
r0011232,post000747,u00349,2025-04-04T12:21:33,like
r0011233,post000776,u00268,2025-04-04T12:27:03,like
r0011234,post000763,u00065,2025-04-04T12:28:43,like
r0011235,post000792,u00174,2025-04-04T12:30:49,like
r0011236,post000771,u00064,2025-04-04T12:31:33,like
r0011237,post000790,u00156,2025-04-04T12:31:41,like
r0011238,post000790,u00224,2025-04-04T12:34:26,like
r0011239,post000749,u00129,2025-04-04T12:36:16,insightful
r0011240,post000754,u00164,2025-04-04T12:39:22,insightful
r0011241,post000758,u00256,2025-04-04T12:40:21,support
r0011242,post000751,u00196,2025-04-04T12:41:15,like
r0011243,post000757,u00276,2025-04-04T12:43:20,like
r0011244,post000747,u00055,2025-04-04T12:43:51,support
r0011245,post000763,u00370,2025-04-04T12:48:09,like
r0011246,post000770,u00339,2025-04-04T12:52:31,like
r0011247,post000787,u00060,2025-04-04T12:56:34,celebrate
r0011248,post000769,u00390,2025-04-04T13:06:49,insightful
r0011249,post000781,u00333,2025-04-04T13:07:59,like
r0011250,post000763,u00297,2025-04-04T13:12:35,celebrate
r0011251,post000746,u00156,2025-04-04T13:13:03,like
r0011252,post000776,u00147,2025-04-04T13:15:45,like
r0011253,post000751,u00138,2025-04-04T13:18:08,support
r0011254,post000768,u00399,2025-04-04T13:23:19,like
r0011255,post000739,u00281,2025-04-04T13:24:08,like
r0011256,post000753,u00399,2025-04-04T13:29:04,like
r0011257,post000789,u00340,2025-04-04T13:29:15,celebrate
r0011258,post000748,u00090,2025-04-04T13:29:18,like
r0011259,post000741,u00156,2025-04-04T13:32:14,like
r0011260,post000748,u00272,2025-04-04T13:34:28,like
r0011261,post000795,u00265,2025-04-04T13:35:02,celebrate
r0011262,post000745,u00312,2025-04-04T13:42:03,like
r0011263,post000794,u00004,2025-04-04T13:44:37,like
r0011264,post000741,u00026,2025-04-04T13:51:42,like
r0011265,post000765,u00266,2025-04-04T13:52:52,celebrate
r0011266,post000760,u00276,2025-04-04T13:54:23,celebrate
r0011267,post000772,u00223,2025-04-04T13:56:06,insightful
r0011268,post000762,u00187,2025-04-04T13:57:35,like
r0011269,post000781,u00163,2025-04-04T14:03:48,like
r0011270,post000796,u00089,2025-04-04T14:06:02,like
r0011271,post000786,u00160,2025-04-04T14:06:40,like
r0011272,post000743,u00211,2025-04-04T14:07:11,like
r0011273,post000748,u00097,2025-04-04T14:09:05,like
r0011274,post000767,u00117,2025-04-04T14:10:11,support
r0011275,post000748,u00118,2025-04-04T14:10:27,like
r0011276,post000793,u00163,2025-04-04T14:15:48,celebrate
r0011277,post000749,u00202,2025-04-04T14:25:58,like
r0011278,post000789,u00246,2025-04-04T14:28:42,like
r0011279,post000744,u00252,2025-04-04T14:28:45,support
r0011280,post000761,u00163,2025-04-04T14:33:03,like
r0011281,post000769,u00107,2025-04-04T14:33:27,like
r0011282,post000779,u00055,2025-04-04T14:33:29,like
r0011283,post000759,u00246,2025-04-04T14:40:34,like
r0011284,post000753,u00211,2025-04-04T14:41:54,like
r0011285,post000764,u00260,2025-04-04T14:44:54,like
r0011286,post000789,u00331,2025-04-04T14:49:53,like
r0011287,post000747,u00335,2025-04-04T14:50:34,insightful
r0011288,post000754,u00080,2025-04-04T14:51:39,like
r0011289,post000758,u00073,2025-04-04T14:58:05,celebrate
r0011290,post000761,u00284,2025-04-04T14:59:17,like
r0011291,post000753,u00309,2025-04-04T15:02:32,like
r0011292,post000786,u00196,2025-04-04T15:02:52,like
r0011293,post000766,u00004,2025-04-04T15:03:47,insightful
r0011294,post000769,u00268,2025-04-04T15:09:43,like
r0011295,post000771,u00265,2025-04-04T15:13:58,celebrate
r0011296,post000764,u00159,2025-04-04T15:14:38,like
r0011297,post000793,u00288,2025-04-04T15:15:29,like
r0011298,post000749,u00107,2025-04-04T15:17:54,like
r0011299,post000770,u00244,2025-04-04T15:23:14,like
r0011300,post000778,u00026,2025-04-04T15:25:13,insightful
r0011301,post000786,u00221,2025-04-04T15:27:53,like
r0011302,post000761,u00096,2025-04-04T15:30:43,like
r0011303,post000770,u00309,2025-04-04T15:32:55,like
r0011304,post000798,u00118,2025-04-04T15:33:09,celebrate
r0011305,post000795,u00098,2025-04-04T15:35:40,insightful
r0011306,post000776,u00032,2025-04-04T15:36:14,like
r0011307,post000745,u00158,2025-04-04T15:43:49,insightful
r0011308,post000765,u00185,2025-04-04T15:46:10,like
r0011309,post000796,u00096,2025-04-04T15:46:23,like
r0011310,post000782,u00243,2025-04-04T15:53:21,celebrate
r0011311,post000772,u00276,2025-04-04T15:55:40,support
r0011312,post000804,u00055,2025-04-04T15:57:37,celebrate
r0011313,post000758,u00263,2025-04-04T15:58:46,celebrate
r0011314,post000795,u00265,2025-04-04T16:02:48,celebrate
r0011315,post000765,u00263,2025-04-04T16:04:57,like
r0011316,post000775,u00142,2025-04-04T16:05:28,celebrate
r0011317,post000750,u00366,2025-04-04T16:06:45,celebrate
r0011318,post000761,u00249,2025-04-04T16:07:28,celebrate
r0011319,post000772,u00033,2025-04-04T16:11:30,like
r0011320,post000790,u00255,2025-04-04T16:14:02,like
r0011321,post000747,u00031,2025-04-04T16:16:31,insightful
r0011322,post000765,u00185,2025-04-04T16:16:40,like
r0011323,post000756,u00185,2025-04-04T16:20:36,celebrate
r0011324,post000749,u00351,2025-04-04T16:24:12,like
r0011325,post000771,u00066,2025-04-04T16:34:22,like
r0011326,post000770,u00036,2025-04-04T16:40:49,like
r0011327,post000789,u00159,2025-04-04T16:41:40,insightful
r0011328,post000775,u00226,2025-04-04T16:46:00,like
r0011329,post000798,u00085,2025-04-04T16:51:45,like
r0011330,post000753,u00335,2025-04-04T16:58:41,like
r0011331,post000764,u00230,2025-04-04T17:00:40,like
r0011332,post000784,u00339,2025-04-04T17:05:39,like
r0011333,post000753,u00268,2025-04-04T17:05:52,like
r0011334,post000804,u00159,2025-04-04T17:22:04,celebrate
r0011335,post000769,u00174,2025-04-04T17:42:06,insightful
r0011336,post000778,u00264,2025-04-04T18:09:36,insightful
r0011337,post000777,u00004,2025-04-04T18:14:07,like
r0011338,post000762,u00129,2025-04-04T18:15:57,like
r0011339,post000785,u00326,2025-04-04T18:16:52,celebrate
r0011340,post000785,u00236,2025-04-04T18:20:54,support
r0011341,post000799,u00239,2025-04-04T18:22:00,like
r0011342,post000804,u00263,2025-04-04T18:25:57,like
r0011343,post000788,u00024,2025-04-04T18:28:26,like
r0011344,post000791,u00164,2025-04-04T18:33:42,like
r0011345,post000750,u00150,2025-04-04T18:40:12,support
r0011346,post000749,u00317,2025-04-04T18:44:10,support
r0011347,post000766,u00301,2025-04-04T18:56:59,celebrate
r0011348,post000781,u00156,2025-04-04T19:06:12,support
r0011349,post000755,u00276,2025-04-04T19:15:54,like
r0011350,post000785,u00133,2025-04-04T19:18:01,like
r0011351,post000753,u00010,2025-04-04T19:22:47,like
r0011352,post000800,u00253,2025-04-04T19:34:05,celebrate
r0011353,post000772,u00087,2025-04-04T19:37:18,like
r0011354,post000802,u00032,2025-04-04T19:49:44,like
r0011355,post000780,u00341,2025-04-04T19:50:44,like
r0011356,post000780,u00053,2025-04-04T20:07:15,celebrate
r0011357,post000783,u00234,2025-04-04T20:07:46,celebrate
r0011358,post000750,u00203,2025-04-04T20:08:52,like
r0011359,post000768,u00011,2025-04-04T20:15:52,insightful
r0011360,post000777,u00187,2025-04-04T20:25:01,insightful
r0011361,post000754,u00381,2025-04-04T20:26:07,like
r0011362,post000789,u00376,2025-04-04T20:31:58,like
r0011363,post000786,u00004,2025-04-04T20:33:34,like
r0011364,post000787,u00264,2025-04-04T20:34:25,like
r0011365,post000766,u00197,2025-04-04T20:42:40,like
r0011366,post000776,u00291,2025-04-04T20:42:50,celebrate
r0011367,post000778,u00268,2025-04-04T20:43:03,like
r0011368,post000802,u00339,2025-04-04T20:50:44,like
r0011369,post000765,u00340,2025-04-04T21:18:47,like
r0011370,post000779,u00158,2025-04-04T21:22:52,like
r0011371,post000763,u00098,2025-04-04T21:58:26,like
r0011372,post000803,u00105,2025-04-04T22:15:29,like
r0011373,post000766,u00002,2025-04-04T22:19:25,like
r0011374,post000749,u00120,2025-04-04T22:41:44,celebrate
r0011375,post000792,u00057,2025-04-04T22:42:50,like
r0011376,post000803,u00089,2025-04-04T22:48:58,support
r0011377,post000776,u00380,2025-04-04T22:55:17,like
r0011378,post000793,u00087,2025-04-04T23:06:24,like
r0011379,post000777,u00185,2025-04-04T23:09:57,support
r0011380,post000787,u00087,2025-04-04T23:32:53,support
r0011381,post000747,u00282,2025-04-04T23:45:40,like
r0011382,post000774,u00098,2025-04-04T23:53:57,like
r0011383,post000746,u00339,2025-04-04T23:56:33,like
r0011384,post000761,u00080,2025-04-05T00:00:50,support
r0011385,post000761,u00211,2025-04-05T00:04:21,insightful
r0011386,post000790,u00285,2025-04-05T00:08:55,like
r0011387,post000759,u00174,2025-04-05T00:31:07,like
r0011388,post000764,u00304,2025-04-05T00:40:45,celebrate
r0011389,post000774,u00209,2025-04-05T00:47:05,celebrate
r0011390,post000780,u00276,2025-04-05T01:05:20,like
r0011391,post000753,u00153,2025-04-05T01:25:47,celebrate
r0011392,post000774,u00378,2025-04-05T01:29:48,support
r0011393,post000756,u00057,2025-04-05T01:40:31,like
r0011394,post000747,u00357,2025-04-05T01:48:48,like
r0011395,post000747,u00098,2025-04-05T02:14:07,like
r0011396,post000746,u00329,2025-04-05T02:28:22,like
r0011397,post000784,u00157,2025-04-05T02:28:51,like
r0011398,post000761,u00087,2025-04-05T02:29:26,insightful
r0011399,post000802,u00211,2025-04-05T02:30:06,support
r0011400,post000771,u00348,2025-04-05T02:33:22,like
r0011401,post000795,u00189,2025-04-05T02:43:13,like
r0011402,post000763,u00340,2025-04-05T02:45:40,celebrate
r0011403,post000771,u00035,2025-04-05T02:48:06,like
r0011404,post000778,u00097,2025-04-05T02:51:30,support
r0011405,post000749,u00384,2025-04-05T03:02:13,like
r0011406,post000761,u00205,2025-04-05T03:05:19,like
r0011407,post000791,u00018,2025-04-05T03:30:43,like
r0011408,post000786,u00089,2025-04-05T03:33:52,like
r0011409,post000784,u00340,2025-04-05T03:56:04,insightful
r0011410,post000767,u00132,2025-04-05T04:10:44,like
r0011411,post000791,u00087,2025-04-05T04:17:07,like
r0011412,post000785,u00097,2025-04-05T04:24:18,like
r0011413,post000802,u00354,2025-04-05T04:46:08,insightful
r0011414,post000796,u00281,2025-04-05T04:50:01,like
r0011415,post000764,u00144,2025-04-05T05:06:44,like
r0011416,post000789,u00011,2025-04-05T05:19:11,support
r0011417,post000777,u00158,2025-04-05T05:24:05,support
r0011418,post000798,u00270,2025-04-05T05:24:42,like
r0011419,post000751,u00080,2025-04-05T05:26:58,like
r0011420,post000782,u00187,2025-04-05T06:29:30,like
r0011421,post000749,u00096,2025-04-05T06:31:24,celebrate
r0011422,post000749,u00114,2025-04-05T06:36:47,insightful
r0011423,post000779,u00259,2025-04-05T06:44:14,celebrate
r0011424,post000755,u00304,2025-04-05T06:55:25,insightful
r0011425,post000753,u00329,2025-04-05T07:19:19,like
r0011426,post000752,u00299,2025-04-05T07:20:57,like
r0011427,post000801,u00093,2025-04-05T07:26:03,like
r0011428,post000793,u00294,2025-04-05T07:31:26,celebrate
r0011429,post000761,u00098,2025-04-05T07:41:59,support
r0011430,post000771,u00348,2025-04-05T07:49:52,support
r0011431,post000774,u00147,2025-04-05T07:57:40,like
r0011432,post000769,u00294,2025-04-05T08:01:51,celebrate
r0011433,post000757,u00306,2025-04-05T08:05:30,like
r0011434,post000796,u00380,2025-04-05T08:08:45,celebrate
r0011435,post000775,u00062,2025-04-05T08:09:28,like
r0011436,post000802,u00314,2025-04-05T08:11:58,insightful
r0011437,post000753,u00083,2025-04-05T08:12:05,like
r0011438,post000804,u00282,2025-04-05T08:13:12,support
r0011439,post000771,u00114,2025-04-05T08:16:15,like
r0011440,post000806,u00378,2025-04-05T08:18:42,celebrate
r0011441,post000763,u00174,2025-04-05T08:24:34,insightful
r0011442,post000806,u00163,2025-04-05T08:25:23,like
r0011443,post000774,u00163,2025-04-05T08:27:19,support
r0011444,post000783,u00339,2025-04-05T08:31:50,like
r0011445,post000749,u00006,2025-04-05T08:34:46,like
r0011446,post000792,u00188,2025-04-05T08:36:19,celebrate
r0011447,post000751,u00204,2025-04-05T08:43:03,like
r0011448,post000752,u00190,2025-04-05T08:45:10,like
r0011449,post000759,u00340,2025-04-05T08:46:09,like
r0011450,post000748,u00193,2025-04-05T08:46:41,like
r0011451,post000769,u00096,2025-04-05T08:48:31,support
r0011452,post000793,u00330,2025-04-05T08:49:59,like
r0011453,post000786,u00103,2025-04-05T08:52:19,like
r0011454,post000759,u00066,2025-04-05T08:53:36,like
r0011455,post000750,u00369,2025-04-05T08:54:33,celebrate
r0011456,post000796,u00188,2025-04-05T08:54:46,like
r0011457,post000791,u00250,2025-04-05T08:57:47,insightful
r0011458,post000766,u00103,2025-04-05T09:00:29,celebrate
r0011459,post000751,u00061,2025-04-05T09:00:48,celebrate
r0011460,post000780,u00069,2025-04-05T09:01:44,like
r0011461,post000776,u00221,2025-04-05T09:02:03,insightful
r0011462,post000776,u00157,2025-04-05T09:02:34,like
r0011463,post000787,u00328,2025-04-05T09:05:19,like
r0011464,post000749,u00158,2025-04-05T09:05:36,celebrate
r0011465,post000783,u00166,2025-04-05T09:08:01,support
r0011466,post000795,u00212,2025-04-05T09:08:42,like
r0011467,post000804,u00221,2025-04-05T09:11:18,celebrate
r0011468,post000765,u00221,2025-04-05T09:13:52,like
r0011469,post000808,u00197,2025-04-05T09:14:06,like
r0011470,post000764,u00006,2025-04-05T09:15:05,insightful
r0011471,post000762,u00031,2025-04-05T09:20:10,like
r0011472,post000758,u00031,2025-04-05T09:23:24,like
r0011473,post000751,u00242,2025-04-05T09:30:03,like
r0011474,post000776,u00089,2025-04-05T09:36:39,like
r0011475,post000793,u00197,2025-04-05T09:42:09,like
r0011476,post000786,u00376,2025-04-05T09:46:06,like
r0011477,post000802,u00004,2025-04-05T09:50:24,like
r0011478,post000781,u00022,2025-04-05T09:51:13,insightful
r0011479,post000801,u00274,2025-04-05T09:51:37,celebrate
r0011480,post000762,u00339,2025-04-05T09:52:54,like
r0011481,post000754,u00035,2025-04-05T09:53:11,like
r0011482,post000783,u00103,2025-04-05T09:55:30,like
r0011483,post000775,u00126,2025-04-05T09:57:49,like
r0011484,post000764,u00069,2025-04-05T10:06:24,celebrate
r0011485,post000808,u00118,2025-04-05T10:06:37,celebrate
r0011486,post000799,u00128,2025-04-05T10:07:20,like
r0011487,post000801,u00089,2025-04-05T10:12:13,like
r0011488,post000804,u00199,2025-04-05T10:13:21,celebrate
r0011489,post000759,u00069,2025-04-05T10:21:01,like
r0011490,post000791,u00126,2025-04-05T10:34:03,like
r0011491,post000777,u00371,2025-04-05T10:35:13,celebrate
r0011492,post000759,u00098,2025-04-05T10:36:25,insightful
r0011493,post000809,u00022,2025-04-05T10:39:00,like
r0011494,post000795,u00083,2025-04-05T10:42:38,like
r0011495,post000810,u00079,2025-04-05T10:52:37,like
r0011496,post000771,u00069,2025-04-05T10:55:04,like
r0011497,post000799,u00069,2025-04-05T10:56:49,support
r0011498,post000772,u00187,2025-04-05T10:56:57,like
r0011499,post000784,u00146,2025-04-05T10:58:52,like
r0011500,post000774,u00103,2025-04-05T10:59:35,like
r0011501,post000808,u00199,2025-04-05T11:01:45,like
r0011502,post000798,u00193,2025-04-05T11:04:22,like
r0011503,post000787,u00330,2025-04-05T11:06:01,celebrate
r0011504,post000753,u00057,2025-04-05T11:11:59,like
r0011505,post000797,u00259,2025-04-05T11:18:44,like
r0011506,post000805,u00339,2025-04-05T11:27:08,like
r0011507,post000763,u00098,2025-04-05T11:27:35,like
r0011508,post000761,u00174,2025-04-05T11:28:30,celebrate
r0011509,post000805,u00339,2025-04-05T11:29:10,like
r0011510,post000806,u00018,2025-04-05T11:36:12,insightful
r0011511,post000804,u00339,2025-04-05T11:39:20,insightful
r0011512,post000775,u00392,2025-04-05T11:41:12,like
r0011513,post000774,u00053,2025-04-05T11:56:45,like
r0011514,post000780,u00024,2025-04-05T12:04:36,like
r0011515,post000805,u00337,2025-04-05T12:07:03,support
r0011516,post000806,u00103,2025-04-05T12:07:29,celebrate
r0011517,post000756,u00097,2025-04-05T12:11:27,like
r0011518,post000766,u00337,2025-04-05T12:16:49,support
r0011519,post000805,u00006,2025-04-05T12:17:37,like
r0011520,post000762,u00174,2025-04-05T12:19:42,insightful
r0011521,post000795,u00251,2025-04-05T12:21:08,insightful
r0011522,post000772,u00097,2025-04-05T12:21:16,like
r0011523,post000809,u00232,2025-04-05T12:21:59,like
r0011524,post000760,u00035,2025-04-05T12:28:18,insightful
r0011525,post000806,u00329,2025-04-05T12:30:49,like
r0011526,post000800,u00392,2025-04-05T12:30:59,support
r0011527,post000766,u00384,2025-04-05T12:36:51,like
r0011528,post000762,u00215,2025-04-05T12:37:12,celebrate
r0011529,post000788,u00053,2025-04-05T12:39:55,like
r0011530,post000803,u00031,2025-04-05T12:41:09,like
r0011531,post000773,u00306,2025-04-05T12:43:26,like
r0011532,post000768,u00089,2025-04-05T12:44:58,like
r0011533,post000780,u00018,2025-04-05T12:57:50,like
r0011534,post000784,u00348,2025-04-05T12:59:40,celebrate
r0011535,post000792,u00339,2025-04-05T13:07:16,celebrate
r0011536,post000792,u00299,2025-04-05T13:13:33,like
r0011537,post000811,u00311,2025-04-05T13:17:13,like
r0011538,post000797,u00128,2025-04-05T13:19:15,like
r0011539,post000811,u00045,2025-04-05T13:23:40,support
r0011540,post000774,u00132,2025-04-05T13:30:59,like
r0011541,post000768,u00194,2025-04-05T13:35:26,support
r0011542,post000755,u00166,2025-04-05T13:46:42,support
r0011543,post000810,u00098,2025-04-05T13:47:46,support
r0011544,post000762,u00259,2025-04-05T13:57:52,like
r0011545,post000763,u00030,2025-04-05T14:01:10,like
r0011546,post000763,u00098,2025-04-05T14:21:26,like
r0011547,post000787,u00259,2025-04-05T14:24:11,like
r0011548,post000756,u00242,2025-04-05T14:27:03,like
r0011549,post000788,u00126,2025-04-05T14:28:16,like
r0011550,post000781,u00212,2025-04-05T14:33:12,like
r0011551,post000766,u00058,2025-04-05T14:37:53,like
r0011552,post000801,u00096,2025-04-05T14:38:42,insightful
r0011553,post000786,u00221,2025-04-05T14:39:02,like
r0011554,post000813,u00328,2025-04-05T14:40:49,celebrate
r0011555,post000807,u00026,2025-04-05T14:42:16,like
r0011556,post000802,u00107,2025-04-05T14:44:29,like
r0011557,post000793,u00276,2025-04-05T14:55:58,like
r0011558,post000785,u00209,2025-04-05T14:56:02,insightful
r0011559,post000763,u00194,2025-04-05T14:56:44,like
r0011560,post000812,u00031,2025-04-05T15:01:52,like
r0011561,post000762,u00174,2025-04-05T15:03:37,celebrate
r0011562,post000778,u00174,2025-04-05T15:03:53,like
r0011563,post000762,u00376,2025-04-05T15:20:47,support
r0011564,post000797,u00348,2025-04-05T15:21:03,like
r0011565,post000796,u00187,2025-04-05T15:22:07,like
r0011566,post000773,u00074,2025-04-05T15:33:37,like
r0011567,post000763,u00384,2025-04-05T15:38:33,like
r0011568,post000772,u00317,2025-04-05T15:53:21,insightful
r0011569,post000807,u00093,2025-04-05T16:03:37,like
r0011570,post000776,u00306,2025-04-05T16:14:50,like
r0011571,post000797,u00031,2025-04-05T16:19:48,support
r0011572,post000765,u00174,2025-04-05T16:31:11,like
r0011573,post000773,u00250,2025-04-05T16:33:48,like
r0011574,post000810,u00212,2025-04-05T16:45:30,like
r0011575,post000784,u00174,2025-04-05T16:54:37,like
r0011576,post000806,u00354,2025-04-05T16:57:53,like
r0011577,post000778,u00083,2025-04-05T17:01:30,like
r0011578,post000798,u00221,2025-04-05T17:06:01,like
r0011579,post000796,u00331,2025-04-05T17:08:14,like
r0011580,post000758,u00087,2025-04-05T17:15:17,celebrate
r0011581,post000776,u00089,2025-04-05T17:52:42,like
r0011582,post000818,u00013,2025-04-05T18:16:52,support
r0011583,post000796,u00057,2025-04-05T18:37:25,like
r0011584,post000807,u00250,2025-04-05T18:42:47,support
r0011585,post000814,u00299,2025-04-05T19:24:05,like
r0011586,post000794,u00339,2025-04-05T20:14:39,like
r0011587,post000784,u00080,2025-04-05T20:17:26,like
r0011588,post000783,u00174,2025-04-05T20:19:04,like
r0011589,post000813,u00006,2025-04-05T20:22:34,insightful
r0011590,post000817,u00189,2025-04-05T20:27:35,like
r0011591,post000779,u00344,2025-04-05T20:41:58,like
r0011592,post000791,u00074,2025-04-05T20:42:32,insightful
r0011593,post000790,u00190,2025-04-05T20:44:48,like
r0011594,post000804,u00395,2025-04-05T20:53:02,like
r0011595,post000798,u00189,2025-04-05T21:00:30,like
r0011596,post000801,u00329,2025-04-05T21:25:10,like
r0011597,post000798,u00241,2025-04-05T21:28:39,like
r0011598,post000770,u00317,2025-04-05T21:31:54,like
r0011599,post000820,u00073,2025-04-05T21:50:38,celebrate
r0011600,post000762,u00011,2025-04-05T21:57:54,like
r0011601,post000771,u00087,2025-04-05T21:58:17,like
r0011602,post000773,u00317,2025-04-05T22:05:07,like
r0011603,post000813,u00174,2025-04-05T22:26:11,like
r0011604,post000814,u00089,2025-04-05T22:29:01,like
r0011605,post000768,u00157,2025-04-05T22:36:14,like
r0011606,post000816,u00282,2025-04-05T22:40:43,like
r0011607,post000793,u00329,2025-04-05T22:46:30,like
r0011608,post000797,u00317,2025-04-05T23:01:02,support
r0011609,post000783,u00135,2025-04-05T23:04:55,like
r0011610,post000806,u00383,2025-04-05T23:05:21,like
r0011611,post000763,u00148,2025-04-05T23:15:42,like
r0011612,post000778,u00114,2025-04-05T23:25:26,celebrate
r0011613,post000763,u00192,2025-04-05T23:49:53,like
r0011614,post000768,u00234,2025-04-06T00:11:21,like
r0011615,post000780,u00252,2025-04-06T00:11:21,insightful
r0011616,post000800,u00036,2025-04-06T00:14:44,like
r0011617,post000780,u00040,2025-04-06T00:19:11,support
r0011618,post000773,u00238,2025-04-06T00:20:28,celebrate
r0011619,post000814,u00012,2025-04-06T00:28:55,like
r0011620,post000789,u00264,2025-04-06T00:32:09,support
r0011621,post000813,u00206,2025-04-06T00:41:11,like
r0011622,post000771,u00285,2025-04-06T00:46:50,support
r0011623,post000796,u00098,2025-04-06T00:50:35,like
r0011624,post000778,u00394,2025-04-06T01:02:50,like
r0011625,post000798,u00351,2025-04-06T01:07:43,like
r0011626,post000770,u00132,2025-04-06T01:10:11,support
r0011627,post000798,u00036,2025-04-06T01:24:25,like
r0011628,post000818,u00098,2025-04-06T01:26:26,like
r0011629,post000807,u00349,2025-04-06T01:34:58,like
r0011630,post000802,u00348,2025-04-06T01:39:01,like
r0011631,post000795,u00133,2025-04-06T01:56:00,support
r0011632,post000777,u00036,2025-04-06T01:59:59,celebrate
r0011633,post000785,u00325,2025-04-06T02:05:21,like
r0011634,post000822,u00189,2025-04-06T02:14:45,like
r0011635,post000811,u00050,2025-04-06T02:37:54,like
r0011636,post000803,u00285,2025-04-06T03:05:28,support
r0011637,post000794,u00322,2025-04-06T03:13:51,like
r0011638,post000818,u00174,2025-04-06T03:30:27,like
r0011639,post000793,u00036,2025-04-06T03:35:37,like
r0011640,post000812,u00221,2025-04-06T03:35:38,like
r0011641,post000780,u00285,2025-04-06T03:42:01,like
r0011642,post000791,u00174,2025-04-06T03:54:03,like
r0011643,post000772,u00311,2025-04-06T03:59:06,like
r0011644,post000788,u00120,2025-04-06T04:12:51,like
r0011645,post000812,u00120,2025-04-06T04:17:24,support
r0011646,post000776,u00209,2025-04-06T04:24:16,like
r0011647,post000813,u00086,2025-04-06T04:36:58,insightful
r0011648,post000781,u00252,2025-04-06T04:44:07,like
r0011649,post000800,u00087,2025-04-06T04:46:10,celebrate
r0011650,post000806,u00033,2025-04-06T04:50:38,like
r0011651,post000801,u00099,2025-04-06T04:53:44,support
r0011652,post000779,u00087,2025-04-06T05:26:30,like
r0011653,post000806,u00098,2025-04-06T05:31:16,insightful
r0011654,post000786,u00235,2025-04-06T05:41:48,like
r0011655,post000800,u00004,2025-04-06T05:42:45,like
r0011656,post000794,u00271,2025-04-06T05:53:27,insightful
r0011657,post000768,u00054,2025-04-06T05:54:23,like
r0011658,post000800,u00189,2025-04-06T05:58:22,insightful
r0011659,post000778,u00251,2025-04-06T06:03:26,like
r0011660,post000799,u00166,2025-04-06T06:04:06,like
r0011661,post000772,u00020,2025-04-06T06:09:32,celebrate
r0011662,post000792,u00132,2025-04-06T06:30:09,like
r0011663,post000820,u00351,2025-04-06T06:30:28,celebrate
r0011664,post000767,u00394,2025-04-06T06:38:33,like
r0011665,post000819,u00306,2025-04-06T06:40:09,like
r0011666,post000783,u00384,2025-04-06T06:54:41,like
r0011667,post000823,u00114,2025-04-06T07:01:43,like
r0011668,post000823,u00351,2025-04-06T07:13:58,support
r0011669,post000793,u00300,2025-04-06T07:30:25,like
r0011670,post000804,u00087,2025-04-06T07:44:06,support
r0011671,post000814,u00365,2025-04-06T07:44:40,like
r0011672,post000807,u00306,2025-04-06T08:05:08,like
r0011673,post000812,u00034,2025-04-06T08:11:38,like
r0011674,post000792,u00030,2025-04-06T08:14:02,support
r0011675,post000771,u00021,2025-04-06T08:15:27,support
r0011676,post000795,u00214,2025-04-06T08:20:24,support
r0011677,post000793,u00187,2025-04-06T08:21:39,like
r0011678,post000799,u00073,2025-04-06T08:24:41,like
r0011679,post000783,u00253,2025-04-06T08:25:30,support
r0011680,post000813,u00280,2025-04-06T08:32:08,insightful
r0011681,post000776,u00129,2025-04-06T08:34:27,celebrate
r0011682,post000783,u00344,2025-04-06T08:36:32,insightful
r0011683,post000783,u00050,2025-04-06T08:38:48,like
r0011684,post000815,u00209,2025-04-06T08:39:55,insightful
r0011685,post000782,u00050,2025-04-06T08:40:39,like
r0011686,post000815,u00386,2025-04-06T08:43:57,like
r0011687,post000790,u00205,2025-04-06T08:52:13,like
r0011688,post000810,u00190,2025-04-06T09:01:20,insightful
r0011689,post000800,u00226,2025-04-06T09:05:35,insightful
r0011690,post000807,u00120,2025-04-06T09:08:40,like
r0011691,post000792,u00053,2025-04-06T09:09:09,celebrate
r0011692,post000771,u00249,2025-04-06T09:09:22,like
r0011693,post000813,u00235,2025-04-06T09:17:02,like
r0011694,post000806,u00035,2025-04-06T09:22:00,celebrate
r0011695,post000786,u00044,2025-04-06T09:23:45,like
r0011696,post000812,u00129,2025-04-06T09:25:03,support
r0011697,post000789,u00299,2025-04-06T09:31:38,like
r0011698,post000808,u00281,2025-04-06T09:31:52,like
r0011699,post000802,u00129,2025-04-06T09:39:06,celebrate
r0011700,post000799,u00205,2025-04-06T09:41:33,like
r0011701,post000795,u00053,2025-04-06T09:44:43,insightful
r0011702,post000801,u00285,2025-04-06T09:51:16,like
r0011703,post000764,u00054,2025-04-06T09:52:03,like
r0011704,post000811,u00281,2025-04-06T09:59:49,celebrate
r0011705,post000791,u00103,2025-04-06T09:59:58,like
r0011706,post000803,u00079,2025-04-06T10:05:21,insightful
r0011707,post000823,u00098,2025-04-06T10:08:36,like
r0011708,post000815,u00264,2025-04-06T10:15:32,insightful
r0011709,post000819,u00098,2025-04-06T10:22:54,like
r0011710,post000781,u00234,2025-04-06T10:23:24,like
r0011711,post000774,u00351,2025-04-06T10:24:45,like
r0011712,post000768,u00313,2025-04-06T10:33:36,support
r0011713,post000798,u00235,2025-04-06T10:41:15,like
r0011714,post000826,u00221,2025-04-06T10:44:06,insightful
r0011715,post000778,u00212,2025-04-06T10:44:20,like
r0011716,post000821,u00209,2025-04-06T10:49:08,support
r0011717,post000795,u00351,2025-04-06T10:56:42,like
r0011718,post000818,u00174,2025-04-06T10:59:27,like
r0011719,post000817,u00230,2025-04-06T10:59:59,like
r0011720,post000818,u00340,2025-04-06T11:02:46,like
r0011721,post000790,u00086,2025-04-06T11:08:09,like
r0011722,post000819,u00055,2025-04-06T11:08:55,like
r0011723,post000826,u00376,2025-04-06T11:12:21,support
r0011724,post000795,u00205,2025-04-06T11:12:39,like
r0011725,post000826,u00282,2025-04-06T11:21:20,support
r0011726,post000776,u00329,2025-04-06T11:22:27,like
r0011727,post000805,u00050,2025-04-06T11:32:29,support
r0011728,post000822,u00035,2025-04-06T11:32:49,like
r0011729,post000816,u00187,2025-04-06T11:35:04,insightful
r0011730,post000819,u00174,2025-04-06T11:41:09,insightful
r0011731,post000784,u00050,2025-04-06T11:41:12,celebrate
r0011732,post000819,u00004,2025-04-06T11:47:15,insightful
r0011733,post000793,u00054,2025-04-06T11:47:21,celebrate
r0011734,post000781,u00199,2025-04-06T11:54:27,like
r0011735,post000810,u00112,2025-04-06T11:56:24,celebrate
r0011736,post000771,u00132,2025-04-06T12:03:01,like
r0011737,post000816,u00098,2025-04-06T12:11:32,like
r0011738,post000781,u00205,2025-04-06T12:15:58,like
r0011739,post000810,u00249,2025-04-06T12:22:15,support
r0011740,post000806,u00133,2025-04-06T12:28:36,like
r0011741,post000811,u00154,2025-04-06T12:32:05,support
r0011742,post000803,u00066,2025-04-06T12:37:42,support
r0011743,post000821,u00112,2025-04-06T12:44:24,like
r0011744,post000825,u00329,2025-04-06T12:47:29,like
r0011745,post000783,u00179,2025-04-06T12:50:41,like
r0011746,post000771,u00087,2025-04-06T12:51:29,like
r0011747,post000774,u00251,2025-04-06T12:52:53,like
r0011748,post000811,u00053,2025-04-06T12:58:17,like
r0011749,post000806,u00190,2025-04-06T12:59:21,insightful
r0011750,post000777,u00343,2025-04-06T13:01:41,like
r0011751,post000805,u00172,2025-04-06T13:07:29,like
r0011752,post000826,u00236,2025-04-06T13:12:52,like
r0011753,post000794,u00252,2025-04-06T13:13:06,like
r0011754,post000806,u00234,2025-04-06T13:19:46,like
r0011755,post000802,u00221,2025-04-06T13:23:39,like
r0011756,post000785,u00210,2025-04-06T13:23:40,like
r0011757,post000786,u00086,2025-04-06T13:26:25,like
r0011758,post000784,u00128,2025-04-06T13:28:17,like
r0011759,post000814,u00053,2025-04-06T13:32:31,like
r0011760,post000786,u00357,2025-04-06T13:40:21,like
r0011761,post000780,u00190,2025-04-06T13:46:28,like
r0011762,post000783,u00204,2025-04-06T13:47:10,like
r0011763,post000801,u00031,2025-04-06T13:53:49,like
r0011764,post000767,u00376,2025-04-06T14:05:12,like
r0011765,post000786,u00098,2025-04-06T14:07:22,support
r0011766,post000783,u00214,2025-04-06T14:08:27,like
r0011767,post000817,u00235,2025-04-06T14:10:06,celebrate
r0011768,post000817,u00272,2025-04-06T14:13:38,celebrate
r0011769,post000768,u00171,2025-04-06T14:13:59,like
r0011770,post000800,u00187,2025-04-06T14:14:49,celebrate
r0011771,post000790,u00212,2025-04-06T14:26:53,like
r0011772,post000770,u00031,2025-04-06T14:27:18,like
r0011773,post000816,u00210,2025-04-06T14:35:23,celebrate
r0011774,post000801,u00099,2025-04-06T14:42:42,insightful
r0011775,post000810,u00129,2025-04-06T14:46:20,insightful
r0011776,post000826,u00050,2025-04-06T14:52:03,like
r0011777,post000795,u00221,2025-04-06T14:54:44,celebrate
r0011778,post000772,u00276,2025-04-06T14:55:07,like
r0011779,post000826,u00245,2025-04-06T15:00:15,insightful
r0011780,post000774,u00171,2025-04-06T15:05:27,like
r0011781,post000822,u00299,2025-04-06T15:11:02,like
r0011782,post000795,u00054,2025-04-06T15:16:01,like
r0011783,post000776,u00025,2025-04-06T15:24:00,like
r0011784,post000818,u00252,2025-04-06T15:25:27,like
r0011785,post000770,u00276,2025-04-06T15:25:44,like
r0011786,post000792,u00054,2025-04-06T15:38:31,like
r0011787,post000824,u00378,2025-04-06T15:40:51,like
r0011788,post000819,u00137,2025-04-06T15:40:57,like
r0011789,post000789,u00054,2025-04-06T15:43:52,like
r0011790,post000819,u00033,2025-04-06T15:48:02,celebrate
r0011791,post000777,u00230,2025-04-06T15:48:03,like
r0011792,post000799,u00187,2025-04-06T15:51:03,like
r0011793,post000816,u00190,2025-04-06T15:54:58,like
r0011794,post000825,u00040,2025-04-06T15:55:24,like
r0011795,post000802,u00093,2025-04-06T15:57:16,like
r0011796,post000824,u00210,2025-04-06T16:01:44,like
r0011797,post000785,u00252,2025-04-06T16:06:55,like
r0011798,post000808,u00212,2025-04-06T16:07:11,like
r0011799,post000789,u00221,2025-04-06T16:13:54,like
r0011800,post000769,u00293,2025-04-06T16:18:48,like
r0011801,post000780,u00249,2025-04-06T16:19:06,insightful
r0011802,post000776,u00083,2025-04-06T16:30:32,like
r0011803,post000823,u00330,2025-04-06T16:32:55,like
r0011804,post000788,u00318,2025-04-06T16:40:45,like
r0011805,post000806,u00036,2025-04-06T16:59:24,like
r0011806,post000771,u00035,2025-04-06T17:02:56,like
r0011807,post000799,u00206,2025-04-06T17:20:16,support
r0011808,post000819,u00369,2025-04-06T17:21:08,insightful
r0011809,post000769,u00226,2025-04-06T17:34:22,like
r0011810,post000774,u00209,2025-04-06T17:47:25,like
r0011811,post000812,u00349,2025-04-06T17:51:25,like
r0011812,post000828,u00031,2025-04-06T17:55:05,like
r0011813,post000816,u00174,2025-04-06T18:10:05,like
r0011814,post000790,u00153,2025-04-06T18:26:28,like
r0011815,post000772,u00098,2025-04-06T18:36:42,like
r0011816,post000815,u00382,2025-04-06T18:38:09,like
r0011817,post000797,u00394,2025-04-06T18:51:44,like
r0011818,post000796,u00031,2025-04-06T19:24:56,insightful
r0011819,post000778,u00252,2025-04-06T19:28:27,like
r0011820,post000799,u00369,2025-04-06T20:03:11,like
r0011821,post000815,u00376,2025-04-06T20:22:28,like
r0011822,post000808,u00083,2025-04-06T20:23:45,like
r0011823,post000797,u00012,2025-04-06T20:51:06,like
r0011824,post000799,u00120,2025-04-06T20:52:47,like
r0011825,post000815,u00158,2025-04-06T21:04:24,like
r0011826,post000798,u00354,2025-04-06T21:32:50,support
r0011827,post000792,u00348,2025-04-06T21:39:15,celebrate
r0011828,post000787,u00354,2025-04-06T21:45:23,like
r0011829,post000826,u00349,2025-04-06T22:03:16,like
r0011830,post000813,u00027,2025-04-06T22:14:13,like
r0011831,post000772,u00249,2025-04-06T22:31:42,like
r0011832,post000776,u00098,2025-04-06T22:32:05,like
r0011833,post000816,u00174,2025-04-06T22:35:53,like
r0011834,post000793,u00053,2025-04-06T22:47:08,like
r0011835,post000792,u00120,2025-04-06T22:53:02,like
r0011836,post000796,u00144,2025-04-06T23:09:53,celebrate
r0011837,post000823,u00230,2025-04-06T23:12:40,like
r0011838,post000809,u00325,2025-04-06T23:14:55,like
r0011839,post000805,u00187,2025-04-06T23:19:30,support
r0011840,post000773,u00253,2025-04-06T23:35:26,insightful
r0011841,post000799,u00087,2025-04-06T23:37:43,like
r0011842,post000773,u00329,2025-04-06T23:39:18,support
r0011843,post000794,u00096,2025-04-06T23:56:58,celebrate
r0011844,post000806,u00096,2025-04-07T00:00:00,insightful
r0011845,post000802,u00308,2025-04-07T00:02:04,support
r0011846,post000806,u00039,2025-04-07T00:05:19,like
r0011847,post000789,u00360,2025-04-07T00:09:12,support
r0011848,post000810,u00098,2025-04-07T00:22:10,like
r0011849,post000773,u00276,2025-04-07T00:25:44,like
r0011850,post000788,u00291,2025-04-07T00:29:56,like
r0011851,post000807,u00187,2025-04-07T00:39:33,like
r0011852,post000781,u00066,2025-04-07T00:49:39,like
r0011853,post000798,u00221,2025-04-07T00:59:58,like
r0011854,post000807,u00157,2025-04-07T01:07:10,like
r0011855,post000824,u00003,2025-04-07T01:24:05,like
r0011856,post000791,u00020,2025-04-07T01:25:29,like
r0011857,post000793,u00107,2025-04-07T01:26:27,like
r0011858,post000784,u00123,2025-04-07T01:30:44,like
r0011859,post000830,u00097,2025-04-07T01:34:41,support
r0011860,post000814,u00041,2025-04-07T01:37:30,like
r0011861,post000789,u00057,2025-04-07T01:42:39,like
r0011862,post000789,u00013,2025-04-07T01:43:48,like
r0011863,post000787,u00035,2025-04-07T01:49:33,like
r0011864,post000827,u00192,2025-04-07T01:59:46,like
r0011865,post000791,u00260,2025-04-07T02:03:24,support
r0011866,post000809,u00234,2025-04-07T02:11:07,support
r0011867,post000804,u00203,2025-04-07T02:12:44,like
r0011868,post000787,u00317,2025-04-07T02:16:09,celebrate
r0011869,post000774,u00366,2025-04-07T02:18:40,like
r0011870,post000826,u00003,2025-04-07T02:36:01,like
r0011871,post000821,u00031,2025-04-07T02:36:27,like
r0011872,post000775,u00011,2025-04-07T02:43:16,like
r0011873,post000789,u00287,2025-04-07T02:51:17,like
r0011874,post000809,u00098,2025-04-07T02:58:48,celebrate
r0011875,post000771,u00294,2025-04-07T03:15:07,like
r0011876,post000823,u00241,2025-04-07T03:16:04,like
r0011877,post000786,u00249,2025-04-07T03:29:35,like
r0011878,post000804,u00087,2025-04-07T03:34:09,like
r0011879,post000814,u00117,2025-04-07T03:46:00,like
r0011880,post000785,u00205,2025-04-07T03:49:42,like
r0011881,post000801,u00006,2025-04-07T04:17:21,like
r0011882,post000821,u00196,2025-04-07T04:18:30,like
r0011883,post000778,u00394,2025-04-07T04:30:41,like
r0011884,post000823,u00245,2025-04-07T04:43:41,like
r0011885,post000783,u00054,2025-04-07T04:57:55,like
r0011886,post000771,u00252,2025-04-07T05:13:15,like
r0011887,post000794,u00339,2025-04-07T05:20:37,like
r0011888,post000802,u00308,2025-04-07T05:21:50,like
r0011889,post000781,u00050,2025-04-07T05:34:07,like
r0011890,post000807,u00363,2025-04-07T05:38:00,like
r0011891,post000772,u00185,2025-04-07T05:44:35,like
r0011892,post000789,u00317,2025-04-07T05:52:59,insightful
r0011893,post000803,u00274,2025-04-07T05:58:07,celebrate
r0011894,post000825,u00326,2025-04-07T06:01:12,like
r0011895,post000800,u00174,2025-04-07T06:13:45,like
r0011896,post000809,u00210,2025-04-07T06:19:08,like
r0011897,post000828,u00373,2025-04-07T06:19:36,like
r0011898,post000817,u00146,2025-04-07T06:24:32,like
r0011899,post000809,u00241,2025-04-07T06:30:37,like
r0011900,post000801,u00039,2025-04-07T06:33:34,like
r0011901,post000812,u00098,2025-04-07T06:48:52,like
r0011902,post000793,u00054,2025-04-07T06:52:05,support
r0011903,post000777,u00089,2025-04-07T06:55:20,like
r0011904,post000822,u00073,2025-04-07T06:56:45,like
r0011905,post000782,u00156,2025-04-07T06:57:10,support
r0011906,post000816,u00170,2025-04-07T06:57:39,like
r0011907,post000792,u00211,2025-04-07T06:57:48,like
r0011908,post000814,u00190,2025-04-07T07:01:43,like
r0011909,post000796,u00268,2025-04-07T07:04:12,like
r0011910,post000809,u00039,2025-04-07T07:09:21,support
r0011911,post000827,u00262,2025-04-07T07:26:31,like
r0011912,post000783,u00231,2025-04-07T07:40:55,like
r0011913,post000787,u00352,2025-04-07T07:41:57,like
r0011914,post000800,u00097,2025-04-07T07:47:04,like
r0011915,post000825,u00354,2025-04-07T07:53:51,like
r0011916,post000808,u00341,2025-04-07T07:56:14,like
r0011917,post000816,u00238,2025-04-07T07:57:42,like
r0011918,post000826,u00291,2025-04-07T07:59:28,like
r0011919,post000799,u00170,2025-04-07T08:02:05,like
r0011920,post000832,u00333,2025-04-07T08:02:26,like
r0011921,post000830,u00311,2025-04-07T08:02:42,support
r0011922,post000816,u00021,2025-04-07T08:04:46,like
r0011923,post000801,u00204,2025-04-07T08:07:44,like
r0011924,post000776,u00281,2025-04-07T08:08:06,support
r0011925,post000818,u00140,2025-04-07T08:13:06,insightful
r0011926,post000807,u00180,2025-04-07T08:14:56,like
r0011927,post000794,u00259,2025-04-07T08:17:33,like
r0011928,post000796,u00132,2025-04-07T08:21:35,like
r0011929,post000792,u00083,2025-04-07T08:21:46,support
r0011930,post000797,u00190,2025-04-07T08:23:40,like
r0011931,post000779,u00317,2025-04-07T08:25:31,like
r0011932,post000783,u00132,2025-04-07T08:25:47,like
r0011933,post000814,u00376,2025-04-07T08:29:50,like
r0011934,post000802,u00262,2025-04-07T08:30:39,like
r0011935,post000797,u00117,2025-04-07T08:32:27,like
r0011936,post000780,u00074,2025-04-07T08:35:26,like
r0011937,post000779,u00087,2025-04-07T08:38:45,like
r0011938,post000820,u00369,2025-04-07T08:44:45,celebrate
r0011939,post000790,u00118,2025-04-07T08:46:04,like
r0011940,post000801,u00256,2025-04-07T08:54:51,insightful
r0011941,post000796,u00029,2025-04-07T08:55:09,like
r0011942,post000816,u00280,2025-04-07T08:55:10,support
r0011943,post000788,u00268,2025-04-07T08:55:29,like
r0011944,post000801,u00023,2025-04-07T08:55:41,support
r0011945,post000812,u00351,2025-04-07T08:56:27,like
r0011946,post000806,u00098,2025-04-07T08:56:57,like
r0011947,post000796,u00159,2025-04-07T09:02:46,like
r0011948,post000820,u00263,2025-04-07T09:02:58,insightful
r0011949,post000834,u00281,2025-04-07T09:03:42,like
r0011950,post000791,u00312,2025-04-07T09:04:09,like
r0011951,post000809,u00249,2025-04-07T09:05:34,insightful
r0011952,post000797,u00023,2025-04-07T09:06:01,like
r0011953,post000803,u00087,2025-04-07T09:06:14,like
r0011954,post000788,u00024,2025-04-07T09:06:32,like
r0011955,post000780,u00268,2025-04-07T09:08:44,like
r0011956,post000793,u00339,2025-04-07T09:08:47,like
r0011957,post000811,u00023,2025-04-07T09:14:29,like
r0011958,post000814,u00006,2025-04-07T09:17:46,like
r0011959,post000788,u00352,2025-04-07T09:24:16,like
r0011960,post000804,u00102,2025-04-07T09:25:10,like
r0011961,post000828,u00305,2025-04-07T09:26:02,like
r0011962,post000798,u00020,2025-04-07T09:27:26,like
r0011963,post000797,u00330,2025-04-07T09:29:08,insightful
r0011964,post000777,u00254,2025-04-07T09:42:42,like
r0011965,post000781,u00350,2025-04-07T09:43:34,like
r0011966,post000812,u00107,2025-04-07T09:44:34,support
r0011967,post000791,u00037,2025-04-07T09:45:02,like
r0011968,post000790,u00050,2025-04-07T09:45:03,celebrate
r0011969,post000816,u00101,2025-04-07T09:47:00,celebrate
r0011970,post000813,u00174,2025-04-07T09:47:48,like
r0011971,post000831,u00074,2025-04-07T09:50:40,like
r0011972,post000787,u00317,2025-04-07T09:52:45,support
r0011973,post000828,u00291,2025-04-07T09:54:55,like
r0011974,post000832,u00218,2025-04-07T09:58:07,like
r0011975,post000783,u00003,2025-04-07T10:00:20,insightful
r0011976,post000829,u00159,2025-04-07T10:03:27,like
r0011977,post000786,u00003,2025-04-07T10:04:06,like
r0011978,post000796,u00031,2025-04-07T10:07:09,celebrate
r0011979,post000787,u00350,2025-04-07T10:07:32,celebrate
r0011980,post000819,u00252,2025-04-07T10:09:35,celebrate
r0011981,post000807,u00221,2025-04-07T10:10:23,like
r0011982,post000802,u00073,2025-04-07T10:11:37,insightful
r0011983,post000828,u00060,2025-04-07T10:12:13,like
r0011984,post000825,u00191,2025-04-07T10:12:52,like
r0011985,post000800,u00326,2025-04-07T10:13:56,like
r0011986,post000819,u00314,2025-04-07T10:16:09,like
r0011987,post000822,u00161,2025-04-07T10:17:28,insightful
r0011988,post000792,u00050,2025-04-07T10:20:53,like
r0011989,post000780,u00006,2025-04-07T10:23:25,like
r0011990,post000813,u00204,2025-04-07T10:23:37,support
r0011991,post000811,u00082,2025-04-07T10:23:53,like
r0011992,post000825,u00089,2025-04-07T10:24:14,like
r0011993,post000827,u00205,2025-04-07T10:26:30,like
r0011994,post000785,u00090,2025-04-07T10:28:29,like
r0011995,post000827,u00374,2025-04-07T10:32:50,like
r0011996,post000832,u00231,2025-04-07T10:32:59,like
r0011997,post000819,u00221,2025-04-07T10:40:28,like
r0011998,post000796,u00011,2025-04-07T10:42:55,like
r0011999,post000817,u00341,2025-04-07T10:43:10,like
r0012000,post000823,u00039,2025-04-07T10:45:06,celebrate
r0012001,post000787,u00028,2025-04-07T10:45:16,celebrate
r0012002,post000834,u00156,2025-04-07T10:46:47,like
r0012003,post000830,u00105,2025-04-07T10:47:44,like
r0012004,post000816,u00117,2025-04-07T10:50:29,like
r0012005,post000819,u00211,2025-04-07T10:55:23,celebrate
r0012006,post000819,u00193,2025-04-07T10:56:51,like
r0012007,post000820,u00156,2025-04-07T10:58:14,like
r0012008,post000838,u00146,2025-04-07T11:02:12,celebrate
r0012009,post000796,u00328,2025-04-07T11:03:06,support
r0012010,post000809,u00175,2025-04-07T11:03:38,celebrate
r0012011,post000806,u00241,2025-04-07T11:06:32,like
r0012012,post000825,u00314,2025-04-07T11:09:03,like
r0012013,post000796,u00035,2025-04-07T11:09:14,like
r0012014,post000796,u00343,2025-04-07T11:10:00,insightful
r0012015,post000837,u00204,2025-04-07T11:11:11,like
r0012016,post000791,u00083,2025-04-07T11:11:31,like
r0012017,post000788,u00246,2025-04-07T11:15:10,celebrate
r0012018,post000783,u00259,2025-04-07T11:15:34,insightful
r0012019,post000821,u00194,2025-04-07T11:20:21,celebrate
r0012020,post000815,u00073,2025-04-07T11:22:07,like
r0012021,post000806,u00221,2025-04-07T11:26:21,insightful
r0012022,post000841,u00103,2025-04-07T11:26:42,like
r0012023,post000825,u00058,2025-04-07T11:27:51,like
r0012024,post000802,u00024,2025-04-07T11:28:24,like
r0012025,post000838,u00006,2025-04-07T11:29:59,like
r0012026,post000792,u00071,2025-04-07T11:31:13,like
r0012027,post000814,u00124,2025-04-07T11:33:03,celebrate
r0012028,post000838,u00192,2025-04-07T11:33:49,like
r0012029,post000826,u00213,2025-04-07T11:35:17,like
r0012030,post000843,u00082,2025-04-07T11:37:13,support
r0012031,post000808,u00276,2025-04-07T11:39:13,like
r0012032,post000787,u00103,2025-04-07T11:39:24,like
r0012033,post000830,u00252,2025-04-07T11:40:37,support
r0012034,post000843,u00031,2025-04-07T11:40:39,celebrate
r0012035,post000823,u00254,2025-04-07T11:43:11,like
r0012036,post000827,u00339,2025-04-07T11:47:07,like
r0012037,post000816,u00235,2025-04-07T11:52:39,like
r0012038,post000795,u00196,2025-04-07T11:53:16,insightful
r0012039,post000823,u00156,2025-04-07T11:53:31,like
r0012040,post000841,u00268,2025-04-07T11:54:24,like
r0012041,post000791,u00231,2025-04-07T11:56:01,support
r0012042,post000842,u00256,2025-04-07T11:56:35,like
r0012043,post000807,u00291,2025-04-07T12:01:58,like
r0012044,post000791,u00328,2025-04-07T12:04:02,celebrate
r0012045,post000810,u00052,2025-04-07T12:04:34,like
r0012046,post000844,u00114,2025-04-07T12:08:57,like
r0012047,post000801,u00062,2025-04-07T12:09:20,like
r0012048,post000797,u00276,2025-04-07T12:10:19,like
r0012049,post000813,u00352,2025-04-07T12:12:43,like
r0012050,post000826,u00140,2025-04-07T12:14:13,like
r0012051,post000830,u00089,2025-04-07T12:15:33,like
r0012052,post000805,u00235,2025-04-07T12:17:46,support
r0012053,post000808,u00011,2025-04-07T12:19:16,like
r0012054,post000829,u00247,2025-04-07T12:19:24,like
r0012055,post000790,u00276,2025-04-07T12:22:49,like
r0012056,post000842,u00194,2025-04-07T12:25:36,like
r0012057,post000818,u00131,2025-04-07T12:27:48,insightful
r0012058,post000799,u00190,2025-04-07T12:28:01,like
r0012059,post000801,u00081,2025-04-07T12:32:59,like
r0012060,post000828,u00146,2025-04-07T12:37:44,like
r0012061,post000825,u00146,2025-04-07T12:38:32,like
r0012062,post000843,u00037,2025-04-07T12:41:47,support
r0012063,post000807,u00010,2025-04-07T12:44:35,like
r0012064,post000838,u00252,2025-04-07T12:46:11,celebrate
r0012065,post000798,u00057,2025-04-07T12:46:45,celebrate
r0012066,post000845,u00146,2025-04-07T12:47:05,support
r0012067,post000847,u00231,2025-04-07T12:47:32,like
r0012068,post000788,u00383,2025-04-07T12:51:46,like
r0012069,post000819,u00187,2025-04-07T12:52:59,like
r0012070,post000792,u00265,2025-04-07T12:53:10,like
r0012071,post000829,u00205,2025-04-07T12:55:53,insightful
r0012072,post000820,u00172,2025-04-07T12:56:26,like
r0012073,post000808,u00343,2025-04-07T12:57:15,like
r0012074,post000821,u00015,2025-04-07T12:59:24,like
r0012075,post000830,u00213,2025-04-07T13:00:24,support
r0012076,post000818,u00118,2025-04-07T13:02:34,like
r0012077,post000836,u00234,2025-04-07T13:06:30,like
r0012078,post000804,u00337,2025-04-07T13:09:07,like
r0012079,post000833,u00231,2025-04-07T13:09:49,like
r0012080,post000837,u00057,2025-04-07T13:11:15,like
r0012081,post000820,u00090,2025-04-07T13:11:33,like
r0012082,post000845,u00365,2025-04-07T13:11:36,like
r0012083,post000835,u00231,2025-04-07T13:12:14,like
r0012084,post000828,u00057,2025-04-07T13:12:39,celebrate
r0012085,post000813,u00352,2025-04-07T13:13:00,like
r0012086,post000803,u00317,2025-04-07T13:13:03,like
r0012087,post000839,u00055,2025-04-07T13:13:56,like
r0012088,post000816,u00135,2025-04-07T13:15:01,like
r0012089,post000818,u00156,2025-04-07T13:19:18,like
r0012090,post000828,u00114,2025-04-07T13:25:43,like
r0012091,post000794,u00037,2025-04-07T13:29:24,support
r0012092,post000800,u00186,2025-04-07T13:36:28,like
r0012093,post000818,u00011,2025-04-07T13:37:23,like
r0012094,post000809,u00031,2025-04-07T13:37:54,like
r0012095,post000815,u00061,2025-04-07T13:40:26,support
r0012096,post000806,u00291,2025-04-07T13:45:42,like
r0012097,post000843,u00190,2025-04-07T13:46:08,insightful
r0012098,post000835,u00146,2025-04-07T13:50:22,like
r0012099,post000791,u00039,2025-04-07T13:52:37,like
r0012100,post000820,u00101,2025-04-07T13:52:54,support
r0012101,post000817,u00276,2025-04-07T13:58:27,like
r0012102,post000828,u00357,2025-04-07T13:59:20,like
r0012103,post000849,u00074,2025-04-07T14:08:10,like
r0012104,post000799,u00373,2025-04-07T14:23:09,like
r0012105,post000817,u00272,2025-04-07T14:24:18,celebrate
r0012106,post000800,u00210,2025-04-07T14:24:21,celebrate
r0012107,post000834,u00213,2025-04-07T14:28:26,like
r0012108,post000835,u00097,2025-04-07T14:28:50,like
r0012109,post000817,u00355,2025-04-07T14:29:54,insightful
r0012110,post000794,u00272,2025-04-07T14:34:52,like
r0012111,post000807,u00097,2025-04-07T14:36:59,like
r0012112,post000802,u00003,2025-04-07T14:38:30,insightful
r0012113,post000841,u00296,2025-04-07T14:40:07,like
r0012114,post000808,u00281,2025-04-07T14:42:54,like
r0012115,post000814,u00187,2025-04-07T14:46:59,like
r0012116,post000820,u00246,2025-04-07T14:48:07,like
r0012117,post000794,u00003,2025-04-07T14:49:26,celebrate
r0012118,post000796,u00281,2025-04-07T14:49:38,support
r0012119,post000851,u00246,2025-04-07T14:52:21,celebrate
r0012120,post000794,u00359,2025-04-07T14:53:21,like
r0012121,post000850,u00265,2025-04-07T14:57:10,like
r0012122,post000805,u00333,2025-04-07T14:59:52,insightful
r0012123,post000796,u00086,2025-04-07T15:00:43,support
r0012124,post000811,u00098,2025-04-07T15:05:39,like
r0012125,post000806,u00132,2025-04-07T15:13:59,like
r0012126,post000794,u00202,2025-04-07T15:18:08,like
r0012127,post000802,u00365,2025-04-07T15:22:38,like
r0012128,post000844,u00373,2025-04-07T15:26:07,support
r0012129,post000820,u00339,2025-04-07T15:28:42,like
r0012130,post000796,u00234,2025-04-07T15:30:56,like
r0012131,post000820,u00311,2025-04-07T15:33:39,support
r0012132,post000808,u00015,2025-04-07T15:34:09,like
r0012133,post000837,u00252,2025-04-07T15:34:58,support
r0012134,post000821,u00376,2025-04-07T15:38:14,celebrate
r0012135,post000829,u00114,2025-04-07T15:44:32,like
r0012136,post000808,u00230,2025-04-07T15:44:41,like
r0012137,post000805,u00125,2025-04-07T15:46:38,like
r0012138,post000828,u00308,2025-04-07T15:48:04,support
r0012139,post000848,u00272,2025-04-07T15:52:52,like
r0012140,post000812,u00260,2025-04-07T15:53:03,like
r0012141,post000825,u00089,2025-04-07T15:54:03,like
r0012142,post000831,u00055,2025-04-07T16:00:58,insightful
r0012143,post000819,u00210,2025-04-07T16:01:43,like
r0012144,post000842,u00159,2025-04-07T16:06:06,like
r0012145,post000807,u00140,2025-04-07T16:06:50,celebrate
r0012146,post000852,u00315,2025-04-07T16:07:53,support
r0012147,post000839,u00023,2025-04-07T16:10:58,like
r0012148,post000802,u00089,2025-04-07T16:13:51,like
r0012149,post000831,u00011,2025-04-07T16:14:54,like
r0012150,post000840,u00058,2025-04-07T16:19:40,like
r0012151,post000839,u00003,2025-04-07T16:20:11,like
r0012152,post000797,u00387,2025-04-07T16:21:02,insightful
r0012153,post000804,u00158,2025-04-07T16:21:17,like
r0012154,post000835,u00190,2025-04-07T16:22:48,like
r0012155,post000822,u00350,2025-04-07T16:26:05,like
r0012156,post000812,u00117,2025-04-07T16:48:34,like
r0012157,post000843,u00094,2025-04-07T17:05:10,like
r0012158,post000796,u00246,2025-04-07T17:08:41,like
r0012159,post000829,u00060,2025-04-07T17:16:56,like
r0012160,post000826,u00252,2025-04-07T17:19:45,like
r0012161,post000803,u00221,2025-04-07T17:23:07,like
r0012162,post000816,u00234,2025-04-07T17:30:14,support
r0012163,post000831,u00055,2025-04-07T17:33:39,like
r0012164,post000808,u00013,2025-04-07T17:36:26,celebrate
r0012165,post000855,u00117,2025-04-07T17:47:10,like
r0012166,post000822,u00221,2025-04-07T17:48:58,like
r0012167,post000834,u00210,2025-04-07T17:50:19,support
r0012168,post000848,u00096,2025-04-07T17:53:22,like
r0012169,post000836,u00196,2025-04-07T17:55:42,insightful
r0012170,post000830,u00268,2025-04-07T17:57:06,like
r0012171,post000854,u00156,2025-04-07T17:57:24,like
r0012172,post000839,u00314,2025-04-07T18:02:57,like
r0012173,post000834,u00374,2025-04-07T18:09:05,like
r0012174,post000851,u00360,2025-04-07T18:31:50,like
r0012175,post000840,u00098,2025-04-07T18:33:17,support
r0012176,post000823,u00210,2025-04-07T18:35:46,like
r0012177,post000840,u00057,2025-04-07T18:39:17,like
r0012178,post000848,u00190,2025-04-07T18:54:28,support
r0012179,post000810,u00314,2025-04-07T18:58:00,like
r0012180,post000830,u00376,2025-04-07T18:58:53,support
r0012181,post000800,u00159,2025-04-07T19:04:02,like
r0012182,post000806,u00167,2025-04-07T19:12:12,like
r0012183,post000812,u00185,2025-04-07T19:12:13,like
r0012184,post000835,u00376,2025-04-07T19:21:41,like
r0012185,post000845,u00246,2025-04-07T19:45:39,like
r0012186,post000847,u00301,2025-04-07T19:45:39,like
r0012187,post000825,u00376,2025-04-07T19:52:32,like
r0012188,post000835,u00010,2025-04-07T19:53:40,like
r0012189,post000810,u00383,2025-04-07T19:54:18,like
r0012190,post000843,u00098,2025-04-07T19:55:21,like
r0012191,post000849,u00032,2025-04-07T19:56:36,like
r0012192,post000852,u00039,2025-04-07T20:05:04,like
r0012193,post000824,u00355,2025-04-07T20:05:04,like
r0012194,post000849,u00020,2025-04-07T20:07:12,support
r0012195,post000849,u00205,2025-04-07T20:28:50,like
r0012196,post000816,u00185,2025-04-07T20:29:21,celebrate
r0012197,post000859,u00249,2025-04-07T20:35:12,like
r0012198,post000839,u00227,2025-04-07T20:35:57,like
r0012199,post000838,u00194,2025-04-07T20:48:22,like
r0012200,post000837,u00159,2025-04-07T20:55:26,like
r0012201,post000855,u00124,2025-04-07T20:57:19,celebrate
r0012202,post000825,u00054,2025-04-07T20:58:57,like
r0012203,post000812,u00035,2025-04-07T21:02:04,like
r0012204,post000832,u00035,2025-04-07T21:06:29,like
r0012205,post000849,u00192,2025-04-07T21:13:11,support
r0012206,post000846,u00034,2025-04-07T21:21:30,like
r0012207,post000839,u00326,2025-04-07T21:24:27,insightful
r0012208,post000809,u00087,2025-04-07T21:30:22,insightful
r0012209,post000828,u00235,2025-04-07T21:50:33,like
r0012210,post000804,u00174,2025-04-07T21:51:02,like
r0012211,post000828,u00057,2025-04-07T21:59:35,like
r0012212,post000825,u00105,2025-04-07T21:59:49,like
r0012213,post000858,u00301,2025-04-07T22:11:34,support
r0012214,post000802,u00123,2025-04-07T22:14:48,like
r0012215,post000824,u00032,2025-04-07T22:17:00,like
r0012216,post000853,u00089,2025-04-07T22:26:52,like
r0012217,post000860,u00098,2025-04-07T22:30:21,like
r0012218,post000840,u00003,2025-04-07T22:31:52,insightful
r0012219,post000838,u00156,2025-04-07T23:07:36,like
r0012220,post000831,u00246,2025-04-07T23:19:41,like
r0012221,post000844,u00039,2025-04-07T23:29:31,like
r0012222,post000845,u00241,2025-04-07T23:47:01,like
r0012223,post000841,u00191,2025-04-07T23:58:14,like
r0012224,post000854,u00107,2025-04-08T00:08:22,like
r0012225,post000821,u00337,2025-04-08T00:11:21,like
r0012226,post000808,u00046,2025-04-08T00:18:13,like
r0012227,post000844,u00308,2025-04-08T00:22:08,like
r0012228,post000855,u00025,2025-04-08T00:29:04,celebrate
r0012229,post000805,u00260,2025-04-08T00:31:36,like
r0012230,post000825,u00308,2025-04-08T00:33:27,celebrate
r0012231,post000823,u00221,2025-04-08T00:37:09,like
r0012232,post000816,u00237,2025-04-08T00:37:41,like
r0012233,post000855,u00335,2025-04-08T00:53:36,like
r0012234,post000816,u00225,2025-04-08T00:54:55,like
r0012235,post000810,u00253,2025-04-08T01:02:38,support
r0012236,post000864,u00023,2025-04-08T01:05:56,like
r0012237,post000806,u00129,2025-04-08T01:10:59,like
r0012238,post000817,u00241,2025-04-08T01:11:20,like
r0012239,post000854,u00071,2025-04-08T01:14:05,insightful
r0012240,post000854,u00146,2025-04-08T01:15:40,like
r0012241,post000862,u00260,2025-04-08T01:21:33,like
r0012242,post000817,u00265,2025-04-08T01:22:31,celebrate
r0012243,post000856,u00063,2025-04-08T01:27:24,like
r0012244,post000863,u00286,2025-04-08T01:28:16,like
r0012245,post000852,u00352,2025-04-08T01:31:34,like
r0012246,post000855,u00036,2025-04-08T01:36:04,like
r0012247,post000807,u00351,2025-04-08T01:39:26,like
r0012248,post000844,u00265,2025-04-08T01:41:49,like
r0012249,post000833,u00308,2025-04-08T01:46:45,celebrate
r0012250,post000844,u00317,2025-04-08T01:48:15,like
r0012251,post000818,u00037,2025-04-08T02:04:22,like
r0012252,post000843,u00055,2025-04-08T02:10:48,like
r0012253,post000855,u00036,2025-04-08T02:20:30,celebrate
r0012254,post000819,u00057,2025-04-08T02:24:17,insightful
r0012255,post000858,u00381,2025-04-08T02:27:29,like
r0012256,post000861,u00046,2025-04-08T02:33:34,like
r0012257,post000837,u00377,2025-04-08T02:34:30,support
r0012258,post000830,u00157,2025-04-08T02:35:39,insightful
r0012259,post000823,u00380,2025-04-08T02:37:44,like
r0012260,post000816,u00159,2025-04-08T02:43:46,like
r0012261,post000857,u00141,2025-04-08T02:44:24,like
r0012262,post000845,u00080,2025-04-08T02:45:53,celebrate
r0012263,post000862,u00159,2025-04-08T02:57:26,like
r0012264,post000841,u00355,2025-04-08T03:01:06,like
r0012265,post000825,u00305,2025-04-08T03:01:56,support
r0012266,post000805,u00299,2025-04-08T03:02:24,like
r0012267,post000850,u00351,2025-04-08T03:04:17,like
r0012268,post000856,u00010,2025-04-08T03:05:45,like
r0012269,post000861,u00250,2025-04-08T03:06:51,insightful
r0012270,post000858,u00150,2025-04-08T03:07:42,like
r0012271,post000830,u00335,2025-04-08T03:08:51,like
r0012272,post000838,u00380,2025-04-08T03:13:14,like
r0012273,post000853,u00381,2025-04-08T03:13:29,like
r0012274,post000852,u00245,2025-04-08T03:34:05,like
r0012275,post000819,u00055,2025-04-08T03:44:33,celebrate
r0012276,post000818,u00187,2025-04-08T03:46:28,like
r0012277,post000810,u00185,2025-04-08T03:49:50,like
r0012278,post000865,u00274,2025-04-08T03:56:25,support
r0012279,post000828,u00271,2025-04-08T03:57:51,like
r0012280,post000815,u00003,2025-04-08T03:59:33,like
r0012281,post000813,u00395,2025-04-08T03:59:42,like
r0012282,post000824,u00282,2025-04-08T04:04:41,like
r0012283,post000823,u00036,2025-04-08T04:28:30,like
r0012284,post000807,u00321,2025-04-08T04:51:51,like
r0012285,post000827,u00123,2025-04-08T04:56:13,insightful
r0012286,post000854,u00352,2025-04-08T04:56:41,like
r0012287,post000816,u00355,2025-04-08T05:00:10,insightful
r0012288,post000858,u00098,2025-04-08T05:14:00,like
r0012289,post000845,u00358,2025-04-08T05:15:26,celebrate
r0012290,post000827,u00141,2025-04-08T05:34:39,like
r0012291,post000832,u00249,2025-04-08T05:37:05,insightful
r0012292,post000815,u00010,2025-04-08T05:49:03,like
r0012293,post000831,u00237,2025-04-08T05:50:03,like
r0012294,post000845,u00124,2025-04-08T05:51:17,like
r0012295,post000834,u00160,2025-04-08T05:53:24,celebrate
r0012296,post000816,u00352,2025-04-08T05:56:29,like
r0012297,post000845,u00080,2025-04-08T05:59:31,like
r0012298,post000843,u00157,2025-04-08T06:05:13,like
r0012299,post000862,u00024,2025-04-08T06:27:55,like
r0012300,post000829,u00301,2025-04-08T06:29:01,celebrate
r0012301,post000821,u00088,2025-04-08T06:47:19,insightful
r0012302,post000820,u00036,2025-04-08T06:57:32,like
r0012303,post000850,u00317,2025-04-08T07:09:21,celebrate
r0012304,post000860,u00308,2025-04-08T07:15:54,like
r0012305,post000813,u00185,2025-04-08T07:33:30,like
r0012306,post000822,u00127,2025-04-08T07:37:12,like
r0012307,post000860,u00166,2025-04-08T07:39:58,like
r0012308,post000865,u00127,2025-04-08T07:42:27,support
r0012309,post000827,u00074,2025-04-08T07:43:21,like
r0012310,post000816,u00369,2025-04-08T07:43:48,like
r0012311,post000833,u00037,2025-04-08T07:46:42,like
r0012312,post000826,u00003,2025-04-08T07:54:36,like
r0012313,post000808,u00274,2025-04-08T07:56:56,like
r0012314,post000815,u00073,2025-04-08T08:04:21,like
r0012315,post000838,u00360,2025-04-08T08:04:40,like
r0012316,post000808,u00117,2025-04-08T08:08:11,like
r0012317,post000862,u00185,2025-04-08T08:15:29,like
r0012318,post000860,u00055,2025-04-08T08:17:00,celebrate
r0012319,post000831,u00033,2025-04-08T08:20:37,like
r0012320,post000851,u00322,2025-04-08T08:20:59,like
r0012321,post000832,u00286,2025-04-08T08:23:15,like
r0012322,post000835,u00308,2025-04-08T08:23:44,support
r0012323,post000812,u00185,2025-04-08T08:23:47,like
r0012324,post000816,u00089,2025-04-08T08:36:53,like
r0012325,post000818,u00243,2025-04-08T08:38:17,celebrate
r0012326,post000832,u00343,2025-04-08T08:43:05,celebrate
r0012327,post000838,u00258,2025-04-08T08:44:06,like
r0012328,post000843,u00221,2025-04-08T08:44:28,like
r0012329,post000854,u00313,2025-04-08T08:47:57,celebrate
r0012330,post000850,u00057,2025-04-08T08:49:04,insightful
r0012331,post000845,u00090,2025-04-08T08:50:30,like
r0012332,post000847,u00241,2025-04-08T08:51:04,celebrate
r0012333,post000817,u00187,2025-04-08T08:54:10,like
r0012334,post000815,u00337,2025-04-08T08:57:51,like
r0012335,post000849,u00159,2025-04-08T09:02:51,insightful
r0012336,post000856,u00246,2025-04-08T09:08:05,insightful
r0012337,post000813,u00281,2025-04-08T09:10:29,insightful
r0012338,post000830,u00327,2025-04-08T09:13:53,like
r0012339,post000823,u00055,2025-04-08T09:14:00,like
r0012340,post000811,u00011,2025-04-08T09:20:06,like
r0012341,post000842,u00355,2025-04-08T09:21:32,celebrate
r0012342,post000852,u00117,2025-04-08T09:23:05,like
r0012343,post000818,u00009,2025-04-08T09:23:18,celebrate
r0012344,post000848,u00374,2025-04-08T09:23:19,like
r0012345,post000810,u00034,2025-04-08T09:23:53,like
r0012346,post000826,u00337,2025-04-08T09:23:55,support
r0012347,post000850,u00326,2025-04-08T09:26:41,like
r0012348,post000829,u00083,2025-04-08T09:26:45,support
r0012349,post000811,u00326,2025-04-08T09:30:38,like
r0012350,post000852,u00156,2025-04-08T09:31:19,celebrate
r0012351,post000810,u00183,2025-04-08T09:32:38,celebrate
r0012352,post000859,u00381,2025-04-08T09:34:04,insightful
r0012353,post000858,u00237,2025-04-08T09:36:06,like
r0012354,post000811,u00215,2025-04-08T09:36:27,like
r0012355,post000809,u00242,2025-04-08T09:37:11,like
r0012356,post000860,u00237,2025-04-08T09:42:44,insightful
r0012357,post000829,u00351,2025-04-08T09:43:31,support
r0012358,post000865,u00117,2025-04-08T09:43:58,celebrate
r0012359,post000828,u00132,2025-04-08T09:45:23,celebrate
r0012360,post000852,u00035,2025-04-08T09:47:05,like
r0012361,post000812,u00074,2025-04-08T09:49:34,like
r0012362,post000854,u00285,2025-04-08T09:50:47,like
r0012363,post000815,u00186,2025-04-08T09:54:51,like
r0012364,post000853,u00225,2025-04-08T10:01:12,like
r0012365,post000808,u00369,2025-04-08T10:01:37,support
r0012366,post000826,u00205,2025-04-08T10:01:56,like
r0012367,post000811,u00322,2025-04-08T10:03:23,like
r0012368,post000864,u00310,2025-04-08T10:04:05,like
r0012369,post000819,u00241,2025-04-08T10:06:54,like
r0012370,post000859,u00281,2025-04-08T10:07:03,like
r0012371,post000824,u00221,2025-04-08T10:08:31,celebrate
r0012372,post000866,u00286,2025-04-08T10:10:05,like
r0012373,post000833,u00331,2025-04-08T10:10:37,like
r0012374,post000836,u00009,2025-04-08T10:10:47,like
r0012375,post000829,u00129,2025-04-08T10:11:04,like
r0012376,post000831,u00223,2025-04-08T10:15:29,like
r0012377,post000823,u00022,2025-04-08T10:22:16,like
r0012378,post000854,u00374,2025-04-08T10:25:02,like
r0012379,post000840,u00365,2025-04-08T10:30:58,like
r0012380,post000863,u00185,2025-04-08T10:31:26,like
r0012381,post000817,u00374,2025-04-08T10:32:34,like
r0012382,post000846,u00127,2025-04-08T10:34:08,like
r0012383,post000844,u00192,2025-04-08T10:39:12,like
r0012384,post000867,u00035,2025-04-08T10:39:26,celebrate
r0012385,post000847,u00253,2025-04-08T10:42:23,support
r0012386,post000837,u00212,2025-04-08T10:43:18,support
r0012387,post000838,u00310,2025-04-08T10:49:10,like
r0012388,post000861,u00240,2025-04-08T10:49:19,like
r0012389,post000841,u00301,2025-04-08T10:54:16,celebrate
r0012390,post000834,u00253,2025-04-08T10:59:05,like
r0012391,post000821,u00314,2025-04-08T11:02:29,like
r0012392,post000816,u00231,2025-04-08T11:03:25,like
r0012393,post000828,u00035,2025-04-08T11:03:54,insightful
r0012394,post000818,u00326,2025-04-08T11:06:55,like
r0012395,post000868,u00050,2025-04-08T11:07:02,insightful
r0012396,post000843,u00274,2025-04-08T11:07:51,like
r0012397,post000859,u00205,2025-04-08T11:10:11,like
r0012398,post000870,u00306,2025-04-08T11:10:34,support
r0012399,post000863,u00099,2025-04-08T11:10:57,like
r0012400,post000821,u00240,2025-04-08T11:15:07,like
r0012401,post000848,u00274,2025-04-08T11:20:42,like
r0012402,post000838,u00025,2025-04-08T11:25:15,insightful
r0012403,post000832,u00255,2025-04-08T11:28:13,support
r0012404,post000838,u00281,2025-04-08T11:29:38,like
r0012405,post000817,u00237,2025-04-08T11:30:53,insightful
r0012406,post000842,u00190,2025-04-08T11:30:58,like
r0012407,post000814,u00025,2025-04-08T11:32:28,insightful
r0012408,post000849,u00271,2025-04-08T11:35:51,like
r0012409,post000837,u00114,2025-04-08T11:37:01,like
r0012410,post000850,u00065,2025-04-08T11:39:04,like
r0012411,post000812,u00321,2025-04-08T11:42:35,like
r0012412,post000825,u00190,2025-04-08T11:45:23,like
r0012413,post000829,u00171,2025-04-08T11:46:16,insightful
r0012414,post000820,u00011,2025-04-08T11:50:00,celebrate
r0012415,post000828,u00124,2025-04-08T11:51:44,like
r0012416,post000831,u00140,2025-04-08T12:01:42,insightful
r0012417,post000861,u00185,2025-04-08T12:01:45,like
r0012418,post000829,u00102,2025-04-08T12:01:46,support
r0012419,post000819,u00205,2025-04-08T12:01:53,like
r0012420,post000871,u00314,2025-04-08T12:02:51,insightful
r0012421,post000850,u00314,2025-04-08T12:04:06,like
r0012422,post000862,u00190,2025-04-08T12:04:38,like
r0012423,post000842,u00071,2025-04-08T12:05:50,like
r0012424,post000854,u00055,2025-04-08T12:07:04,like
r0012425,post000850,u00260,2025-04-08T12:08:25,insightful
r0012426,post000842,u00101,2025-04-08T12:13:58,like
r0012427,post000828,u00314,2025-04-08T12:14:05,like
r0012428,post000871,u00281,2025-04-08T12:15:14,support
r0012429,post000821,u00129,2025-04-08T12:15:37,support
r0012430,post000833,u00240,2025-04-08T12:17:45,like
r0012431,post000868,u00382,2025-04-08T12:20:32,like
r0012432,post000843,u00146,2025-04-08T12:23:54,like
r0012433,post000833,u00328,2025-04-08T12:27:44,like
r0012434,post000872,u00114,2025-04-08T12:29:55,like
r0012435,post000829,u00364,2025-04-08T12:33:10,like
r0012436,post000820,u00156,2025-04-08T12:33:15,celebrate
r0012437,post000832,u00326,2025-04-08T12:36:37,like
r0012438,post000818,u00205,2025-04-08T12:40:14,like
r0012439,post000860,u00343,2025-04-08T12:41:07,like
r0012440,post000865,u00246,2025-04-08T12:42:06,celebrate
r0012441,post000835,u00237,2025-04-08T12:43:01,like
r0012442,post000814,u00354,2025-04-08T12:47:42,celebrate
r0012443,post000815,u00205,2025-04-08T12:49:00,like
r0012444,post000845,u00117,2025-04-08T12:51:15,insightful
r0012445,post000822,u00253,2025-04-08T12:53:41,like
r0012446,post000850,u00390,2025-04-08T12:54:39,like
r0012447,post000872,u00380,2025-04-08T12:59:37,like
r0012448,post000841,u00205,2025-04-08T13:00:30,like
r0012449,post000825,u00030,2025-04-08T13:01:49,like
r0012450,post000854,u00129,2025-04-08T13:01:51,like
r0012451,post000814,u00253,2025-04-08T13:02:34,like
r0012452,post000867,u00351,2025-04-08T13:02:43,like
r0012453,post000820,u00129,2025-04-08T13:09:00,like
r0012454,post000858,u00042,2025-04-08T13:09:53,like
r0012455,post000871,u00272,2025-04-08T13:10:25,like
r0012456,post000844,u00282,2025-04-08T13:12:58,like
r0012457,post000838,u00178,2025-04-08T13:13:32,like
r0012458,post000860,u00237,2025-04-08T13:14:13,like
r0012459,post000867,u00231,2025-04-08T13:19:44,like
r0012460,post000864,u00370,2025-04-08T13:26:06,like
r0012461,post000867,u00114,2025-04-08T13:29:01,support
r0012462,post000861,u00254,2025-04-08T13:35:06,support
r0012463,post000829,u00352,2025-04-08T13:40:57,support
r0012464,post000835,u00101,2025-04-08T13:46:55,like
r0012465,post000823,u00159,2025-04-08T13:50:22,like
r0012466,post000870,u00237,2025-04-08T13:50:35,support
r0012467,post000840,u00215,2025-04-08T13:57:55,celebrate
r0012468,post000839,u00378,2025-04-08T13:59:43,celebrate
r0012469,post000821,u00036,2025-04-08T14:02:23,celebrate
r0012470,post000863,u00089,2025-04-08T14:03:02,like
r0012471,post000857,u00272,2025-04-08T14:05:26,like
r0012472,post000824,u00127,2025-04-08T14:05:40,insightful
r0012473,post000837,u00272,2025-04-08T14:08:49,celebrate
r0012474,post000845,u00055,2025-04-08T14:09:57,like
r0012475,post000866,u00148,2025-04-08T14:11:03,support
r0012476,post000875,u00037,2025-04-08T14:21:24,like
r0012477,post000876,u00067,2025-04-08T14:23:39,like
r0012478,post000864,u00335,2025-04-08T14:24:34,support
r0012479,post000861,u00272,2025-04-08T14:28:11,like
r0012480,post000853,u00083,2025-04-08T14:30:56,like
r0012481,post000827,u00037,2025-04-08T14:32:55,like
r0012482,post000874,u00098,2025-04-08T14:38:45,like
r0012483,post000876,u00146,2025-04-08T14:43:28,like
r0012484,post000820,u00044,2025-04-08T14:50:49,like
r0012485,post000829,u00140,2025-04-08T14:51:45,like
r0012486,post000821,u00374,2025-04-08T14:53:39,celebrate
r0012487,post000865,u00240,2025-04-08T14:57:35,like
r0012488,post000823,u00331,2025-04-08T14:58:57,like
r0012489,post000850,u00098,2025-04-08T15:01:34,like
r0012490,post000859,u00046,2025-04-08T15:12:50,celebrate
r0012491,post000857,u00073,2025-04-08T15:13:46,support
r0012492,post000822,u00010,2025-04-08T15:16:35,like
r0012493,post000835,u00370,2025-04-08T15:22:31,like
r0012494,post000834,u00156,2025-04-08T15:25:56,like
r0012495,post000874,u00142,2025-04-08T15:27:14,like
r0012496,post000868,u00236,2025-04-08T15:28:28,like
r0012497,post000853,u00156,2025-04-08T15:33:54,like
r0012498,post000834,u00173,2025-04-08T15:36:56,like
r0012499,post000841,u00185,2025-04-08T15:40:48,insightful
r0012500,post000881,u00250,2025-04-08T15:42:15,like
r0012501,post000874,u00379,2025-04-08T15:45:21,like
r0012502,post000834,u00193,2025-04-08T15:46:50,celebrate
r0012503,post000855,u00037,2025-04-08T15:47:44,like
r0012504,post000870,u00070,2025-04-08T15:49:35,like
r0012505,post000828,u00281,2025-04-08T15:50:07,like
r0012506,post000865,u00308,2025-04-08T15:56:04,like
r0012507,post000837,u00063,2025-04-08T15:56:52,celebrate
r0012508,post000841,u00369,2025-04-08T15:59:04,like
r0012509,post000854,u00083,2025-04-08T15:59:12,support
r0012510,post000877,u00160,2025-04-08T16:01:52,like
r0012511,post000878,u00212,2025-04-08T16:02:57,like
r0012512,post000868,u00165,2025-04-08T16:03:38,like
r0012513,post000831,u00225,2025-04-08T16:04:14,like
r0012514,post000875,u00331,2025-04-08T16:14:54,like
r0012515,post000838,u00063,2025-04-08T16:18:16,like
r0012516,post000845,u00235,2025-04-08T16:20:05,like
r0012517,post000843,u00127,2025-04-08T16:22:27,support
r0012518,post000873,u00190,2025-04-08T16:26:04,like
r0012519,post000859,u00187,2025-04-08T16:34:18,like
r0012520,post000857,u00237,2025-04-08T16:37:59,support
r0012521,post000834,u00361,2025-04-08T16:42:38,like
r0012522,post000843,u00127,2025-04-08T16:56:05,like
r0012523,post000835,u00358,2025-04-08T16:58:28,like
r0012524,post000842,u00156,2025-04-08T16:59:11,like
r0012525,post000871,u00380,2025-04-08T17:08:23,like
r0012526,post000827,u00152,2025-04-08T17:11:33,insightful
r0012527,post000831,u00314,2025-04-08T17:14:10,insightful
r0012528,post000853,u00328,2025-04-08T17:23:37,support
r0012529,post000866,u00011,2025-04-08T17:32:52,like
r0012530,post000850,u00098,2025-04-08T17:43:52,like
r0012531,post000827,u00380,2025-04-08T17:50:44,like
r0012532,post000871,u00274,2025-04-08T17:52:18,support
r0012533,post000828,u00155,2025-04-08T17:58:35,like
r0012534,post000883,u00185,2025-04-08T18:00:56,like
r0012535,post000876,u00006,2025-04-08T18:09:22,like
r0012536,post000863,u00254,2025-04-08T18:19:49,like
r0012537,post000876,u00382,2025-04-08T18:27:21,like
r0012538,post000850,u00003,2025-04-08T18:30:14,celebrate
r0012539,post000882,u00169,2025-04-08T18:30:52,insightful
r0012540,post000853,u00205,2025-04-08T18:31:01,support
r0012541,post000853,u00250,2025-04-08T18:31:08,like
r0012542,post000869,u00317,2025-04-08T18:32:18,like
r0012543,post000836,u00127,2025-04-08T18:37:23,like
r0012544,post000859,u00326,2025-04-08T18:52:58,like
r0012545,post000845,u00080,2025-04-08T18:53:11,support
r0012546,post000868,u00308,2025-04-08T19:01:31,like
r0012547,post000859,u00011,2025-04-08T19:03:47,support
r0012548,post000878,u00036,2025-04-08T19:05:06,like
r0012549,post000872,u00035,2025-04-08T20:10:13,like
r0012550,post000841,u00046,2025-04-08T20:14:08,insightful
r0012551,post000875,u00314,2025-04-08T20:14:36,like
r0012552,post000847,u00173,2025-04-08T20:20:51,like
r0012553,post000837,u00178,2025-04-08T20:24:18,celebrate
r0012554,post000862,u00335,2025-04-08T20:33:22,like
r0012555,post000844,u00114,2025-04-08T20:37:23,like
r0012556,post000881,u00045,2025-04-08T20:37:42,like
r0012557,post000845,u00114,2025-04-08T20:50:03,celebrate
r0012558,post000850,u00117,2025-04-08T20:55:34,like
r0012559,post000880,u00123,2025-04-08T20:57:54,like
r0012560,post000841,u00156,2025-04-08T21:00:01,celebrate
r0012561,post000885,u00062,2025-04-08T21:13:49,like
r0012562,post000829,u00098,2025-04-08T21:19:16,insightful
r0012563,post000857,u00160,2025-04-08T21:20:15,support
r0012564,post000846,u00159,2025-04-08T21:21:17,like
r0012565,post000845,u00098,2025-04-08T21:21:49,celebrate
r0012566,post000833,u00240,2025-04-08T21:24:07,like
r0012567,post000869,u00260,2025-04-08T21:31:07,celebrate
r0012568,post000843,u00246,2025-04-08T21:32:53,support
r0012569,post000868,u00046,2025-04-08T21:52:35,like
r0012570,post000837,u00150,2025-04-08T22:05:56,like
r0012571,post000882,u00157,2025-04-08T22:14:39,like
r0012572,post000885,u00358,2025-04-08T22:18:15,like
r0012573,post000833,u00041,2025-04-08T22:20:07,support
r0012574,post000850,u00156,2025-04-08T22:27:26,celebrate
r0012575,post000877,u00285,2025-04-08T22:28:21,celebrate
r0012576,post000861,u00090,2025-04-08T22:39:30,like
r0012577,post000879,u00335,2025-04-08T22:42:18,insightful
r0012578,post000829,u00255,2025-04-08T22:43:54,insightful
r0012579,post000842,u00371,2025-04-08T22:53:09,like
r0012580,post000886,u00036,2025-04-08T23:12:57,like
r0012581,post000877,u00156,2025-04-08T23:14:51,like
r0012582,post000877,u00190,2025-04-08T23:22:17,insightful
r0012583,post000867,u00037,2025-04-08T23:27:19,celebrate
r0012584,post000839,u00024,2025-04-08T23:28:10,insightful
r0012585,post000870,u00083,2025-04-08T23:31:26,like
r0012586,post000872,u00189,2025-04-08T23:38:58,like
r0012587,post000876,u00126,2025-04-08T23:40:33,like
r0012588,post000867,u00037,2025-04-08T23:44:31,celebrate
r0012589,post000848,u00132,2025-04-08T23:45:20,like
r0012590,post000877,u00036,2025-04-08T23:56:06,like
r0012591,post000886,u00117,2025-04-08T23:57:04,celebrate
r0012592,post000833,u00185,2025-04-09T00:13:15,like
r0012593,post000853,u00238,2025-04-09T00:21:55,like
r0012594,post000838,u00240,2025-04-09T00:25:30,support
r0012595,post000877,u00032,2025-04-09T00:37:10,insightful
r0012596,post000869,u00196,2025-04-09T00:38:46,like
r0012597,post000837,u00397,2025-04-09T00:56:43,like
r0012598,post000862,u00034,2025-04-09T00:59:02,like
r0012599,post000853,u00196,2025-04-09T01:00:15,like
r0012600,post000847,u00274,2025-04-09T01:07:54,like
r0012601,post000870,u00096,2025-04-09T01:08:04,like
r0012602,post000882,u00101,2025-04-09T01:16:14,insightful
r0012603,post000878,u00276,2025-04-09T01:24:03,like
r0012604,post000868,u00150,2025-04-09T01:38:17,celebrate
r0012605,post000849,u00185,2025-04-09T01:54:54,like
r0012606,post000847,u00231,2025-04-09T01:59:15,like
r0012607,post000842,u00221,2025-04-09T02:03:31,celebrate
r0012608,post000842,u00178,2025-04-09T02:12:48,like
r0012609,post000871,u00057,2025-04-09T02:14:57,like
r0012610,post000842,u00083,2025-04-09T02:16:33,like
r0012611,post000862,u00376,2025-04-09T02:23:01,like
r0012612,post000861,u00157,2025-04-09T02:23:53,like
r0012613,post000880,u00225,2025-04-09T02:28:00,celebrate
r0012614,post000890,u00318,2025-04-09T02:28:39,like
r0012615,post000872,u00067,2025-04-09T02:30:25,like
r0012616,post000861,u00196,2025-04-09T02:31:18,like
r0012617,post000831,u00159,2025-04-09T02:50:55,support
r0012618,post000873,u00076,2025-04-09T03:19:25,insightful
r0012619,post000887,u00087,2025-04-09T03:21:10,support
r0012620,post000888,u00117,2025-04-09T03:24:14,like
r0012621,post000882,u00369,2025-04-09T03:27:54,support
r0012622,post000861,u00117,2025-04-09T03:42:47,like
r0012623,post000856,u00117,2025-04-09T03:44:27,like
r0012624,post000862,u00034,2025-04-09T03:45:23,like
r0012625,post000886,u00144,2025-04-09T03:53:15,like
r0012626,post000877,u00108,2025-04-09T04:02:56,like
r0012627,post000886,u00380,2025-04-09T04:07:04,like
r0012628,post000849,u00357,2025-04-09T04:13:53,like
r0012629,post000866,u00071,2025-04-09T04:20:19,insightful
r0012630,post000844,u00096,2025-04-09T04:33:46,like
r0012631,post000876,u00117,2025-04-09T04:34:47,like
r0012632,post000865,u00358,2025-04-09T04:34:59,celebrate
r0012633,post000855,u00335,2025-04-09T04:39:35,like
r0012634,post000880,u00299,2025-04-09T05:08:40,like
r0012635,post000848,u00009,2025-04-09T05:09:26,insightful
r0012636,post000854,u00221,2025-04-09T05:13:30,like
r0012637,post000848,u00196,2025-04-09T05:13:43,celebrate
r0012638,post000849,u00114,2025-04-09T05:14:40,like
r0012639,post000833,u00384,2025-04-09T05:15:26,like
r0012640,post000842,u00105,2025-04-09T05:18:48,like
r0012641,post000859,u00242,2025-04-09T05:25:53,like
r0012642,post000836,u00157,2025-04-09T05:37:46,like
r0012643,post000856,u00054,2025-04-09T05:58:35,celebrate
r0012644,post000851,u00117,2025-04-09T06:02:56,like
r0012645,post000868,u00117,2025-04-09T06:04:45,celebrate
r0012646,post000880,u00083,2025-04-09T06:09:36,like
r0012647,post000853,u00114,2025-04-09T06:11:37,like
r0012648,post000854,u00120,2025-04-09T06:14:21,like
r0012649,post000843,u00163,2025-04-09T06:25:49,celebrate
r0012650,post000873,u00080,2025-04-09T06:28:36,like
r0012651,post000861,u00384,2025-04-09T06:51:54,like
r0012652,post000884,u00101,2025-04-09T06:52:25,support
r0012653,post000868,u00351,2025-04-09T07:01:55,like
r0012654,post000838,u00259,2025-04-09T07:15:19,like
r0012655,post000885,u00196,2025-04-09T07:24:58,celebrate
r0012656,post000879,u00224,2025-04-09T07:30:03,like
r0012657,post000864,u00067,2025-04-09T07:35:49,like
r0012658,post000871,u00082,2025-04-09T07:40:01,like
r0012659,post000852,u00114,2025-04-09T07:40:42,like
r0012660,post000880,u00362,2025-04-09T07:42:50,insightful
r0012661,post000838,u00352,2025-04-09T07:44:01,like
r0012662,post000848,u00170,2025-04-09T07:45:21,like
r0012663,post000865,u00053,2025-04-09T07:50:57,like
r0012664,post000871,u00030,2025-04-09T07:55:55,like
r0012665,post000836,u00308,2025-04-09T08:03:44,like
r0012666,post000851,u00191,2025-04-09T08:04:26,like
r0012667,post000877,u00209,2025-04-09T08:04:36,like
r0012668,post000868,u00264,2025-04-09T08:06:51,support
r0012669,post000858,u00096,2025-04-09T08:12:47,support
r0012670,post000872,u00037,2025-04-09T08:16:21,like
r0012671,post000856,u00335,2025-04-09T08:20:29,like
r0012672,post000874,u00274,2025-04-09T08:20:57,like
r0012673,post000847,u00220,2025-04-09T08:21:42,like
r0012674,post000833,u00343,2025-04-09T08:25:23,like
r0012675,post000851,u00174,2025-04-09T08:26:23,celebrate
r0012676,post000858,u00191,2025-04-09T08:28:11,like
r0012677,post000848,u00111,2025-04-09T08:28:41,like
r0012678,post000879,u00064,2025-04-09T08:31:52,like
r0012679,post000841,u00338,2025-04-09T08:34:11,like
r0012680,post000852,u00175,2025-04-09T08:34:41,like
r0012681,post000861,u00176,2025-04-09T08:35:05,like
r0012682,post000845,u00064,2025-04-09T08:35:10,like
r0012683,post000873,u00060,2025-04-09T08:36:06,like
r0012684,post000875,u00159,2025-04-09T08:37:05,insightful
r0012685,post000844,u00373,2025-04-09T08:39:06,like
r0012686,post000879,u00053,2025-04-09T08:43:58,like
r0012687,post000860,u00117,2025-04-09T08:43:59,insightful
r0012688,post000864,u00046,2025-04-09T08:44:44,like
r0012689,post000885,u00301,2025-04-09T08:44:56,like
r0012690,post000889,u00023,2025-04-09T08:49:37,like
r0012691,post000838,u00308,2025-04-09T08:49:58,like
r0012692,post000850,u00073,2025-04-09T08:56:44,like
r0012693,post000891,u00259,2025-04-09T09:01:30,like
r0012694,post000858,u00341,2025-04-09T09:06:07,like
r0012695,post000879,u00268,2025-04-09T09:08:26,like
r0012696,post000886,u00185,2025-04-09T09:13:28,like
r0012697,post000870,u00063,2025-04-09T09:13:32,insightful
r0012698,post000837,u00140,2025-04-09T09:13:46,insightful
r0012699,post000876,u00373,2025-04-09T09:16:02,like
r0012700,post000843,u00328,2025-04-09T09:16:19,like
r0012701,post000862,u00384,2025-04-09T09:18:28,support
r0012702,post000892,u00339,2025-04-09T09:19:59,celebrate
r0012703,post000855,u00326,2025-04-09T09:20:00,like
r0012704,post000891,u00015,2025-04-09T09:28:13,support
r0012705,post000860,u00263,2025-04-09T09:32:09,support
r0012706,post000882,u00326,2025-04-09T09:32:34,celebrate
r0012707,post000864,u00009,2025-04-09T09:32:43,like
r0012708,post000864,u00335,2025-04-09T09:33:06,like
r0012709,post000839,u00260,2025-04-09T09:33:17,like
r0012710,post000881,u00093,2025-04-09T09:35:11,like
r0012711,post000884,u00131,2025-04-09T09:39:40,like
r0012712,post000887,u00233,2025-04-09T09:40:43,support
r0012713,post000883,u00225,2025-04-09T09:41:36,like
r0012714,post000862,u00209,2025-04-09T09:43:23,like
r0012715,post000872,u00029,2025-04-09T09:45:46,like
r0012716,post000848,u00194,2025-04-09T09:45:47,support
r0012717,post000865,u00385,2025-04-09T09:48:57,like
r0012718,post000840,u00394,2025-04-09T09:54:29,like
r0012719,post000837,u00037,2025-04-09T09:54:55,like
r0012720,post000874,u00107,2025-04-09T09:56:13,like
r0012721,post000877,u00053,2025-04-09T09:56:56,like
r0012722,post000835,u00046,2025-04-09T09:59:22,support
r0012723,post000854,u00174,2025-04-09T10:02:47,celebrate
r0012724,post000851,u00033,2025-04-09T10:05:51,like
r0012725,post000844,u00385,2025-04-09T10:06:00,insightful
r0012726,post000868,u00174,2025-04-09T10:06:44,like
r0012727,post000856,u00048,2025-04-09T10:06:50,like
r0012728,post000889,u00037,2025-04-09T10:07:00,like
r0012729,post000879,u00383,2025-04-09T10:10:08,like
r0012730,post000867,u00263,2025-04-09T10:13:20,insightful
r0012731,post000837,u00066,2025-04-09T10:18:42,support
r0012732,post000890,u00205,2025-04-09T10:21:25,like
r0012733,post000858,u00248,2025-04-09T10:25:26,like
r0012734,post000871,u00224,2025-04-09T10:25:31,support
r0012735,post000839,u00125,2025-04-09T10:28:07,like
r0012736,post000890,u00399,2025-04-09T10:29:18,celebrate
r0012737,post000844,u00362,2025-04-09T10:32:29,like
r0012738,post000839,u00383,2025-04-09T10:32:35,like
r0012739,post000845,u00274,2025-04-09T10:35:04,celebrate
r0012740,post000860,u00370,2025-04-09T10:39:14,like
r0012741,post000851,u00063,2025-04-09T10:42:37,like
r0012742,post000871,u00399,2025-04-09T10:46:01,like
r0012743,post000869,u00166,2025-04-09T10:46:11,like
r0012744,post000884,u00099,2025-04-09T10:49:37,like
r0012745,post000871,u00079,2025-04-09T10:52:09,insightful
r0012746,post000881,u00014,2025-04-09T10:53:11,insightful
r0012747,post000851,u00227,2025-04-09T10:53:56,like
r0012748,post000891,u00157,2025-04-09T10:54:56,like
r0012749,post000865,u00397,2025-04-09T10:55:34,support
r0012750,post000867,u00290,2025-04-09T10:56:42,like
r0012751,post000842,u00117,2025-04-09T10:59:05,insightful
r0012752,post000841,u00358,2025-04-09T10:59:48,like
r0012753,post000858,u00359,2025-04-09T11:00:13,like
r0012754,post000863,u00114,2025-04-09T11:04:08,insightful
r0012755,post000837,u00251,2025-04-09T11:06:27,like
r0012756,post000866,u00224,2025-04-09T11:08:39,celebrate
r0012757,post000864,u00176,2025-04-09T11:08:59,like
r0012758,post000865,u00160,2025-04-09T11:11:08,like
r0012759,post000887,u00341,2025-04-09T11:12:26,like
r0012760,post000892,u00009,2025-04-09T11:13:25,like
r0012761,post000873,u00064,2025-04-09T11:17:34,like
r0012762,post000894,u00029,2025-04-09T11:21:32,celebrate
r0012763,post000838,u00351,2025-04-09T11:27:00,celebrate
r0012764,post000875,u00052,2025-04-09T11:33:51,like
r0012765,post000846,u00176,2025-04-09T11:36:25,celebrate
r0012766,post000852,u00351,2025-04-09T11:41:51,celebrate
r0012767,post000882,u00352,2025-04-09T11:51:44,like
r0012768,post000893,u00194,2025-04-09T11:53:23,celebrate
r0012769,post000838,u00393,2025-04-09T11:57:45,like
r0012770,post000873,u00066,2025-04-09T12:00:23,like
r0012771,post000869,u00351,2025-04-09T12:00:36,celebrate
r0012772,post000838,u00117,2025-04-09T12:01:03,like
r0012773,post000892,u00196,2025-04-09T12:09:47,like
r0012774,post000847,u00194,2025-04-09T12:11:07,like
r0012775,post000895,u00117,2025-04-09T12:11:07,support
r0012776,post000896,u00399,2025-04-09T12:12:25,celebrate
r0012777,post000846,u00044,2025-04-09T12:13:51,like
r0012778,post000853,u00339,2025-04-09T12:16:55,like
r0012779,post000873,u00159,2025-04-09T12:29:16,celebrate
r0012780,post000861,u00033,2025-04-09T12:31:50,like
r0012781,post000870,u00263,2025-04-09T12:32:12,like
r0012782,post000881,u00339,2025-04-09T12:32:43,insightful
r0012783,post000868,u00384,2025-04-09T12:35:04,like
r0012784,post000861,u00259,2025-04-09T12:39:58,celebrate
r0012785,post000859,u00101,2025-04-09T12:41:20,like
r0012786,post000889,u00125,2025-04-09T12:45:37,celebrate
r0012787,post000848,u00074,2025-04-09T12:46:19,like
r0012788,post000846,u00249,2025-04-09T12:48:18,like
r0012789,post000875,u00033,2025-04-09T12:48:58,like
r0012790,post000872,u00205,2025-04-09T12:50:59,like
r0012791,post000880,u00301,2025-04-09T12:52:52,like
r0012792,post000878,u00263,2025-04-09T12:57:40,insightful
r0012793,post000841,u00310,2025-04-09T13:02:47,celebrate
r0012794,post000854,u00373,2025-04-09T13:03:38,insightful
r0012795,post000845,u00023,2025-04-09T13:05:29,insightful
r0012796,post000852,u00173,2025-04-09T13:11:49,like
r0012797,post000860,u00335,2025-04-09T13:12:17,support
r0012798,post000856,u00117,2025-04-09T13:13:07,celebrate
r0012799,post000883,u00012,2025-04-09T13:14:58,like
r0012800,post000871,u00259,2025-04-09T13:20:05,like
r0012801,post000887,u00205,2025-04-09T13:22:28,like
r0012802,post000865,u00376,2025-04-09T13:23:48,like
r0012803,post000868,u00114,2025-04-09T13:23:50,support
r0012804,post000870,u00264,2025-04-09T13:26:05,like
r0012805,post000854,u00062,2025-04-09T13:28:36,celebrate
r0012806,post000853,u00146,2025-04-09T13:29:25,like
r0012807,post000856,u00131,2025-04-09T13:30:33,like
r0012808,post000841,u00185,2025-04-09T13:33:22,like
r0012809,post000841,u00300,2025-04-09T13:40:02,like
r0012810,post000879,u00360,2025-04-09T13:42:17,like
r0012811,post000871,u00004,2025-04-09T13:43:05,like
r0012812,post000897,u00194,2025-04-09T13:45:32,like
r0012813,post000854,u00015,2025-04-09T13:48:23,like
r0012814,post000897,u00032,2025-04-09T13:52:07,celebrate
r0012815,post000868,u00369,2025-04-09T13:52:20,like
r0012816,post000885,u00339,2025-04-09T13:53:09,insightful
r0012817,post000865,u00224,2025-04-09T13:54:03,like
r0012818,post000869,u00268,2025-04-09T14:04:06,like
r0012819,post000880,u00354,2025-04-09T14:06:26,like
r0012820,post000858,u00227,2025-04-09T14:08:19,like
r0012821,post000851,u00369,2025-04-09T14:08:32,like
r0012822,post000887,u00370,2025-04-09T14:13:02,celebrate
r0012823,post000888,u00160,2025-04-09T14:15:55,like
r0012824,post000861,u00259,2025-04-09T14:17:52,celebrate
r0012825,post000865,u00300,2025-04-09T14:17:58,like
r0012826,post000884,u00291,2025-04-09T14:23:27,like
r0012827,post000851,u00259,2025-04-09T14:25:51,like
r0012828,post000881,u00083,2025-04-09T14:32:09,like
r0012829,post000869,u00073,2025-04-09T14:34:23,celebrate
r0012830,post000897,u00236,2025-04-09T14:34:47,like
r0012831,post000876,u00125,2025-04-09T14:39:05,like
r0012832,post000894,u00125,2025-04-09T14:42:05,like
r0012833,post000842,u00102,2025-04-09T14:44:58,like
r0012834,post000893,u00260,2025-04-09T14:46:32,support
r0012835,post000871,u00016,2025-04-09T14:50:38,support
r0012836,post000882,u00394,2025-04-09T14:51:29,celebrate
r0012837,post000894,u00067,2025-04-09T14:54:57,insightful
r0012838,post000840,u00209,2025-04-09T14:55:59,like
r0012839,post000888,u00159,2025-04-09T14:57:32,support
r0012840,post000895,u00256,2025-04-09T14:57:43,like
r0012841,post000889,u00252,2025-04-09T15:01:20,like
r0012842,post000852,u00259,2025-04-09T15:01:39,support
r0012843,post000877,u00225,2025-04-09T15:02:39,like
r0012844,post000875,u00399,2025-04-09T15:04:17,like
r0012845,post000839,u00194,2025-04-09T15:05:53,celebrate
r0012846,post000853,u00240,2025-04-09T15:05:57,like
r0012847,post000861,u00160,2025-04-09T15:06:58,celebrate
r0012848,post000883,u00027,2025-04-09T15:07:32,like
r0012849,post000855,u00254,2025-04-09T15:07:47,celebrate
r0012850,post000854,u00054,2025-04-09T15:11:01,like
r0012851,post000852,u00159,2025-04-09T15:13:04,celebrate
r0012852,post000850,u00117,2025-04-09T15:13:31,like
r0012853,post000870,u00308,2025-04-09T15:13:38,like
r0012854,post000849,u00362,2025-04-09T15:15:00,support
r0012855,post000873,u00399,2025-04-09T15:16:22,like
r0012856,post000881,u00074,2025-04-09T15:21:42,like
r0012857,post000899,u00120,2025-04-09T15:23:50,insightful
r0012858,post000855,u00120,2025-04-09T15:26:29,like
r0012859,post000868,u00016,2025-04-09T15:27:41,like
r0012860,post000848,u00140,2025-04-09T15:30:12,like
r0012861,post000886,u00260,2025-04-09T15:31:24,insightful
r0012862,post000853,u00185,2025-04-09T15:32:39,support
r0012863,post000858,u00256,2025-04-09T15:32:48,like
r0012864,post000878,u00037,2025-04-09T15:40:03,celebrate
r0012865,post000863,u00105,2025-04-09T15:41:28,insightful
r0012866,post000886,u00197,2025-04-09T15:42:42,like
r0012867,post000860,u00376,2025-04-09T15:43:34,like
r0012868,post000865,u00240,2025-04-09T15:44:32,like
r0012869,post000857,u00046,2025-04-09T15:48:36,like
r0012870,post000887,u00224,2025-04-09T15:48:40,support
r0012871,post000891,u00174,2025-04-09T15:51:02,support
r0012872,post000882,u00240,2025-04-09T15:54:10,like
r0012873,post000840,u00362,2025-04-09T15:55:55,like
r0012874,post000841,u00252,2025-04-09T15:56:17,like
r0012875,post000872,u00040,2025-04-09T15:57:25,insightful
r0012876,post000870,u00140,2025-04-09T16:08:16,celebrate
r0012877,post000857,u00209,2025-04-09T16:13:13,support
r0012878,post000857,u00209,2025-04-09T16:14:19,like
r0012879,post000842,u00040,2025-04-09T16:21:25,insightful
r0012880,post000890,u00085,2025-04-09T16:52:11,celebrate
r0012881,post000886,u00048,2025-04-09T17:04:09,like
r0012882,post000883,u00339,2025-04-09T17:06:09,support
r0012883,post000891,u00073,2025-04-09T17:07:47,like
r0012884,post000847,u00263,2025-04-09T17:08:42,insightful
r0012885,post000883,u00150,2025-04-09T17:11:09,like
r0012886,post000880,u00140,2025-04-09T17:27:20,like
r0012887,post000851,u00108,2025-04-09T17:46:46,like
r0012888,post000879,u00125,2025-04-09T17:50:00,support
r0012889,post000895,u00210,2025-04-09T17:52:40,like
r0012890,post000875,u00057,2025-04-09T18:02:20,like
r0012891,post000855,u00362,2025-04-09T18:15:27,insightful
r0012892,post000868,u00054,2025-04-09T18:17:48,celebrate
r0012893,post000888,u00054,2025-04-09T18:20:00,support
r0012894,post000861,u00263,2025-04-09T18:26:46,like
r0012895,post000851,u00205,2025-04-09T18:35:26,like
r0012896,post000863,u00260,2025-04-09T18:37:00,like
r0012897,post000870,u00210,2025-04-09T18:51:36,like
r0012898,post000871,u00252,2025-04-09T18:58:58,like
r0012899,post000858,u00079,2025-04-09T19:01:47,like
r0012900,post000865,u00114,2025-04-09T19:01:55,like
r0012901,post000850,u00341,2025-04-09T19:03:56,like
r0012902,post000842,u00335,2025-04-09T19:05:28,like
r0012903,post000866,u00335,2025-04-09T19:08:17,like
r0012904,post000859,u00027,2025-04-09T19:18:03,support
r0012905,post000846,u00163,2025-04-09T19:28:38,support
r0012906,post000891,u00185,2025-04-09T19:29:12,like
r0012907,post000886,u00383,2025-04-09T19:29:41,celebrate
r0012908,post000848,u00362,2025-04-09T19:35:31,like
r0012909,post000882,u00015,2025-04-09T19:43:24,like
r0012910,post000868,u00369,2025-04-09T19:49:09,insightful
r0012911,post000872,u00351,2025-04-09T19:50:16,like
r0012912,post000846,u00344,2025-04-09T19:54:24,like
r0012913,post000851,u00326,2025-04-09T19:55:35,celebrate
r0012914,post000889,u00009,2025-04-09T20:23:04,like
r0012915,post000850,u00383,2025-04-09T20:32:51,like
r0012916,post000867,u00096,2025-04-09T20:36:17,celebrate
r0012917,post000871,u00054,2025-04-09T20:39:18,support
r0012918,post000863,u00040,2025-04-09T20:42:03,like
r0012919,post000882,u00021,2025-04-09T20:50:33,support
r0012920,post000850,u00037,2025-04-09T20:51:46,like
r0012921,post000874,u00108,2025-04-09T20:59:08,like
r0012922,post000847,u00268,2025-04-09T21:07:36,like
r0012923,post000891,u00109,2025-04-09T21:08:54,like
r0012924,post000874,u00131,2025-04-09T21:26:51,like
r0012925,post000868,u00276,2025-04-09T21:28:06,support
r0012926,post000866,u00344,2025-04-09T21:35:43,support
r0012927,post000862,u00260,2025-04-09T21:41:28,like
r0012928,post000893,u00240,2025-04-09T21:55:11,like
r0012929,post000884,u00117,2025-04-09T22:02:22,like
r0012930,post000879,u00370,2025-04-09T22:14:16,like
r0012931,post000866,u00259,2025-04-09T22:21:58,like
r0012932,post000855,u00141,2025-04-09T22:22:14,like
r0012933,post000897,u00321,2025-04-09T22:36:20,like
r0012934,post000845,u00053,2025-04-09T22:36:28,like
r0012935,post000865,u00255,2025-04-09T22:39:00,celebrate
r0012936,post000884,u00399,2025-04-09T22:48:20,like
r0012937,post000883,u00302,2025-04-09T22:54:59,like
r0012938,post000850,u00263,2025-04-09T22:58:32,insightful
r0012939,post000863,u00260,2025-04-09T22:58:55,like
r0012940,post000851,u00268,2025-04-09T23:01:15,celebrate
r0012941,post000868,u00397,2025-04-09T23:13:31,insightful
r0012942,post000875,u00339,2025-04-09T23:32:36,like
r0012943,post000859,u00080,2025-04-09T23:37:28,like
r0012944,post000856,u00348,2025-04-09T23:43:27,support
r0012945,post000848,u00023,2025-04-10T00:02:11,like
r0012946,post000854,u00221,2025-04-10T00:04:19,support
r0012947,post000873,u00089,2025-04-10T00:09:35,insightful
r0012948,post000880,u00259,2025-04-10T00:11:01,like
r0012949,post000905,u00185,2025-04-10T00:11:36,support
r0012950,post000867,u00040,2025-04-10T00:26:37,like
r0012951,post000892,u00304,2025-04-10T00:27:07,like
r0012952,post000904,u00031,2025-04-10T00:44:01,like
r0012953,post000861,u00235,2025-04-10T00:45:21,support
r0012954,post000883,u00107,2025-04-10T00:45:35,support
r0012955,post000870,u00168,2025-04-10T00:45:55,like
r0012956,post000901,u00264,2025-04-10T00:56:55,like
r0012957,post000903,u00103,2025-04-10T01:00:40,like
r0012958,post000853,u00267,2025-04-10T01:02:56,like
r0012959,post000898,u00314,2025-04-10T01:13:43,like
r0012960,post000859,u00039,2025-04-10T01:20:15,like
r0012961,post000881,u00235,2025-04-10T01:21:39,like
r0012962,post000850,u00043,2025-04-10T01:22:15,like
r0012963,post000894,u00230,2025-04-10T01:28:23,celebrate
r0012964,post000885,u00108,2025-04-10T01:31:34,like
r0012965,post000870,u00354,2025-04-10T01:37:14,like
r0012966,post000849,u00003,2025-04-10T01:47:21,like
r0012967,post000891,u00211,2025-04-10T01:56:22,like
r0012968,post000853,u00199,2025-04-10T02:01:39,like
r0012969,post000896,u00221,2025-04-10T02:08:28,celebrate
r0012970,post000880,u00399,2025-04-10T02:16:23,like
r0012971,post000904,u00185,2025-04-10T02:24:06,like
r0012972,post000893,u00031,2025-04-10T02:25:18,like
r0012973,post000908,u00235,2025-04-10T02:35:22,like
r0012974,post000877,u00308,2025-04-10T02:37:12,like
r0012975,post000880,u00133,2025-04-10T02:39:33,celebrate
r0012976,post000882,u00156,2025-04-10T02:51:05,like
r0012977,post000866,u00384,2025-04-10T02:53:24,like
r0012978,post000898,u00159,2025-04-10T02:56:23,celebrate
r0012979,post000906,u00023,2025-04-10T03:13:15,celebrate
r0012980,post000903,u00240,2025-04-10T03:22:40,like
r0012981,post000902,u00276,2025-04-10T03:26:28,like
r0012982,post000860,u00003,2025-04-10T03:35:15,like
r0012983,post000880,u00340,2025-04-10T03:41:29,like
r0012984,post000855,u00052,2025-04-10T03:42:23,like
r0012985,post000903,u00003,2025-04-10T03:48:59,like
r0012986,post000909,u00055,2025-04-10T03:59:57,celebrate
r0012987,post000859,u00053,2025-04-10T04:05:56,like
r0012988,post000886,u00194,2025-04-10T04:10:26,like
r0012989,post000853,u00204,2025-04-10T04:19:06,like
r0012990,post000890,u00054,2025-04-10T04:21:55,like
r0012991,post000897,u00120,2025-04-10T04:25:41,like
r0012992,post000861,u00032,2025-04-10T04:27:44,insightful
r0012993,post000887,u00185,2025-04-10T04:28:35,insightful
r0012994,post000864,u00012,2025-04-10T04:33:13,like
r0012995,post000905,u00083,2025-04-10T04:33:22,support
r0012996,post000881,u00185,2025-04-10T05:10:35,like
r0012997,post000902,u00108,2025-04-10T05:11:14,like
r0012998,post000910,u00351,2025-04-10T05:14:44,like
r0012999,post000863,u00205,2025-04-10T05:17:27,like
r0013000,post000865,u00187,2025-04-10T05:28:05,like
r0013001,post000853,u00071,2025-04-10T05:29:14,like
r0013002,post000910,u00117,2025-04-10T05:30:09,like
r0013003,post000909,u00071,2025-04-10T05:30:20,insightful
r0013004,post000902,u00380,2025-04-10T05:32:35,insightful
r0013005,post000890,u00211,2025-04-10T05:34:38,like
r0013006,post000897,u00212,2025-04-10T05:46:39,like
r0013007,post000879,u00339,2025-04-10T05:47:44,like
r0013008,post000887,u00335,2025-04-10T05:58:15,like
r0013009,post000908,u00209,2025-04-10T06:02:30,like
r0013010,post000910,u00052,2025-04-10T06:06:46,celebrate
r0013011,post000906,u00156,2025-04-10T06:07:57,like
r0013012,post000895,u00196,2025-04-10T06:24:23,celebrate
r0013013,post000875,u00335,2025-04-10T06:30:52,like
r0013014,post000865,u00246,2025-04-10T06:38:52,celebrate
r0013015,post000906,u00067,2025-04-10T06:44:09,insightful
r0013016,post000856,u00064,2025-04-10T06:46:21,celebrate
r0013017,post000877,u00029,2025-04-10T06:52:18,like
r0013018,post000886,u00119,2025-04-10T06:55:55,like
r0013019,post000863,u00065,2025-04-10T07:17:33,like
r0013020,post000886,u00090,2025-04-10T07:30:59,celebrate
r0013021,post000860,u00376,2025-04-10T07:32:53,support
r0013022,post000911,u00140,2025-04-10T07:32:55,support
r0013023,post000859,u00352,2025-04-10T07:33:39,like
r0013024,post000868,u00291,2025-04-10T07:34:30,like
r0013025,post000878,u00237,2025-04-10T07:34:40,like
r0013026,post000896,u00065,2025-04-10T07:35:20,support
r0013027,post000861,u00065,2025-04-10T07:35:34,like
r0013028,post000885,u00237,2025-04-10T07:36:42,like
r0013029,post000900,u00117,2025-04-10T07:36:56,insightful
r0013030,post000876,u00225,2025-04-10T07:38:46,like
r0013031,post000904,u00380,2025-04-10T07:43:15,like
r0013032,post000869,u00212,2025-04-10T07:46:38,like
r0013033,post000910,u00259,2025-04-10T07:48:12,like
r0013034,post000856,u00064,2025-04-10T07:48:45,like
r0013035,post000896,u00132,2025-04-10T07:51:01,celebrate
r0013036,post000900,u00089,2025-04-10T07:51:06,like
r0013037,post000874,u00246,2025-04-10T07:51:06,like
r0013038,post000856,u00066,2025-04-10T07:53:05,like
r0013039,post000860,u00080,2025-04-10T07:56:00,like
r0013040,post000862,u00127,2025-04-10T07:57:36,like
r0013041,post000871,u00212,2025-04-10T07:58:21,insightful
r0013042,post000880,u00054,2025-04-10T07:58:33,like
r0013043,post000876,u00049,2025-04-10T08:03:33,like
r0013044,post000909,u00175,2025-04-10T08:06:21,support
r0013045,post000901,u00212,2025-04-10T08:09:09,celebrate
r0013046,post000882,u00004,2025-04-10T08:09:44,like
r0013047,post000885,u00117,2025-04-10T08:10:14,like
r0013048,post000915,u00385,2025-04-10T08:10:43,like
r0013049,post000886,u00102,2025-04-10T08:12:29,like
r0013050,post000864,u00268,2025-04-10T08:12:49,celebrate
r0013051,post000869,u00055,2025-04-10T08:14:01,like
r0013052,post000898,u00325,2025-04-10T08:14:39,like
r0013053,post000899,u00019,2025-04-10T08:19:11,insightful
r0013054,post000866,u00244,2025-04-10T08:20:25,like
r0013055,post000912,u00019,2025-04-10T08:23:08,like
r0013056,post000909,u00156,2025-04-10T08:24:16,support
r0013057,post000861,u00293,2025-04-10T08:26:25,like
r0013058,post000873,u00245,2025-04-10T08:27:09,insightful
r0013059,post000876,u00006,2025-04-10T08:31:26,like
r0013060,post000915,u00212,2025-04-10T08:42:29,like
r0013061,post000874,u00245,2025-04-10T08:44:44,like
r0013062,post000873,u00230,2025-04-10T08:45:18,like
r0013063,post000912,u00016,2025-04-10T08:47:17,celebrate
r0013064,post000881,u00057,2025-04-10T08:48:02,support
r0013065,post000882,u00163,2025-04-10T08:49:18,like
r0013066,post000883,u00205,2025-04-10T08:49:29,like
r0013067,post000860,u00350,2025-04-10T08:52:14,like
r0013068,post000906,u00259,2025-04-10T08:56:54,support
r0013069,post000860,u00127,2025-04-10T09:05:26,insightful
r0013070,post000915,u00052,2025-04-10T09:11:18,like
r0013071,post000863,u00369,2025-04-10T09:12:35,insightful
r0013072,post000900,u00022,2025-04-10T09:15:39,like
r0013073,post000878,u00346,2025-04-10T09:15:59,like
r0013074,post000898,u00291,2025-04-10T09:17:24,like
r0013075,post000862,u00291,2025-04-10T09:17:48,like
r0013076,post000912,u00339,2025-04-10T09:21:54,like
r0013077,post000902,u00310,2025-04-10T09:23:58,insightful
r0013078,post000868,u00234,2025-04-10T09:25:03,like
r0013079,post000905,u00315,2025-04-10T09:25:11,like
r0013080,post000915,u00384,2025-04-10T09:26:51,like
r0013081,post000862,u00205,2025-04-10T09:29:02,like
r0013082,post000903,u00080,2025-04-10T09:29:04,support
r0013083,post000862,u00048,2025-04-10T09:29:53,like
r0013084,post000908,u00072,2025-04-10T09:30:49,like
r0013085,post000872,u00196,2025-04-10T09:34:10,support
r0013086,post000890,u00205,2025-04-10T09:37:53,like
r0013087,post000858,u00187,2025-04-10T09:39:38,celebrate
r0013088,post000866,u00376,2025-04-10T09:40:10,celebrate
r0013089,post000898,u00064,2025-04-10T09:42:32,like
r0013090,post000862,u00244,2025-04-10T09:43:10,like
r0013091,post000860,u00314,2025-04-10T09:49:16,like
r0013092,post000879,u00259,2025-04-10T09:51:19,like
r0013093,post000883,u00262,2025-04-10T09:51:24,like
r0013094,post000898,u00299,2025-04-10T09:55:19,support
r0013095,post000908,u00242,2025-04-10T09:55:48,like
r0013096,post000867,u00197,2025-04-10T09:57:23,like
r0013097,post000869,u00366,2025-04-10T09:58:15,insightful
r0013098,post000875,u00350,2025-04-10T10:00:57,like
r0013099,post000907,u00340,2025-04-10T10:01:11,like
r0013100,post000905,u00352,2025-04-10T10:11:35,like
r0013101,post000900,u00078,2025-04-10T10:13:09,celebrate
r0013102,post000859,u00156,2025-04-10T10:13:27,like
r0013103,post000877,u00339,2025-04-10T10:13:30,insightful
r0013104,post000896,u00132,2025-04-10T10:13:55,like
r0013105,post000899,u00028,2025-04-10T10:14:03,support
r0013106,post000906,u00089,2025-04-10T10:14:32,like
r0013107,post000898,u00006,2025-04-10T10:14:58,like
r0013108,post000880,u00117,2025-04-10T10:17:01,like
r0013109,post000906,u00259,2025-04-10T10:17:56,support
r0013110,post000895,u00043,2025-04-10T10:20:57,like
r0013111,post000894,u00225,2025-04-10T10:22:48,like
r0013112,post000909,u00355,2025-04-10T10:23:01,like
r0013113,post000873,u00246,2025-04-10T10:25:22,like
r0013114,post000881,u00359,2025-04-10T10:25:33,like
r0013115,post000893,u00339,2025-04-10T10:27:31,like
r0013116,post000871,u00107,2025-04-10T10:27:49,like
r0013117,post000877,u00009,2025-04-10T10:30:15,like
r0013118,post000869,u00351,2025-04-10T10:30:53,like
r0013119,post000869,u00351,2025-04-10T10:33:02,like
r0013120,post000912,u00159,2025-04-10T10:33:39,like
r0013121,post000895,u00201,2025-04-10T10:37:38,like
r0013122,post000891,u00340,2025-04-10T10:39:00,like
r0013123,post000871,u00253,2025-04-10T10:39:45,insightful
r0013124,post000862,u00063,2025-04-10T10:41:27,celebrate
r0013125,post000901,u00185,2025-04-10T10:41:29,like
r0013126,post000885,u00003,2025-04-10T10:43:52,like
r0013127,post000879,u00185,2025-04-10T10:45:49,like
r0013128,post000890,u00339,2025-04-10T10:49:45,like
r0013129,post000918,u00101,2025-04-10T10:50:49,like
r0013130,post000876,u00318,2025-04-10T10:51:50,like
r0013131,post000893,u00314,2025-04-10T10:51:57,like
r0013132,post000899,u00242,2025-04-10T10:55:11,like
r0013133,post000894,u00133,2025-04-10T10:55:24,like
r0013134,post000870,u00039,2025-04-10T10:58:42,like
r0013135,post000886,u00031,2025-04-10T11:04:03,celebrate
r0013136,post000896,u00072,2025-04-10T11:13:51,like
r0013137,post000906,u00325,2025-04-10T11:15:36,like
r0013138,post000890,u00260,2025-04-10T11:16:46,celebrate
r0013139,post000908,u00020,2025-04-10T11:18:17,like
r0013140,post000895,u00121,2025-04-10T11:23:06,like
r0013141,post000871,u00046,2025-04-10T11:24:49,like
r0013142,post000881,u00014,2025-04-10T11:26:15,support
r0013143,post000909,u00255,2025-04-10T11:29:50,like
r0013144,post000868,u00308,2025-04-10T11:30:36,like
r0013145,post000894,u00205,2025-04-10T11:31:02,like
r0013146,post000891,u00121,2025-04-10T11:33:25,insightful
r0013147,post000901,u00071,2025-04-10T11:34:12,like
r0013148,post000902,u00152,2025-04-10T11:37:35,like
r0013149,post000911,u00366,2025-04-10T11:38:17,insightful
r0013150,post000894,u00376,2025-04-10T11:45:53,like
r0013151,post000918,u00178,2025-04-10T11:45:55,like
r0013152,post000900,u00211,2025-04-10T11:46:38,insightful
r0013153,post000883,u00061,2025-04-10T11:48:19,like
r0013154,post000904,u00259,2025-04-10T11:52:13,celebrate
r0013155,post000872,u00247,2025-04-10T11:53:36,like
r0013156,post000903,u00274,2025-04-10T11:54:07,like
r0013157,post000884,u00042,2025-04-10T11:54:09,celebrate
r0013158,post000896,u00314,2025-04-10T11:54:54,like
r0013159,post000903,u00156,2025-04-10T11:55:54,support
r0013160,post000864,u00024,2025-04-10T11:57:08,celebrate
r0013161,post000917,u00066,2025-04-10T12:00:18,support
r0013162,post000904,u00256,2025-04-10T12:01:04,support
r0013163,post000890,u00267,2025-04-10T12:06:20,support
r0013164,post000900,u00205,2025-04-10T12:07:03,like
r0013165,post000875,u00355,2025-04-10T12:07:29,like
r0013166,post000866,u00156,2025-04-10T12:08:22,like
r0013167,post000907,u00096,2025-04-10T12:08:35,like
r0013168,post000880,u00163,2025-04-10T12:13:05,like
r0013169,post000881,u00378,2025-04-10T12:15:14,celebrate
r0013170,post000868,u00240,2025-04-10T12:15:50,support
r0013171,post000920,u00225,2025-04-10T12:18:50,celebrate
r0013172,post000890,u00168,2025-04-10T12:19:33,like
r0013173,post000904,u00006,2025-04-10T12:22:00,support
r0013174,post000897,u00096,2025-04-10T12:28:37,like
r0013175,post000900,u00268,2025-04-10T12:29:49,insightful
r0013176,post000884,u00200,2025-04-10T12:29:57,celebrate
r0013177,post000921,u00090,2025-04-10T12:31:49,like
r0013178,post000904,u00295,2025-04-10T12:35:06,like
r0013179,post000873,u00043,2025-04-10T12:37:22,like
r0013180,post000887,u00067,2025-04-10T12:37:31,celebrate
r0013181,post000895,u00260,2025-04-10T12:39:44,like
r0013182,post000872,u00117,2025-04-10T12:40:43,celebrate
r0013183,post000921,u00301,2025-04-10T12:42:58,like
r0013184,post000868,u00250,2025-04-10T12:44:29,support
r0013185,post000881,u00308,2025-04-10T12:44:51,insightful
r0013186,post000914,u00383,2025-04-10T12:48:10,like
r0013187,post000886,u00308,2025-04-10T12:52:25,like
r0013188,post000883,u00065,2025-04-10T12:53:22,support
r0013189,post000876,u00223,2025-04-10T12:59:51,like
r0013190,post000921,u00186,2025-04-10T12:59:57,insightful
r0013191,post000864,u00053,2025-04-10T13:02:03,like
r0013192,post000881,u00124,2025-04-10T13:02:15,like
r0013193,post000907,u00063,2025-04-10T13:02:46,like
r0013194,post000907,u00240,2025-04-10T13:03:27,like
r0013195,post000913,u00230,2025-04-10T13:07:53,like
r0013196,post000922,u00351,2025-04-10T13:10:09,like
r0013197,post000903,u00079,2025-04-10T13:10:55,support
r0013198,post000876,u00193,2025-04-10T13:11:35,like
r0013199,post000874,u00240,2025-04-10T13:12:11,support
r0013200,post000922,u00251,2025-04-10T13:15:44,like
r0013201,post000922,u00274,2025-04-10T13:16:17,celebrate
r0013202,post000865,u00083,2025-04-10T13:19:00,support
r0013203,post000910,u00225,2025-04-10T13:23:39,like
r0013204,post000883,u00156,2025-04-10T13:25:17,like
r0013205,post000890,u00385,2025-04-10T13:25:40,like
r0013206,post000918,u00061,2025-04-10T13:26:01,insightful
r0013207,post000882,u00066,2025-04-10T13:28:27,like
r0013208,post000886,u00078,2025-04-10T13:36:11,like
r0013209,post000917,u00225,2025-04-10T13:39:19,like
r0013210,post000901,u00078,2025-04-10T13:46:27,like
r0013211,post000906,u00399,2025-04-10T13:48:19,support
r0013212,post000891,u00369,2025-04-10T13:50:50,like
r0013213,post000880,u00054,2025-04-10T13:51:11,like
r0013214,post000884,u00392,2025-04-10T13:55:46,like
r0013215,post000869,u00120,2025-04-10T13:57:06,celebrate
r0013216,post000901,u00308,2025-04-10T13:57:54,like
r0013217,post000880,u00039,2025-04-10T14:00:37,support
r0013218,post000893,u00196,2025-04-10T14:02:57,like
r0013219,post000874,u00018,2025-04-10T14:03:25,like
r0013220,post000874,u00215,2025-04-10T14:08:06,like
r0013221,post000919,u00046,2025-04-10T14:12:05,like
r0013222,post000913,u00019,2025-04-10T14:13:12,like
r0013223,post000899,u00390,2025-04-10T14:18:04,like
r0013224,post000904,u00362,2025-04-10T14:18:54,support
r0013225,post000916,u00039,2025-04-10T14:22:01,like
r0013226,post000873,u00064,2025-04-10T14:22:42,like
r0013227,post000866,u00065,2025-04-10T14:25:10,like
r0013228,post000867,u00060,2025-04-10T14:25:53,like
r0013229,post000875,u00003,2025-04-10T14:33:34,like
r0013230,post000914,u00132,2025-04-10T14:33:47,support
r0013231,post000886,u00240,2025-04-10T14:34:37,like
r0013232,post000905,u00140,2025-04-10T14:42:55,support
r0013233,post000920,u00175,2025-04-10T14:43:51,like
r0013234,post000922,u00335,2025-04-10T14:48:04,like
r0013235,post000888,u00031,2025-04-10T14:49:51,celebrate
r0013236,post000918,u00165,2025-04-10T14:50:08,like
r0013237,post000889,u00052,2025-04-10T14:52:30,like
r0013238,post000899,u00046,2025-04-10T14:59:42,like
r0013239,post000900,u00078,2025-04-10T15:00:17,like
r0013240,post000883,u00352,2025-04-10T15:04:38,celebrate
r0013241,post000876,u00127,2025-04-10T15:05:38,support
r0013242,post000914,u00318,2025-04-10T15:06:06,like
r0013243,post000875,u00055,2025-04-10T15:07:07,like
r0013244,post000926,u00237,2025-04-10T15:09:24,like
r0013245,post000878,u00156,2025-04-10T15:11:27,like
r0013246,post000903,u00352,2025-04-10T15:14:58,celebrate
r0013247,post000922,u00335,2025-04-10T15:20:36,like
r0013248,post000899,u00237,2025-04-10T15:21:27,like
r0013249,post000878,u00006,2025-04-10T15:21:34,like
r0013250,post000927,u00192,2025-04-10T15:22:30,insightful
r0013251,post000884,u00018,2025-04-10T15:26:40,celebrate
r0013252,post000926,u00196,2025-04-10T15:27:53,like
r0013253,post000912,u00117,2025-04-10T15:27:58,celebrate
r0013254,post000879,u00031,2025-04-10T15:28:38,like
r0013255,post000905,u00046,2025-04-10T15:30:06,like
r0013256,post000905,u00271,2025-04-10T15:30:08,like
r0013257,post000892,u00344,2025-04-10T15:30:12,like
r0013258,post000883,u00101,2025-04-10T15:35:34,support
r0013259,post000881,u00376,2025-04-10T15:36:21,like
r0013260,post000903,u00052,2025-04-10T15:36:21,celebrate
r0013261,post000896,u00040,2025-04-10T15:38:54,like
r0013262,post000915,u00230,2025-04-10T15:43:59,like
r0013263,post000874,u00156,2025-04-10T15:45:02,like
r0013264,post000890,u00185,2025-04-10T15:46:02,like
r0013265,post000894,u00339,2025-04-10T15:46:17,like
r0013266,post000912,u00156,2025-04-10T15:46:18,like
r0013267,post000926,u00140,2025-04-10T15:51:41,like
r0013268,post000899,u00237,2025-04-10T15:53:30,like
r0013269,post000914,u00376,2025-04-10T15:55:51,support
r0013270,post000894,u00052,2025-04-10T15:58:39,insightful
r0013271,post000920,u00120,2025-04-10T16:01:56,insightful
r0013272,post000878,u00185,2025-04-10T16:10:29,celebrate
r0013273,post000887,u00046,2025-04-10T16:12:24,insightful
r0013274,post000914,u00031,2025-04-10T16:12:27,like
r0013275,post000895,u00187,2025-04-10T16:14:59,insightful
r0013276,post000906,u00053,2025-04-10T16:19:40,like
r0013277,post000927,u00053,2025-04-10T16:27:41,support
r0013278,post000872,u00178,2025-04-10T16:29:02,like
r0013279,post000883,u00052,2025-04-10T16:29:32,insightful
r0013280,post000916,u00153,2025-04-10T16:29:35,like
r0013281,post000923,u00300,2025-04-10T16:42:42,like
r0013282,post000902,u00120,2025-04-10T16:43:30,support
r0013283,post000914,u00144,2025-04-10T16:44:56,like
r0013284,post000870,u00293,2025-04-10T16:56:48,like
r0013285,post000910,u00340,2025-04-10T17:01:16,like
r0013286,post000915,u00088,2025-04-10T17:04:13,insightful
r0013287,post000899,u00267,2025-04-10T17:05:32,like
r0013288,post000889,u00031,2025-04-10T17:08:48,like
r0013289,post000918,u00311,2025-04-10T17:13:44,like
r0013290,post000907,u00156,2025-04-10T17:16:17,like
r0013291,post000906,u00034,2025-04-10T17:16:39,like
r0013292,post000886,u00096,2025-04-10T17:29:50,like
r0013293,post000914,u00078,2025-04-10T17:34:25,like
r0013294,post000900,u00209,2025-04-10T17:42:18,like
r0013295,post000893,u00235,2025-04-10T17:44:05,like
r0013296,post000890,u00311,2025-04-10T17:45:52,like
r0013297,post000884,u00120,2025-04-10T18:08:09,like
r0013298,post000928,u00259,2025-04-10T18:10:18,insightful
r0013299,post000911,u00286,2025-04-10T18:15:25,celebrate
r0013300,post000923,u00114,2025-04-10T18:21:52,like
r0013301,post000892,u00120,2025-04-10T18:21:55,support
r0013302,post000883,u00054,2025-04-10T18:22:56,support
r0013303,post000895,u00197,2025-04-10T18:23:20,celebrate
r0013304,post000876,u00337,2025-04-10T18:24:15,support
r0013305,post000893,u00311,2025-04-10T18:29:33,like
r0013306,post000877,u00299,2025-04-10T19:01:30,like
r0013307,post000916,u00265,2025-04-10T19:02:42,support
r0013308,post000883,u00308,2025-04-10T19:11:14,like
r0013309,post000914,u00090,2025-04-10T19:14:52,insightful
r0013310,post000872,u00133,2025-04-10T19:18:24,celebrate
r0013311,post000912,u00118,2025-04-10T19:18:59,like
r0013312,post000903,u00052,2025-04-10T19:25:56,support
r0013313,post000898,u00209,2025-04-10T19:26:23,insightful
r0013314,post000900,u00299,2025-04-10T19:27:09,like
r0013315,post000884,u00120,2025-04-10T19:31:43,like
r0013316,post000907,u00022,2025-04-10T19:47:33,like
r0013317,post000883,u00156,2025-04-10T19:58:52,like
r0013318,post000922,u00156,2025-04-10T20:08:47,like
r0013319,post000899,u00020,2025-04-10T20:10:50,like
r0013320,post000892,u00325,2025-04-10T20:13:25,like
r0013321,post000872,u00131,2025-04-10T20:13:34,like
r0013322,post000908,u00146,2025-04-10T20:34:17,like
r0013323,post000925,u00203,2025-04-10T20:40:16,like
r0013324,post000929,u00108,2025-04-10T20:44:52,like
r0013325,post000922,u00108,2025-04-10T20:45:21,like
r0013326,post000900,u00185,2025-04-10T20:47:48,like
r0013327,post000898,u00013,2025-04-10T20:53:18,like
r0013328,post000901,u00221,2025-04-10T21:01:31,like
r0013329,post000884,u00276,2025-04-10T21:16:47,like
r0013330,post000912,u00337,2025-04-10T21:22:28,celebrate
r0013331,post000874,u00003,2025-04-10T21:26:40,like
r0013332,post000891,u00132,2025-04-10T21:37:37,like
r0013333,post000887,u00024,2025-04-10T21:55:25,like
r0013334,post000904,u00308,2025-04-10T22:16:20,like
r0013335,post000896,u00006,2025-04-10T22:17:11,like
r0013336,post000909,u00265,2025-04-10T22:27:36,like
r0013337,post000894,u00106,2025-04-10T22:33:51,like
r0013338,post000928,u00144,2025-04-10T22:35:33,like
r0013339,post000916,u00004,2025-04-10T22:44:30,like
r0013340,post000877,u00287,2025-04-10T22:46:07,like
r0013341,post000893,u00055,2025-04-10T22:53:55,like
r0013342,post000888,u00337,2025-04-10T22:56:46,support
r0013343,post000903,u00253,2025-04-10T22:57:58,like
r0013344,post000888,u00204,2025-04-10T23:07:04,like
r0013345,post000905,u00291,2025-04-10T23:17:53,like
r0013346,post000912,u00057,2025-04-10T23:23:42,like
r0013347,post000882,u00197,2025-04-10T23:44:59,like
r0013348,post000887,u00326,2025-04-10T23:46:36,insightful
r0013349,post000925,u00211,2025-04-11T00:00:45,insightful
r0013350,post000919,u00108,2025-04-11T00:17:13,like
r0013351,post000886,u00276,2025-04-11T00:25:14,like
r0013352,post000886,u00054,2025-04-11T00:34:15,like
r0013353,post000905,u00033,2025-04-11T00:44:37,like
r0013354,post000895,u00250,2025-04-11T00:51:31,like
r0013355,post000903,u00168,2025-04-11T01:04:46,like
r0013356,post000905,u00256,2025-04-11T01:08:12,like
r0013357,post000929,u00029,2025-04-11T01:19:25,like
r0013358,post000916,u00362,2025-04-11T01:26:21,support
r0013359,post000911,u00339,2025-04-11T01:27:51,celebrate
r0013360,post000912,u00129,2025-04-11T01:39:46,like
r0013361,post000931,u00098,2025-04-11T01:40:17,like
r0013362,post000883,u00090,2025-04-11T01:42:36,like
r0013363,post000879,u00235,2025-04-11T01:44:52,like
r0013364,post000907,u00090,2025-04-11T01:52:28,like
r0013365,post000907,u00244,2025-04-11T01:52:29,like
r0013366,post000914,u00079,2025-04-11T01:56:22,like
r0013367,post000890,u00306,2025-04-11T02:03:21,like
r0013368,post000910,u00023,2025-04-11T02:04:33,insightful
r0013369,post000878,u00071,2025-04-11T02:08:00,like
r0013370,post000879,u00065,2025-04-11T02:08:23,like
r0013371,post000896,u00380,2025-04-11T02:08:25,like
r0013372,post000931,u00306,2025-04-11T02:10:18,support
r0013373,post000934,u00187,2025-04-11T02:10:25,like
r0013374,post000885,u00271,2025-04-11T02:12:58,like
r0013375,post000930,u00150,2025-04-11T02:16:41,like
r0013376,post000915,u00120,2025-04-11T02:28:41,like
r0013377,post000935,u00335,2025-04-11T02:45:26,support
r0013378,post000926,u00256,2025-04-11T02:49:46,like
r0013379,post000884,u00211,2025-04-11T02:50:28,like
r0013380,post000896,u00080,2025-04-11T02:56:44,like
r0013381,post000878,u00284,2025-04-11T02:59:52,insightful
r0013382,post000919,u00120,2025-04-11T03:08:25,like
r0013383,post000901,u00241,2025-04-11T03:09:14,like
r0013384,post000909,u00260,2025-04-11T03:12:00,like
r0013385,post000880,u00397,2025-04-11T03:23:35,support
r0013386,post000930,u00211,2025-04-11T03:24:37,insightful
r0013387,post000934,u00244,2025-04-11T03:41:29,like
r0013388,post000895,u00108,2025-04-11T03:56:22,like
r0013389,post000885,u00264,2025-04-11T04:05:37,like
r0013390,post000933,u00397,2025-04-11T04:13:27,support
r0013391,post000935,u00032,2025-04-11T04:14:58,insightful
r0013392,post000887,u00015,2025-04-11T04:16:11,like
r0013393,post000890,u00012,2025-04-11T04:18:05,celebrate
r0013394,post000892,u00079,2025-04-11T04:25:21,like
r0013395,post000880,u00105,2025-04-11T04:33:34,like
r0013396,post000936,u00210,2025-04-11T04:40:01,like
r0013397,post000887,u00071,2025-04-11T04:47:23,insightful
r0013398,post000922,u00249,2025-04-11T04:48:20,like
r0013399,post000927,u00117,2025-04-11T04:55:33,support
r0013400,post000898,u00008,2025-04-11T05:01:52,like
r0013401,post000891,u00362,2025-04-11T05:07:09,support
r0013402,post000936,u00126,2025-04-11T05:07:28,like
r0013403,post000930,u00190,2025-04-11T05:11:02,like
r0013404,post000916,u00168,2025-04-11T05:12:24,like
r0013405,post000901,u00150,2025-04-11T05:17:46,like
r0013406,post000894,u00285,2025-04-11T05:21:05,insightful
r0013407,post000897,u00080,2025-04-11T05:26:06,like
r0013408,post000896,u00036,2025-04-11T05:29:53,like
r0013409,post000915,u00052,2025-04-11T05:42:12,celebrate
r0013410,post000891,u00128,2025-04-11T05:47:18,like
r0013411,post000912,u00237,2025-04-11T05:48:20,insightful
r0013412,post000879,u00158,2025-04-11T05:48:28,like
r0013413,post000902,u00352,2025-04-11T05:52:35,like
r0013414,post000903,u00197,2025-04-11T06:07:00,support
r0013415,post000920,u00380,2025-04-11T06:25:04,insightful
r0013416,post000938,u00225,2025-04-11T06:28:46,like
r0013417,post000889,u00067,2025-04-11T06:38:26,like
r0013418,post000923,u00369,2025-04-11T06:46:44,like
r0013419,post000938,u00210,2025-04-11T06:47:09,like
r0013420,post000915,u00089,2025-04-11T06:56:23,celebrate
r0013421,post000913,u00371,2025-04-11T06:57:51,like
r0013422,post000899,u00225,2025-04-11T06:58:33,like
r0013423,post000903,u00380,2025-04-11T07:03:12,insightful
r0013424,post000887,u00160,2025-04-11T07:03:17,like
r0013425,post000916,u00382,2025-04-11T07:25:32,like
r0013426,post000907,u00098,2025-04-11T07:34:47,like
r0013427,post000884,u00308,2025-04-11T07:36:37,like
r0013428,post000919,u00352,2025-04-11T07:38:27,support
r0013429,post000910,u00072,2025-04-11T07:38:57,insightful
r0013430,post000934,u00260,2025-04-11T07:39:16,like
r0013431,post000930,u00071,2025-04-11T07:40:04,like
r0013432,post000935,u00388,2025-04-11T07:41:33,like
r0013433,post000907,u00350,2025-04-11T07:42:33,like
r0013434,post000901,u00140,2025-04-11T07:43:10,like
r0013435,post000922,u00388,2025-04-11T07:51:07,support
r0013436,post000901,u00326,2025-04-11T07:52:17,celebrate
r0013437,post000900,u00192,2025-04-11T07:52:45,like
r0013438,post000923,u00321,2025-04-11T07:54:26,like
r0013439,post000893,u00343,2025-04-11T07:54:28,like
r0013440,post000922,u00276,2025-04-11T07:55:10,like
r0013441,post000892,u00055,2025-04-11T07:55:17,support
r0013442,post000904,u00048,2025-04-11T07:57:54,like
r0013443,post000883,u00265,2025-04-11T08:01:30,like
r0013444,post000923,u00171,2025-04-11T08:04:02,like
r0013445,post000904,u00024,2025-04-11T08:05:22,like
r0013446,post000885,u00249,2025-04-11T08:05:31,like
r0013447,post000893,u00015,2025-04-11T08:06:36,celebrate
r0013448,post000902,u00352,2025-04-11T08:09:49,like
r0013449,post000915,u00352,2025-04-11T08:12:42,insightful
r0013450,post000925,u00018,2025-04-11T08:13:56,like
r0013451,post000902,u00209,2025-04-11T08:13:58,celebrate
r0013452,post000939,u00210,2025-04-11T08:14:06,like
r0013453,post000909,u00274,2025-04-11T08:14:09,like
r0013454,post000916,u00176,2025-04-11T08:14:32,like
r0013455,post000904,u00343,2025-04-11T08:19:15,celebrate
r0013456,post000925,u00274,2025-04-11T08:21:37,insightful
r0013457,post000915,u00281,2025-04-11T08:27:47,like
r0013458,post000921,u00309,2025-04-11T08:32:31,like
r0013459,post000930,u00053,2025-04-11T08:32:32,like
r0013460,post000899,u00348,2025-04-11T08:40:13,support
r0013461,post000937,u00237,2025-04-11T08:42:56,like
r0013462,post000895,u00374,2025-04-11T08:43:46,like
r0013463,post000905,u00028,2025-04-11T08:45:42,like
r0013464,post000926,u00376,2025-04-11T08:51:17,like
r0013465,post000930,u00306,2025-04-11T08:54:34,support
r0013466,post000912,u00128,2025-04-11T08:54:48,like
r0013467,post000893,u00250,2025-04-11T09:01:36,like
r0013468,post000925,u00102,2025-04-11T09:04:41,like
r0013469,post000939,u00117,2025-04-11T09:05:24,like
r0013470,post000920,u00223,2025-04-11T09:06:57,like
r0013471,post000924,u00026,2025-04-11T09:12:06,like
r0013472,post000883,u00159,2025-04-11T09:14:00,like
r0013473,post000928,u00325,2025-04-11T09:14:36,insightful
r0013474,post000927,u00275,2025-04-11T09:16:05,like
r0013475,post000941,u00197,2025-04-11T09:18:41,support
r0013476,post000904,u00210,2025-04-11T09:18:59,support
r0013477,post000900,u00249,2025-04-11T09:23:25,like
r0013478,post000903,u00349,2025-04-11T09:24:48,celebrate
r0013479,post000937,u00215,2025-04-11T09:24:49,like
r0013480,post000902,u00024,2025-04-11T09:34:00,like
r0013481,post000889,u00187,2025-04-11T09:36:43,like
r0013482,post000941,u00099,2025-04-11T09:40:24,insightful
r0013483,post000884,u00369,2025-04-11T09:48:58,like
r0013484,post000921,u00350,2025-04-11T09:53:32,like
r0013485,post000921,u00046,2025-04-11T09:53:33,like
r0013486,post000899,u00211,2025-04-11T09:53:46,like
r0013487,post000908,u00112,2025-04-11T09:58:53,like
r0013488,post000912,u00098,2025-04-11T09:59:05,support
r0013489,post000921,u00306,2025-04-11T10:01:28,insightful
r0013490,post000907,u00275,2025-04-11T10:10:43,like
r0013491,post000908,u00128,2025-04-11T10:12:21,like
r0013492,post000912,u00326,2025-04-11T10:17:12,like
r0013493,post000887,u00117,2025-04-11T10:17:34,support
r0013494,post000893,u00048,2025-04-11T10:20:17,like
r0013495,post000911,u00260,2025-04-11T10:22:27,like
r0013496,post000908,u00048,2025-04-11T10:24:34,like
r0013497,post000910,u00291,2025-04-11T10:24:53,celebrate
r0013498,post000920,u00176,2025-04-11T10:28:36,like
r0013499,post000928,u00203,2025-04-11T10:29:29,celebrate
r0013500,post000928,u00352,2025-04-11T10:31:50,like
r0013501,post000919,u00032,2025-04-11T10:36:26,like
r0013502,post000921,u00284,2025-04-11T10:36:29,celebrate
r0013503,post000894,u00159,2025-04-11T10:39:26,support
r0013504,post000927,u00071,2025-04-11T10:41:10,like
r0013505,post000916,u00262,2025-04-11T10:43:58,like
r0013506,post000891,u00033,2025-04-11T10:44:27,like
r0013507,post000932,u00181,2025-04-11T10:44:57,like
r0013508,post000888,u00179,2025-04-11T10:45:14,support
r0013509,post000937,u00240,2025-04-11T10:46:15,celebrate
r0013510,post000938,u00390,2025-04-11T10:46:36,insightful
r0013511,post000937,u00267,2025-04-11T10:46:44,like
r0013512,post000914,u00033,2025-04-11T10:55:10,like
r0013513,post000930,u00193,2025-04-11T10:55:39,like
r0013514,post000936,u00048,2025-04-11T10:58:02,like
r0013515,post000922,u00023,2025-04-11T10:58:35,like
r0013516,post000895,u00181,2025-04-11T11:01:01,support
r0013517,post000939,u00351,2025-04-11T11:03:47,support
r0013518,post000893,u00196,2025-04-11T11:04:31,celebrate
r0013519,post000915,u00251,2025-04-11T11:06:03,like
r0013520,post000900,u00339,2025-04-11T11:08:51,like
r0013521,post000909,u00268,2025-04-11T11:08:54,celebrate
r0013522,post000935,u00112,2025-04-11T11:12:59,like
r0013523,post000912,u00269,2025-04-11T11:14:14,like
r0013524,post000888,u00025,2025-04-11T11:17:11,like
r0013525,post000900,u00341,2025-04-11T11:19:45,like
r0013526,post000891,u00337,2025-04-11T11:26:57,support
r0013527,post000889,u00369,2025-04-11T11:27:07,like
r0013528,post000892,u00156,2025-04-11T11:31:14,like
r0013529,post000923,u00054,2025-04-11T11:31:21,celebrate
r0013530,post000942,u00006,2025-04-11T11:32:15,like
r0013531,post000943,u00112,2025-04-11T11:33:42,like
r0013532,post000921,u00175,2025-04-11T11:35:21,like
r0013533,post000916,u00176,2025-04-11T11:37:30,like
r0013534,post000941,u00237,2025-04-11T11:38:29,like
r0013535,post000927,u00196,2025-04-11T11:38:51,like
r0013536,post000931,u00128,2025-04-11T11:39:48,like
r0013537,post000940,u00028,2025-04-11T11:41:57,celebrate
r0013538,post000908,u00300,2025-04-11T11:47:26,like
r0013539,post000907,u00358,2025-04-11T11:47:44,insightful
r0013540,post000895,u00333,2025-04-11T11:50:16,like
r0013541,post000901,u00071,2025-04-11T11:53:25,like
r0013542,post000938,u00366,2025-04-11T11:53:39,like
r0013543,post000894,u00121,2025-04-11T11:56:09,like
r0013544,post000930,u00089,2025-04-11T12:02:36,like
r0013545,post000905,u00339,2025-04-11T12:03:14,support
r0013546,post000899,u00249,2025-04-11T12:03:52,like
r0013547,post000891,u00384,2025-04-11T12:04:05,insightful
r0013548,post000912,u00026,2025-04-11T12:04:12,like
r0013549,post000911,u00117,2025-04-11T12:08:15,like
r0013550,post000917,u00006,2025-04-11T12:17:47,like
r0013551,post000897,u00187,2025-04-11T12:20:54,like
r0013552,post000947,u00250,2025-04-11T12:21:28,like
r0013553,post000891,u00053,2025-04-11T12:22:55,like
r0013554,post000945,u00249,2025-04-11T12:27:21,like
r0013555,post000897,u00179,2025-04-11T12:31:51,like
r0013556,post000894,u00086,2025-04-11T12:32:20,like
r0013557,post000919,u00397,2025-04-11T12:32:31,like
r0013558,post000923,u00383,2025-04-11T12:32:34,support
r0013559,post000917,u00129,2025-04-11T12:35:24,like
r0013560,post000916,u00129,2025-04-11T12:36:55,like
r0013561,post000919,u00262,2025-04-11T12:37:48,like
r0013562,post000894,u00235,2025-04-11T12:38:54,celebrate
r0013563,post000920,u00193,2025-04-11T12:42:39,insightful
r0013564,post000909,u00067,2025-04-11T12:43:48,like
r0013565,post000910,u00367,2025-04-11T12:47:32,like
r0013566,post000920,u00306,2025-04-11T12:48:48,like
r0013567,post000906,u00272,2025-04-11T12:50:08,like
r0013568,post000892,u00071,2025-04-11T12:52:34,like
r0013569,post000910,u00196,2025-04-11T12:58:39,celebrate
r0013570,post000927,u00265,2025-04-11T12:59:25,like
r0013571,post000922,u00237,2025-04-11T13:02:41,support
r0013572,post000924,u00339,2025-04-11T13:03:23,like
r0013573,post000937,u00339,2025-04-11T13:05:17,like
r0013574,post000907,u00339,2025-04-11T13:10:05,like
r0013575,post000920,u00237,2025-04-11T13:12:04,support
r0013576,post000933,u00256,2025-04-11T13:12:09,like
r0013577,post000895,u00251,2025-04-11T13:15:06,like
r0013578,post000908,u00114,2025-04-11T13:18:35,like
r0013579,post000915,u00374,2025-04-11T13:18:58,like
r0013580,post000928,u00203,2025-04-11T13:26:07,like
r0013581,post000919,u00057,2025-04-11T13:26:20,celebrate
r0013582,post000925,u00224,2025-04-11T13:27:14,like
r0013583,post000929,u00395,2025-04-11T13:28:55,like
r0013584,post000941,u00306,2025-04-11T13:29:55,support
r0013585,post000899,u00092,2025-04-11T13:38:50,like
r0013586,post000929,u00308,2025-04-11T13:45:00,insightful
r0013587,post000914,u00225,2025-04-11T13:45:41,like
r0013588,post000909,u00096,2025-04-11T13:53:30,like
r0013589,post000908,u00032,2025-04-11T13:53:58,like
r0013590,post000900,u00281,2025-04-11T13:54:49,like
r0013591,post000916,u00052,2025-04-11T13:55:53,like
r0013592,post000921,u00117,2025-04-11T14:05:17,like
r0013593,post000907,u00384,2025-04-11T14:06:18,insightful
r0013594,post000898,u00158,2025-04-11T14:08:10,support
r0013595,post000916,u00048,2025-04-11T14:12:57,like
r0013596,post000892,u00362,2025-04-11T14:17:00,like
r0013597,post000936,u00196,2025-04-11T14:17:13,like
r0013598,post000897,u00055,2025-04-11T14:29:20,like
r0013599,post000932,u00120,2025-04-11T14:32:43,celebrate
r0013600,post000926,u00150,2025-04-11T14:39:12,like
r0013601,post000921,u00252,2025-04-11T14:39:57,support
r0013602,post000939,u00350,2025-04-11T14:42:52,celebrate
r0013603,post000945,u00030,2025-04-11T14:42:57,support
r0013604,post000940,u00224,2025-04-11T14:47:19,like
r0013605,post000928,u00117,2025-04-11T14:47:30,like
r0013606,post000894,u00340,2025-04-11T14:47:34,like
r0013607,post000890,u00235,2025-04-11T14:48:11,like
r0013608,post000944,u00054,2025-04-11T14:48:28,insightful
r0013609,post000943,u00201,2025-04-11T14:51:12,like
r0013610,post000937,u00069,2025-04-11T14:51:40,insightful
r0013611,post000936,u00348,2025-04-11T14:52:28,like
r0013612,post000946,u00235,2025-04-11T14:59:27,insightful
r0013613,post000946,u00281,2025-04-11T14:59:32,support
r0013614,post000933,u00132,2025-04-11T15:08:16,celebrate
r0013615,post000898,u00306,2025-04-11T15:08:26,like
r0013616,post000922,u00240,2025-04-11T15:10:21,insightful
r0013617,post000913,u00168,2025-04-11T15:10:55,like
r0013618,post000901,u00274,2025-04-11T15:13:31,like
r0013619,post000901,u00249,2025-04-11T15:13:51,like
r0013620,post000897,u00132,2025-04-11T15:19:07,celebrate
r0013621,post000900,u00029,2025-04-11T15:19:59,like
r0013622,post000902,u00024,2025-04-11T15:21:36,like
r0013623,post000946,u00178,2025-04-11T15:22:17,support
r0013624,post000901,u00338,2025-04-11T15:31:53,like
r0013625,post000902,u00264,2025-04-11T15:36:00,like
r0013626,post000946,u00192,2025-04-11T15:36:20,like
r0013627,post000893,u00362,2025-04-11T15:38:48,like
r0013628,post000940,u00350,2025-04-11T15:44:23,like
r0013629,post000946,u00060,2025-04-11T15:47:50,like
r0013630,post000919,u00274,2025-04-11T15:49:50,celebrate
r0013631,post000934,u00243,2025-04-11T15:52:13,like
r0013632,post000943,u00015,2025-04-11T15:58:42,like
r0013633,post000936,u00360,2025-04-11T16:01:45,like
r0013634,post000927,u00353,2025-04-11T16:03:44,like
r0013635,post000906,u00244,2025-04-11T16:05:19,like
r0013636,post000940,u00159,2025-04-11T16:18:27,like
r0013637,post000895,u00265,2025-04-11T16:23:40,like
r0013638,post000933,u00034,2025-04-11T16:27:19,like
r0013639,post000947,u00326,2025-04-11T16:27:42,insightful
r0013640,post000912,u00140,2025-04-11T16:29:40,like
r0013641,post000941,u00318,2025-04-11T16:31:10,like
r0013642,post000906,u00326,2025-04-11T16:41:01,like
r0013643,post000944,u00281,2025-04-11T16:52:50,like
r0013644,post000951,u00387,2025-04-11T17:08:33,like
r0013645,post000928,u00375,2025-04-11T17:18:43,like
r0013646,post000946,u00268,2025-04-11T17:22:12,like
r0013647,post000948,u00340,2025-04-11T17:39:18,support
r0013648,post000932,u00020,2025-04-11T17:41:37,like
r0013649,post000935,u00096,2025-04-11T17:47:47,like
r0013650,post000911,u00230,2025-04-11T17:56:25,like
r0013651,post000897,u00274,2025-04-11T18:01:48,like
r0013652,post000912,u00233,2025-04-11T18:21:40,like
r0013653,post000945,u00148,2025-04-11T18:23:16,like
r0013654,post000909,u00088,2025-04-11T18:27:55,like
r0013655,post000917,u00037,2025-04-11T18:57:52,celebrate
r0013656,post000895,u00395,2025-04-11T19:03:20,like
r0013657,post000918,u00265,2025-04-11T19:06:17,like
r0013658,post000935,u00371,2025-04-11T19:29:07,like
r0013659,post000895,u00291,2025-04-11T19:46:45,insightful
r0013660,post000942,u00078,2025-04-11T19:51:56,like
r0013661,post000933,u00120,2025-04-11T19:54:44,like
r0013662,post000904,u00069,2025-04-11T19:56:58,like
r0013663,post000914,u00053,2025-04-11T20:02:44,like
r0013664,post000938,u00291,2025-04-11T20:05:53,like
r0013665,post000895,u00350,2025-04-11T20:06:11,like
r0013666,post000905,u00271,2025-04-11T20:11:52,support
r0013667,post000943,u00291,2025-04-11T20:17:26,like
r0013668,post000931,u00367,2025-04-11T20:18:12,support
r0013669,post000912,u00312,2025-04-11T20:22:26,like
r0013670,post000951,u00249,2025-04-11T20:35:47,like
r0013671,post000910,u00256,2025-04-11T20:39:12,support
r0013672,post000910,u00252,2025-04-11T20:44:35,like
r0013673,post000906,u00094,2025-04-11T20:47:32,like
r0013674,post000938,u00360,2025-04-11T20:58:47,insightful
r0013675,post000937,u00209,2025-04-11T21:00:51,like
r0013676,post000929,u00150,2025-04-11T21:03:41,like
r0013677,post000898,u00067,2025-04-11T21:04:22,insightful
r0013678,post000900,u00108,2025-04-11T21:13:42,insightful
r0013679,post000912,u00053,2025-04-11T21:22:27,like
r0013680,post000896,u00003,2025-04-11T21:28:40,like
r0013681,post000946,u00117,2025-04-11T21:36:59,celebrate
r0013682,post000944,u00037,2025-04-11T21:45:10,like
r0013683,post000915,u00304,2025-04-11T21:48:57,like
r0013684,post000941,u00160,2025-04-11T21:52:39,like
r0013685,post000895,u00154,2025-04-11T21:55:51,like
r0013686,post000943,u00052,2025-04-11T21:57:44,like
r0013687,post000920,u00190,2025-04-11T22:05:32,like
r0013688,post000903,u00067,2025-04-11T22:05:46,like
r0013689,post000938,u00271,2025-04-11T22:07:59,like
r0013690,post000936,u00339,2025-04-11T22:11:33,like
r0013691,post000943,u00079,2025-04-11T22:29:57,like
r0013692,post000917,u00051,2025-04-11T22:30:19,like
r0013693,post000926,u00331,2025-04-11T22:44:42,insightful
r0013694,post000941,u00209,2025-04-11T22:51:51,support
r0013695,post000948,u00032,2025-04-11T23:02:05,like
r0013696,post000918,u00384,2025-04-11T23:04:11,like
r0013697,post000935,u00225,2025-04-11T23:05:13,insightful
r0013698,post000926,u00281,2025-04-11T23:10:13,like
r0013699,post000928,u00046,2025-04-11T23:19:52,like
r0013700,post000945,u00090,2025-04-11T23:21:32,support
r0013701,post000912,u00055,2025-04-11T23:21:45,like
r0013702,post000943,u00265,2025-04-11T23:25:29,insightful
r0013703,post000903,u00187,2025-04-11T23:35:54,like
r0013704,post000913,u00390,2025-04-11T23:54:52,like
r0013705,post000918,u00329,2025-04-12T00:16:05,like
r0013706,post000951,u00241,2025-04-12T00:54:09,like
r0013707,post000916,u00157,2025-04-12T01:06:16,like
r0013708,post000949,u00102,2025-04-12T01:13:32,insightful
r0013709,post000943,u00129,2025-04-12T01:17:03,like
r0013710,post000941,u00245,2025-04-12T01:29:19,support
r0013711,post000928,u00148,2025-04-12T01:31:32,like
r0013712,post000912,u00344,2025-04-12T01:55:02,celebrate
r0013713,post000917,u00215,2025-04-12T02:03:21,like
r0013714,post000953,u00188,2025-04-12T02:04:13,like
r0013715,post000936,u00159,2025-04-12T02:15:01,like
r0013716,post000930,u00114,2025-04-12T02:19:57,like
r0013717,post000931,u00157,2025-04-12T02:25:05,like
r0013718,post000900,u00006,2025-04-12T02:26:18,like
r0013719,post000915,u00235,2025-04-12T02:31:04,like
r0013720,post000927,u00241,2025-04-12T02:50:26,celebrate
r0013721,post000937,u00329,2025-04-12T03:10:33,like
r0013722,post000954,u00209,2025-04-12T03:17:22,like
r0013723,post000928,u00141,2025-04-12T03:25:47,like
r0013724,post000925,u00006,2025-04-12T03:29:03,insightful
r0013725,post000940,u00337,2025-04-12T03:46:47,like
r0013726,post000909,u00159,2025-04-12T04:17:36,like
r0013727,post000902,u00102,2025-04-12T04:20:17,like
r0013728,post000922,u00370,2025-04-12T04:27:07,support
r0013729,post000926,u00159,2025-04-12T04:31:00,like
r0013730,post000900,u00150,2025-04-12T04:36:04,like
r0013731,post000929,u00370,2025-04-12T04:36:22,like
r0013732,post000924,u00053,2025-04-12T04:42:50,like
r0013733,post000922,u00393,2025-04-12T05:02:29,like
r0013734,post000908,u00185,2025-04-12T05:06:58,celebrate
r0013735,post000930,u00067,2025-04-12T05:15:39,like
r0013736,post000912,u00185,2025-04-12T05:22:34,like
r0013737,post000936,u00099,2025-04-12T05:22:53,like
r0013738,post000949,u00018,2025-04-12T05:29:47,like
r0013739,post000940,u00205,2025-04-12T05:38:31,like
r0013740,post000926,u00317,2025-04-12T05:56:31,like
r0013741,post000898,u00150,2025-04-12T06:23:42,like
r0013742,post000903,u00006,2025-04-12T06:35:14,support
r0013743,post000936,u00380,2025-04-12T06:45:13,like
r0013744,post000952,u00053,2025-04-12T06:47:59,support
r0013745,post000943,u00344,2025-04-12T07:26:16,like
r0013746,post000908,u00192,2025-04-12T07:30:41,like
r0013747,post000917,u00281,2025-04-12T07:32:50,like
r0013748,post000912,u00393,2025-04-12T07:54:22,like
r0013749,post000935,u00348,2025-04-12T07:54:35,support
r0013750,post000937,u00241,2025-04-12T08:00:39,like
r0013751,post000918,u00053,2025-04-12T08:03:50,support
r0013752,post000917,u00098,2025-04-12T08:10:28,like
r0013753,post000938,u00098,2025-04-12T08:12:49,like
r0013754,post000919,u00215,2025-04-12T08:13:39,like
r0013755,post000920,u00101,2025-04-12T08:22:02,like
r0013756,post000916,u00348,2025-04-12T08:23:56,like
r0013757,post000932,u00384,2025-04-12T08:29:32,insightful
r0013758,post000951,u00224,2025-04-12T08:31:25,celebrate
r0013759,post000952,u00187,2025-04-12T08:32:58,like
r0013760,post000951,u00238,2025-04-12T08:33:56,support
r0013761,post000908,u00243,2025-04-12T08:36:48,support
r0013762,post000953,u00337,2025-04-12T08:40:35,like
r0013763,post000916,u00185,2025-04-12T08:41:04,celebrate
r0013764,post000901,u00187,2025-04-12T08:42:33,insightful
r0013765,post000904,u00313,2025-04-12T08:42:58,like
r0013766,post000929,u00337,2025-04-12T08:44:55,like
r0013767,post000923,u00277,2025-04-12T08:46:00,support
r0013768,post000940,u00079,2025-04-12T08:46:15,like
r0013769,post000909,u00006,2025-04-12T08:52:20,like
r0013770,post000899,u00241,2025-04-12T08:56:34,celebrate
r0013771,post000934,u00311,2025-04-12T09:00:16,support
r0013772,post000917,u00280,2025-04-12T09:03:29,like
r0013773,post000907,u00255,2025-04-12T09:07:45,like
r0013774,post000958,u00300,2025-04-12T09:12:45,celebrate
r0013775,post000916,u00124,2025-04-12T09:14:14,insightful
r0013776,post000923,u00101,2025-04-12T09:17:47,insightful
r0013777,post000941,u00329,2025-04-12T09:18:02,celebrate
r0013778,post000958,u00079,2025-04-12T09:18:21,like
r0013779,post000917,u00281,2025-04-12T09:21:49,like
r0013780,post000936,u00118,2025-04-12T09:23:44,like
r0013781,post000922,u00179,2025-04-12T09:25:40,like
r0013782,post000915,u00380,2025-04-12T09:27:57,support
r0013783,post000921,u00350,2025-04-12T09:31:13,celebrate
r0013784,post000914,u00199,2025-04-12T09:40:32,celebrate
r0013785,post000954,u00185,2025-04-12T09:43:05,insightful
r0013786,post000919,u00070,2025-04-12T09:43:08,celebrate
r0013787,post000938,u00124,2025-04-12T09:48:27,like
r0013788,post000939,u00390,2025-04-12T09:49:34,like
r0013789,post000913,u00010,2025-04-12T09:52:41,like
r0013790,post000903,u00055,2025-04-12T09:54:16,like
r0013791,post000957,u00050,2025-04-12T09:54:42,insightful
r0013792,post000912,u00047,2025-04-12T10:03:08,like
r0013793,post000931,u00199,2025-04-12T10:04:59,like
r0013794,post000901,u00042,2025-04-12T10:06:01,like
r0013795,post000909,u00281,2025-04-12T10:11:57,like
r0013796,post000901,u00173,2025-04-12T10:12:14,like
r0013797,post000958,u00067,2025-04-12T10:13:51,celebrate
r0013798,post000923,u00165,2025-04-12T10:14:54,like
r0013799,post000943,u00050,2025-04-12T10:18:31,like
r0013800,post000938,u00009,2025-04-12T10:18:42,like
r0013801,post000900,u00221,2025-04-12T10:20:00,celebrate
r0013802,post000957,u00313,2025-04-12T10:24:13,support
r0013803,post000924,u00314,2025-04-12T10:24:55,celebrate
r0013804,post000959,u00023,2025-04-12T10:27:39,like
r0013805,post000946,u00329,2025-04-12T10:29:26,like
r0013806,post000924,u00300,2025-04-12T10:30:34,like
r0013807,post000920,u00395,2025-04-12T10:34:33,like
r0013808,post000951,u00390,2025-04-12T10:35:01,like
r0013809,post000940,u00006,2025-04-12T10:38:14,like
r0013810,post000949,u00348,2025-04-12T10:38:56,support
r0013811,post000912,u00096,2025-04-12T10:44:11,insightful
r0013812,post000953,u00277,2025-04-12T10:55:09,like
r0013813,post000900,u00280,2025-04-12T10:55:29,like
r0013814,post000943,u00226,2025-04-12T11:00:21,like
r0013815,post000945,u00296,2025-04-12T11:14:26,support
r0013816,post000938,u00157,2025-04-12T11:15:08,like
r0013817,post000921,u00154,2025-04-12T11:15:54,like
r0013818,post000933,u00281,2025-04-12T11:18:50,like
r0013819,post000915,u00281,2025-04-12T11:23:39,celebrate
r0013820,post000928,u00011,2025-04-12T11:29:08,like
r0013821,post000902,u00126,2025-04-12T11:30:32,like
r0013822,post000902,u00215,2025-04-12T11:31:37,insightful
r0013823,post000943,u00369,2025-04-12T11:37:05,like
r0013824,post000944,u00384,2025-04-12T11:46:54,celebrate
r0013825,post000926,u00245,2025-04-12T11:50:33,like
r0013826,post000943,u00119,2025-04-12T11:55:27,insightful
r0013827,post000922,u00011,2025-04-12T11:59:30,like
r0013828,post000952,u00344,2025-04-12T12:04:10,like
r0013829,post000920,u00369,2025-04-12T12:05:01,insightful
r0013830,post000916,u00114,2025-04-12T12:12:41,like
r0013831,post000921,u00369,2025-04-12T12:14:19,like
r0013832,post000955,u00350,2025-04-12T12:22:02,celebrate
r0013833,post000907,u00070,2025-04-12T12:22:28,support
r0013834,post000959,u00215,2025-04-12T12:25:46,insightful
r0013835,post000910,u00264,2025-04-12T12:25:55,like
r0013836,post000958,u00045,2025-04-12T12:29:57,like
r0013837,post000951,u00351,2025-04-12T12:31:16,like
r0013838,post000910,u00212,2025-04-12T12:31:42,like
r0013839,post000937,u00160,2025-04-12T12:47:37,like
r0013840,post000932,u00096,2025-04-12T12:47:55,support
r0013841,post000956,u00129,2025-04-12T12:52:44,like
r0013842,post000913,u00187,2025-04-12T13:02:15,insightful
r0013843,post000904,u00129,2025-04-12T13:04:51,insightful
r0013844,post000923,u00313,2025-04-12T13:07:58,like
r0013845,post000919,u00294,2025-04-12T13:09:34,like
r0013846,post000944,u00018,2025-04-12T13:11:09,celebrate
r0013847,post000928,u00193,2025-04-12T13:11:32,like
r0013848,post000927,u00390,2025-04-12T13:12:56,like
r0013849,post000918,u00342,2025-04-12T13:15:29,like
r0013850,post000907,u00096,2025-04-12T13:20:06,like
r0013851,post000904,u00212,2025-04-12T13:20:40,support
r0013852,post000913,u00264,2025-04-12T13:20:46,like
r0013853,post000952,u00028,2025-04-12T13:25:00,like
r0013854,post000908,u00050,2025-04-12T13:29:16,celebrate
r0013855,post000953,u00351,2025-04-12T13:29:49,support
r0013856,post000955,u00191,2025-04-12T13:30:21,like
r0013857,post000933,u00314,2025-04-12T13:32:02,support
r0013858,post000959,u00264,2025-04-12T13:33:24,like
r0013859,post000922,u00236,2025-04-12T13:34:31,like
r0013860,post000960,u00371,2025-04-12T13:36:38,like
r0013861,post000945,u00055,2025-04-12T13:42:04,like
r0013862,post000938,u00193,2025-04-12T13:51:14,like
r0013863,post000941,u00273,2025-04-12T13:51:18,celebrate
r0013864,post000960,u00061,2025-04-12T13:52:36,like
r0013865,post000921,u00078,2025-04-12T13:53:45,insightful
r0013866,post000959,u00360,2025-04-12T14:08:42,like
r0013867,post000936,u00101,2025-04-12T14:10:40,like
r0013868,post000917,u00004,2025-04-12T14:11:59,like
r0013869,post000930,u00037,2025-04-12T14:12:02,celebrate
r0013870,post000948,u00360,2025-04-12T14:13:34,like
r0013871,post000944,u00281,2025-04-12T14:28:56,like
r0013872,post000948,u00371,2025-04-12T14:38:00,like
r0013873,post000921,u00226,2025-04-12T14:38:50,insightful
r0013874,post000938,u00185,2025-04-12T14:39:24,celebrate
r0013875,post000908,u00187,2025-04-12T14:41:22,like
r0013876,post000928,u00236,2025-04-12T14:47:54,like
r0013877,post000956,u00313,2025-04-12T14:48:01,like
r0013878,post000919,u00374,2025-04-12T14:52:15,support
r0013879,post000959,u00073,2025-04-12T14:53:03,like
r0013880,post000949,u00107,2025-04-12T14:55:20,insightful
r0013881,post000915,u00137,2025-04-12T15:01:53,like
r0013882,post000922,u00074,2025-04-12T15:05:12,like
r0013883,post000926,u00098,2025-04-12T15:06:02,support
r0013884,post000938,u00159,2025-04-12T15:09:08,celebrate
r0013885,post000918,u00344,2025-04-12T15:13:45,like
r0013886,post000949,u00102,2025-04-12T15:22:11,support
r0013887,post000960,u00009,2025-04-12T15:22:38,insightful
r0013888,post000961,u00126,2025-04-12T15:27:23,like
r0013889,post000918,u00159,2025-04-12T15:31:11,like
r0013890,post000911,u00159,2025-04-12T15:32:15,celebrate
r0013891,post000946,u00235,2025-04-12T15:49:02,like
r0013892,post000938,u00221,2025-04-12T15:51:04,like
r0013893,post000958,u00353,2025-04-12T16:06:30,celebrate
r0013894,post000912,u00241,2025-04-12T16:09:17,like
r0013895,post000951,u00255,2025-04-12T16:12:55,like
r0013896,post000920,u00006,2025-04-12T16:15:05,like
r0013897,post000956,u00101,2025-04-12T16:16:02,like
r0013898,post000946,u00174,2025-04-12T16:23:34,insightful
r0013899,post000957,u00306,2025-04-12T16:33:38,support
r0013900,post000964,u00221,2025-04-12T16:37:55,like
r0013901,post000957,u00188,2025-04-12T16:39:18,support
r0013902,post000917,u00078,2025-04-12T16:39:54,insightful
r0013903,post000963,u00053,2025-04-12T16:45:55,like
r0013904,post000928,u00321,2025-04-12T16:49:04,like
r0013905,post000914,u00085,2025-04-12T17:08:46,like
r0013906,post000924,u00209,2025-04-12T17:15:12,like
r0013907,post000962,u00281,2025-04-12T17:32:05,like
r0013908,post000938,u00099,2025-04-12T17:51:55,like
r0013909,post000955,u00053,2025-04-12T17:53:01,like
r0013910,post000938,u00085,2025-04-12T18:24:56,celebrate
r0013911,post000945,u00374,2025-04-12T19:00:45,like
r0013912,post000934,u00264,2025-04-12T19:02:02,like
r0013913,post000966,u00158,2025-04-12T19:09:11,like
r0013914,post000958,u00170,2025-04-12T19:11:36,like
r0013915,post000950,u00159,2025-04-12T19:11:59,like
r0013916,post000911,u00258,2025-04-12T20:27:49,like
r0013917,post000940,u00146,2025-04-12T20:32:58,like
r0013918,post000942,u00128,2025-04-12T20:34:16,like
r0013919,post000960,u00314,2025-04-12T20:50:36,like
r0013920,post000949,u00209,2025-04-12T20:55:31,celebrate
r0013921,post000927,u00096,2025-04-12T21:00:01,celebrate
r0013922,post000949,u00330,2025-04-12T21:06:14,like
r0013923,post000953,u00159,2025-04-12T21:07:28,like
r0013924,post000932,u00317,2025-04-12T21:26:00,support
r0013925,post000938,u00384,2025-04-12T22:24:03,like
r0013926,post000942,u00028,2025-04-12T22:25:51,like
r0013927,post000928,u00055,2025-04-12T22:34:10,like
r0013928,post000949,u00287,2025-04-12T22:37:20,like
r0013929,post000924,u00251,2025-04-12T23:03:23,like
r0013930,post000921,u00099,2025-04-12T23:15:10,like
r0013931,post000939,u00192,2025-04-12T23:21:16,like
r0013932,post000924,u00329,2025-04-12T23:38:49,support
r0013933,post000924,u00159,2025-04-12T23:46:16,like
r0013934,post000924,u00317,2025-04-12T23:54:53,like
r0013935,post000968,u00255,2025-04-13T00:10:36,like
r0013936,post000953,u00249,2025-04-13T00:32:06,like
r0013937,post000945,u00050,2025-04-13T00:44:38,like
r0013938,post000929,u00159,2025-04-13T01:00:23,like
r0013939,post000969,u00346,2025-04-13T01:00:26,like
r0013940,post000913,u00187,2025-04-13T01:14:05,like
r0013941,post000945,u00234,2025-04-13T01:20:27,like
r0013942,post000967,u00285,2025-04-13T01:22:53,celebrate
r0013943,post000960,u00185,2025-04-13T01:37:53,like
r0013944,post000947,u00350,2025-04-13T01:41:14,like
r0013945,post000926,u00329,2025-04-13T02:21:43,support
r0013946,post000963,u00168,2025-04-13T02:24:27,like
r0013947,post000950,u00281,2025-04-13T02:25:15,like
r0013948,post000939,u00249,2025-04-13T03:09:54,like
r0013949,post000920,u00341,2025-04-13T03:26:49,like
r0013950,post000915,u00325,2025-04-13T03:28:01,like
r0013951,post000941,u00369,2025-04-13T03:33:26,like
r0013952,post000956,u00131,2025-04-13T03:33:33,support
r0013953,post000934,u00283,2025-04-13T03:37:41,like
r0013954,post000915,u00146,2025-04-13T03:52:30,like
r0013955,post000960,u00218,2025-04-13T04:10:39,like
r0013956,post000941,u00294,2025-04-13T04:49:57,like
r0013957,post000913,u00144,2025-04-13T04:58:06,like
r0013958,post000953,u00105,2025-04-13T05:12:54,like
r0013959,post000930,u00249,2025-04-13T05:29:24,like
r0013960,post000926,u00282,2025-04-13T05:51:07,like
r0013961,post000962,u00224,2025-04-13T06:04:30,insightful
r0013962,post000952,u00011,2025-04-13T06:12:33,like
r0013963,post000912,u00159,2025-04-13T06:20:54,like
r0013964,post000926,u00328,2025-04-13T06:21:07,like
r0013965,post000912,u00369,2025-04-13T06:32:03,like
r0013966,post000961,u00034,2025-04-13T06:51:18,support
r0013967,post000937,u00168,2025-04-13T07:00:38,like
r0013968,post000967,u00299,2025-04-13T07:22:26,like
r0013969,post000919,u00314,2025-04-13T07:23:35,insightful
r0013970,post000920,u00061,2025-04-13T07:32:12,insightful
r0013971,post000931,u00178,2025-04-13T07:33:29,like
r0013972,post000953,u00286,2025-04-13T07:40:54,like
r0013973,post000958,u00245,2025-04-13T07:45:02,celebrate
r0013974,post000953,u00163,2025-04-13T07:45:44,like
r0013975,post000958,u00210,2025-04-13T07:48:13,like
r0013976,post000967,u00255,2025-04-13T07:55:35,like
r0013977,post000938,u00242,2025-04-13T08:00:28,like
r0013978,post000947,u00311,2025-04-13T08:03:51,like
r0013979,post000940,u00317,2025-04-13T08:07:06,like
r0013980,post000921,u00099,2025-04-13T08:07:17,celebrate
r0013981,post000945,u00187,2025-04-13T08:10:11,like
r0013982,post000947,u00178,2025-04-13T08:13:39,insightful
r0013983,post000963,u00341,2025-04-13T08:13:45,like
r0013984,post000957,u00210,2025-04-13T08:14:07,like
r0013985,post000949,u00037,2025-04-13T08:23:53,like
r0013986,post000949,u00096,2025-04-13T08:24:25,like
r0013987,post000936,u00300,2025-04-13T08:26:43,celebrate
r0013988,post000920,u00272,2025-04-13T08:39:16,insightful
r0013989,post000935,u00377,2025-04-13T08:39:17,insightful
r0013990,post000948,u00328,2025-04-13T08:42:26,like
r0013991,post000920,u00350,2025-04-13T08:42:26,support
r0013992,post000962,u00350,2025-04-13T08:44:39,like
r0013993,post000962,u00272,2025-04-13T08:46:38,like
r0013994,post000958,u00350,2025-04-13T08:48:39,like
r0013995,post000934,u00013,2025-04-13T08:53:32,like
r0013996,post000934,u00300,2025-04-13T08:56:41,support
r0013997,post000938,u00178,2025-04-13T08:58:27,like
r0013998,post000968,u00156,2025-04-13T08:59:21,like
r0013999,post000949,u00159,2025-04-13T09:02:07,like
r0014000,post000927,u00351,2025-04-13T09:07:56,like
r0014001,post000926,u00170,2025-04-13T09:09:37,like
r0014002,post000957,u00156,2025-04-13T09:10:13,like
r0014003,post000955,u00311,2025-04-13T09:11:25,like
r0014004,post000946,u00010,2025-04-13T09:29:24,like
r0014005,post000960,u00085,2025-04-13T09:30:41,like
r0014006,post000970,u00023,2025-04-13T09:30:59,like
r0014007,post000956,u00272,2025-04-13T09:41:20,like
r0014008,post000970,u00168,2025-04-13T09:43:09,like
r0014009,post000934,u00314,2025-04-13T09:45:16,celebrate
r0014010,post000963,u00159,2025-04-13T09:45:23,like
r0014011,post000921,u00281,2025-04-13T09:50:03,like
r0014012,post000953,u00277,2025-04-13T09:52:05,like
r0014013,post000953,u00276,2025-04-13T09:52:17,like
r0014014,post000934,u00046,2025-04-13T09:54:16,insightful
r0014015,post000937,u00170,2025-04-13T09:59:54,like
r0014016,post000941,u00050,2025-04-13T09:59:54,like
r0014017,post000921,u00300,2025-04-13T10:02:09,like
r0014018,post000920,u00163,2025-04-13T10:05:44,like
r0014019,post000959,u00272,2025-04-13T10:05:48,support
r0014020,post000938,u00350,2025-04-13T10:11:11,like
r0014021,post000971,u00264,2025-04-13T10:17:11,like
r0014022,post000963,u00121,2025-04-13T10:19:12,insightful
r0014023,post000926,u00245,2025-04-13T10:21:03,insightful
r0014024,post000943,u00351,2025-04-13T10:21:15,support
r0014025,post000949,u00238,2025-04-13T10:21:23,support
r0014026,post000934,u00251,2025-04-13T10:24:26,like
r0014027,post000925,u00105,2025-04-13T10:30:36,like
r0014028,post000949,u00203,2025-04-13T10:32:22,like
r0014029,post000921,u00224,2025-04-13T10:37:24,like
r0014030,post000942,u00346,2025-04-13T10:38:52,like
r0014031,post000934,u00159,2025-04-13T10:43:28,like
r0014032,post000965,u00168,2025-04-13T10:46:02,like
r0014033,post000934,u00340,2025-04-13T10:54:27,like
r0014034,post000929,u00211,2025-04-13T10:57:36,like
r0014035,post000924,u00015,2025-04-13T10:57:37,insightful
r0014036,post000918,u00255,2025-04-13T10:58:37,like
r0014037,post000932,u00050,2025-04-13T11:01:37,like
r0014038,post000964,u00159,2025-04-13T11:02:05,like
r0014039,post000970,u00185,2025-04-13T11:11:45,celebrate
r0014040,post000957,u00305,2025-04-13T11:23:05,like
r0014041,post000943,u00023,2025-04-13T11:26:54,like
r0014042,post000919,u00156,2025-04-13T11:27:43,support
r0014043,post000927,u00156,2025-04-13T11:33:42,insightful
r0014044,post000922,u00032,2025-04-13T11:49:36,like
r0014045,post000956,u00192,2025-04-13T11:51:40,celebrate
r0014046,post000932,u00050,2025-04-13T12:04:46,like
r0014047,post000966,u00329,2025-04-13T12:05:09,like
r0014048,post000926,u00285,2025-04-13T12:05:11,like
r0014049,post000973,u00310,2025-04-13T12:05:35,like
r0014050,post000969,u00351,2025-04-13T12:06:01,like
r0014051,post000948,u00199,2025-04-13T12:06:17,like
r0014052,post000928,u00314,2025-04-13T12:06:22,like
r0014053,post000970,u00156,2025-04-13T12:13:56,like
r0014054,post000958,u00146,2025-04-13T12:19:59,like
r0014055,post000975,u00211,2025-04-13T12:20:24,like
r0014056,post000950,u00211,2025-04-13T12:21:53,like
r0014057,post000922,u00311,2025-04-13T12:33:28,like
r0014058,post000930,u00079,2025-04-13T12:34:35,like
r0014059,post000934,u00251,2025-04-13T12:35:52,like
r0014060,post000937,u00341,2025-04-13T12:39:47,like
r0014061,post000933,u00299,2025-04-13T12:40:27,like
r0014062,post000937,u00045,2025-04-13T12:45:46,like
r0014063,post000929,u00218,2025-04-13T12:59:10,like
r0014064,post000955,u00133,2025-04-13T13:12:34,like
r0014065,post000930,u00053,2025-04-13T13:13:40,like
r0014066,post000947,u00350,2025-04-13T13:27:45,insightful
r0014067,post000929,u00317,2025-04-13T13:34:20,like
r0014068,post000926,u00185,2025-04-13T13:41:33,like
r0014069,post000921,u00156,2025-04-13T13:54:03,like
r0014070,post000948,u00166,2025-04-13T13:58:32,like
r0014071,post000953,u00053,2025-04-13T13:59:38,celebrate
r0014072,post000968,u00037,2025-04-13T14:01:48,celebrate
r0014073,post000945,u00347,2025-04-13T14:02:11,like
r0014074,post000965,u00281,2025-04-13T14:03:44,like
r0014075,post000929,u00166,2025-04-13T14:08:17,like
r0014076,post000924,u00300,2025-04-13T14:11:57,celebrate
r0014077,post000977,u00370,2025-04-13T14:16:05,like
r0014078,post000962,u00224,2025-04-13T14:24:59,insightful
r0014079,post000965,u00301,2025-04-13T14:26:30,celebrate
r0014080,post000929,u00011,2025-04-13T14:33:06,insightful
r0014081,post000944,u00163,2025-04-13T14:34:02,celebrate
r0014082,post000958,u00249,2025-04-13T14:41:04,like
r0014083,post000953,u00281,2025-04-13T14:41:30,like
r0014084,post000966,u00066,2025-04-13T15:01:59,like
r0014085,post000951,u00126,2025-04-13T15:04:30,like
r0014086,post000935,u00154,2025-04-13T15:05:16,like
r0014087,post000974,u00168,2025-04-13T15:14:13,insightful
r0014088,post000932,u00050,2025-04-13T15:14:30,like
r0014089,post000951,u00099,2025-04-13T15:18:49,like
r0014090,post000951,u00255,2025-04-13T15:23:36,insightful
r0014091,post000951,u00030,2025-04-13T15:33:14,celebrate
r0014092,post000952,u00032,2025-04-13T15:33:17,like
r0014093,post000976,u00066,2025-04-13T15:35:19,insightful
r0014094,post000949,u00055,2025-04-13T15:38:12,like
r0014095,post000943,u00074,2025-04-13T15:47:14,insightful
r0014096,post000960,u00159,2025-04-13T15:53:54,like
r0014097,post000966,u00178,2025-04-13T15:58:48,like
r0014098,post000968,u00026,2025-04-13T16:06:00,like
r0014099,post000923,u00224,2025-04-13T16:07:27,like
r0014100,post000955,u00299,2025-04-13T16:19:07,like
r0014101,post000946,u00009,2025-04-13T16:21:33,like
r0014102,post000976,u00156,2025-04-13T16:24:03,like
r0014103,post000953,u00340,2025-04-13T16:26:58,like
r0014104,post000961,u00192,2025-04-13T16:28:28,like
r0014105,post000958,u00340,2025-04-13T17:23:30,like
r0014106,post000960,u00159,2025-04-13T17:26:32,like
r0014107,post000958,u00156,2025-04-13T17:43:56,like
r0014108,post000935,u00370,2025-04-13T17:49:08,like
r0014109,post000974,u00236,2025-04-13T18:03:23,insightful
r0014110,post000961,u00272,2025-04-13T18:24:18,like
r0014111,post000969,u00156,2025-04-13T18:55:00,celebrate
r0014112,post000942,u00285,2025-04-13T19:06:08,like
r0014113,post000925,u00150,2025-04-13T19:55:38,support
r0014114,post000952,u00245,2025-04-13T19:57:22,insightful
r0014115,post000966,u00328,2025-04-13T19:58:10,like
r0014116,post000964,u00046,2025-04-13T20:03:06,celebrate
r0014117,post000957,u00051,2025-04-13T20:06:51,celebrate
r0014118,post000937,u00023,2025-04-13T20:09:16,like
r0014119,post000935,u00314,2025-04-13T20:12:24,insightful
r0014120,post000967,u00156,2025-04-13T20:21:11,like
r0014121,post000956,u00363,2025-04-13T20:21:52,like
r0014122,post000981,u00317,2025-04-13T20:30:49,like
r0014123,post000955,u00235,2025-04-13T20:53:18,like
r0014124,post000978,u00037,2025-04-13T20:54:45,insightful
r0014125,post000952,u00023,2025-04-13T20:57:20,like
r0014126,post000942,u00245,2025-04-13T21:03:15,like
r0014127,post000967,u00329,2025-04-13T21:28:42,support
r0014128,post000928,u00369,2025-04-13T21:35:17,like
r0014129,post000981,u00156,2025-04-13T21:52:16,like
r0014130,post000932,u00156,2025-04-13T22:00:53,support
r0014131,post000979,u00150,2025-04-13T22:04:31,like
r0014132,post000969,u00317,2025-04-13T22:12:54,like
r0014133,post000969,u00317,2025-04-13T22:29:46,like
r0014134,post000926,u00015,2025-04-13T22:37:15,insightful
r0014135,post000975,u00360,2025-04-13T22:50:46,like
r0014136,post000979,u00156,2025-04-13T23:00:36,like
r0014137,post000943,u00083,2025-04-13T23:14:22,support
r0014138,post000942,u00133,2025-04-13T23:14:44,like
r0014139,post000938,u00032,2025-04-13T23:17:48,like
r0014140,post000962,u00384,2025-04-13T23:50:05,like
